solid OpenSCAD_Model
  facet normal -0.989155 -0.146875 0
    outer loop
      vertex -19.5242 -14.689 0
      vertex -19.5487 -14.524 1.5
      vertex -19.5487 -14.524 0
    endloop
  endfacet
  facet normal -0.989155 -0.146875 0
    outer loop
      vertex -19.5487 -14.524 1.5
      vertex -19.5242 -14.689 0
      vertex -19.5242 -14.689 1.5
    endloop
  endfacet
  facet normal -0.998791 -0.0491602 0
    outer loop
      vertex -19.516 -14.8556 0
      vertex -19.5242 -14.689 1.5
      vertex -19.5242 -14.689 0
    endloop
  endfacet
  facet normal -0.998791 -0.0491602 0
    outer loop
      vertex -19.5242 -14.689 1.5
      vertex -19.516 -14.8556 0
      vertex -19.516 -14.8556 1.5
    endloop
  endfacet
  facet normal -0.970107 -0.242677 0
    outer loop
      vertex -19.5487 -14.524 0
      vertex -19.5892 -14.3621 1.5
      vertex -19.5892 -14.3621 0
    endloop
  endfacet
  facet normal -0.970107 -0.242677 0
    outer loop
      vertex -19.5892 -14.3621 1.5
      vertex -19.5487 -14.524 0
      vertex -19.5487 -14.524 1.5
    endloop
  endfacet
  facet normal -0.998792 0.0491308 0
    outer loop
      vertex -19.5242 -15.0223 0
      vertex -19.516 -14.8556 1.5
      vertex -19.516 -14.8556 0
    endloop
  endfacet
  facet normal -0.998792 0.0491308 0
    outer loop
      vertex -19.516 -14.8556 1.5
      vertex -19.5242 -15.0223 0
      vertex -19.5242 -15.0223 1.5
    endloop
  endfacet
  facet normal -0.941566 0.33683 0
    outer loop
      vertex -19.6454 -15.5062 0
      vertex -19.5892 -15.3491 1.5
      vertex -19.5892 -15.3491 0
    endloop
  endfacet
  facet normal -0.941566 0.33683 0
    outer loop
      vertex -19.5892 -15.3491 1.5
      vertex -19.6454 -15.5062 0
      vertex -19.6454 -15.5062 1.5
    endloop
  endfacet
  facet normal 0.33683 -0.941566 0
    outer loop
      vertex -21.8666 -13.285 0
      vertex -21.7095 -13.2288 1.5
      vertex -21.8666 -13.285 1.5
    endloop
  endfacet
  facet normal 0.33683 -0.941566 0
    outer loop
      vertex -21.7095 -13.2288 1.5
      vertex -21.8666 -13.285 0
      vertex -21.7095 -13.2288 0
    endloop
  endfacet
  facet normal -0.803154 -0.595772 0
    outer loop
      vertex -19.8025 -13.9112 0
      vertex -19.9019 -13.7772 1.5
      vertex -19.9019 -13.7772 0
    endloop
  endfacet
  facet normal -0.803154 -0.595772 0
    outer loop
      vertex -19.9019 -13.7772 1.5
      vertex -19.8025 -13.9112 0
      vertex -19.8025 -13.9112 1.5
    endloop
  endfacet
  facet normal 0.0491308 0.998792 -0
    outer loop
      vertex -21.216 -16.5556 0
      vertex -21.3827 -16.5474 1.5
      vertex -21.216 -16.5556 1.5
    endloop
  endfacet
  facet normal 0.0491308 0.998792 0
    outer loop
      vertex -21.3827 -16.5474 1.5
      vertex -21.216 -16.5556 0
      vertex -21.3827 -16.5474 0
    endloop
  endfacet
  facet normal -0.740726 0.671807 0
    outer loop
      vertex -20.014 -16.0577 0
      vertex -19.9019 -15.9341 1.5
      vertex -19.9019 -15.9341 0
    endloop
  endfacet
  facet normal -0.740726 0.671807 0
    outer loop
      vertex -19.9019 -15.9341 1.5
      vertex -20.014 -16.0577 0
      vertex -20.014 -16.0577 1.5
    endloop
  endfacet
  facet normal -0.595772 -0.803154 0
    outer loop
      vertex -20.2716 -13.4421 0
      vertex -20.1376 -13.5415 1.5
      vertex -20.2716 -13.4421 1.5
    endloop
  endfacet
  facet normal -0.595772 -0.803154 -0
    outer loop
      vertex -20.1376 -13.5415 1.5
      vertex -20.2716 -13.4421 0
      vertex -20.1376 -13.5415 0
    endloop
  endfacet
  facet normal -0.903811 0.427932 0
    outer loop
      vertex -19.7168 -15.657 0
      vertex -19.6454 -15.5062 1.5
      vertex -19.6454 -15.5062 0
    endloop
  endfacet
  facet normal -0.903811 0.427932 0
    outer loop
      vertex -19.6454 -15.5062 1.5
      vertex -19.7168 -15.657 0
      vertex -19.7168 -15.657 1.5
    endloop
  endfacet
  facet normal -0.989155 0.146875 0
    outer loop
      vertex -19.5487 -15.1873 0
      vertex -19.5242 -15.0223 1.5
      vertex -19.5242 -15.0223 0
    endloop
  endfacet
  facet normal -0.989155 0.146875 0
    outer loop
      vertex -19.5242 -15.0223 1.5
      vertex -19.5487 -15.1873 0
      vertex -19.5487 -15.1873 1.5
    endloop
  endfacet
  facet normal -0.427932 -0.903811 0
    outer loop
      vertex -20.5655 -13.285 0
      vertex -20.4147 -13.3564 1.5
      vertex -20.5655 -13.285 1.5
    endloop
  endfacet
  facet normal -0.427932 -0.903811 -0
    outer loop
      vertex -20.4147 -13.3564 1.5
      vertex -20.5655 -13.285 0
      vertex -20.4147 -13.3564 0
    endloop
  endfacet
  facet normal -0.146288 0.989242 0
    outer loop
      vertex -20.8844 -16.523 0
      vertex -21.0494 -16.5474 1.5
      vertex -20.8844 -16.523 1.5
    endloop
  endfacet
  facet normal -0.146288 0.989242 0
    outer loop
      vertex -21.0494 -16.5474 1.5
      vertex -20.8844 -16.523 0
      vertex -21.0494 -16.5474 0
    endloop
  endfacet
  facet normal 0.427621 -0.903958 0
    outer loop
      vertex -21.9 -13.3008 0
      vertex -21.8666 -13.285 1.5
      vertex -21.9 -13.3008 1.5
    endloop
  endfacet
  facet normal 0.427621 -0.903958 0
    outer loop
      vertex -21.8666 -13.285 1.5
      vertex -21.9 -13.3008 0
      vertex -21.8666 -13.285 0
    endloop
  endfacet
  facet normal -0.0491602 0.998791 0
    outer loop
      vertex -21.0494 -16.5474 0
      vertex -21.216 -16.5556 1.5
      vertex -21.0494 -16.5474 1.5
    endloop
  endfacet
  facet normal -0.0491602 0.998791 0
    outer loop
      vertex -21.216 -16.5556 1.5
      vertex -21.0494 -16.5474 0
      vertex -21.216 -16.5556 0
    endloop
  endfacet
  facet normal -0.0491602 -0.998791 0
    outer loop
      vertex -21.216 -13.1556 0
      vertex -21.0494 -13.1638 1.5
      vertex -21.216 -13.1556 1.5
    endloop
  endfacet
  facet normal -0.0491602 -0.998791 -0
    outer loop
      vertex -21.0494 -13.1638 1.5
      vertex -21.216 -13.1556 0
      vertex -21.0494 -13.1638 0
    endloop
  endfacet
  facet normal -0.671478 -0.741024 0
    outer loop
      vertex -20.1376 -13.5415 0
      vertex -20.014 -13.6535 1.5
      vertex -20.1376 -13.5415 1.5
    endloop
  endfacet
  facet normal -0.671478 -0.741024 -0
    outer loop
      vertex -20.014 -13.6535 1.5
      vertex -20.1376 -13.5415 0
      vertex -20.014 -13.6535 0
    endloop
  endfacet
  facet normal -0.242818 -0.970072 0
    outer loop
      vertex -20.8844 -13.1883 0
      vertex -20.7226 -13.2288 1.5
      vertex -20.8844 -13.1883 1.5
    endloop
  endfacet
  facet normal -0.242818 -0.970072 -0
    outer loop
      vertex -20.7226 -13.2288 1.5
      vertex -20.8844 -13.1883 0
      vertex -20.7226 -13.2288 0
    endloop
  endfacet
  facet normal -0.51379 -0.857916 0
    outer loop
      vertex -20.4147 -13.3564 0
      vertex -20.2716 -13.4421 1.5
      vertex -20.4147 -13.3564 1.5
    endloop
  endfacet
  facet normal -0.51379 -0.857916 -0
    outer loop
      vertex -20.2716 -13.4421 1.5
      vertex -20.4147 -13.3564 0
      vertex -20.2716 -13.4421 0
    endloop
  endfacet
  facet normal -0.857916 0.51379 0
    outer loop
      vertex -19.8025 -15.8001 0
      vertex -19.7168 -15.657 1.5
      vertex -19.7168 -15.657 0
    endloop
  endfacet
  facet normal -0.857916 0.51379 0
    outer loop
      vertex -19.7168 -15.657 1.5
      vertex -19.8025 -15.8001 0
      vertex -19.8025 -15.8001 1.5
    endloop
  endfacet
  facet normal -0.146875 -0.989155 0
    outer loop
      vertex -21.0494 -13.1638 0
      vertex -20.8844 -13.1883 1.5
      vertex -21.0494 -13.1638 1.5
    endloop
  endfacet
  facet normal -0.146875 -0.989155 -0
    outer loop
      vertex -20.8844 -13.1883 1.5
      vertex -21.0494 -13.1638 0
      vertex -20.8844 -13.1883 0
    endloop
  endfacet
  facet normal 0.33683 0.941566 -0
    outer loop
      vertex -21.7095 -16.4824 0
      vertex -21.8666 -16.4262 1.5
      vertex -21.7095 -16.4824 1.5
    endloop
  endfacet
  facet normal 0.33683 0.941566 0
    outer loop
      vertex -21.8666 -16.4262 1.5
      vertex -21.7095 -16.4824 0
      vertex -21.8666 -16.4262 0
    endloop
  endfacet
  facet normal -0.243382 0.969931 0
    outer loop
      vertex -20.7226 -16.4824 0
      vertex -20.8844 -16.523 1.5
      vertex -20.7226 -16.4824 1.5
    endloop
  endfacet
  facet normal -0.243382 0.969931 0
    outer loop
      vertex -20.8844 -16.523 1.5
      vertex -20.7226 -16.4824 0
      vertex -20.8844 -16.523 0
    endloop
  endfacet
  facet normal -0.740996 -0.671509 0
    outer loop
      vertex -19.9019 -13.7772 0
      vertex -20.014 -13.6535 1.5
      vertex -20.014 -13.6535 0
    endloop
  endfacet
  facet normal -0.740996 -0.671509 0
    outer loop
      vertex -20.014 -13.6535 1.5
      vertex -19.9019 -13.7772 0
      vertex -19.9019 -13.7772 1.5
    endloop
  endfacet
  facet normal 0.146875 -0.989155 0
    outer loop
      vertex -21.5477 -13.1883 0
      vertex -21.3827 -13.1638 1.5
      vertex -21.5477 -13.1883 1.5
    endloop
  endfacet
  facet normal 0.146875 -0.989155 0
    outer loop
      vertex -21.3827 -13.1638 1.5
      vertex -21.5477 -13.1883 0
      vertex -21.3827 -13.1638 0
    endloop
  endfacet
  facet normal -0.427442 0.904043 0
    outer loop
      vertex -20.4147 -16.3549 0
      vertex -20.5655 -16.4262 1.5
      vertex -20.4147 -16.3549 1.5
    endloop
  endfacet
  facet normal -0.427442 0.904043 0
    outer loop
      vertex -20.5655 -16.4262 1.5
      vertex -20.4147 -16.3549 0
      vertex -20.5655 -16.4262 0
    endloop
  endfacet
  facet normal -0.941497 -0.33702 0
    outer loop
      vertex -19.5892 -14.3621 0
      vertex -19.6454 -14.2051 1.5
      vertex -19.6454 -14.2051 0
    endloop
  endfacet
  facet normal -0.941497 -0.33702 0
    outer loop
      vertex -19.6454 -14.2051 1.5
      vertex -19.5892 -14.3621 0
      vertex -19.5892 -14.3621 1.5
    endloop
  endfacet
  facet normal -0.903811 -0.427932 0
    outer loop
      vertex -19.6454 -14.2051 0
      vertex -19.7168 -14.0543 1.5
      vertex -19.7168 -14.0543 0
    endloop
  endfacet
  facet normal -0.903811 -0.427932 0
    outer loop
      vertex -19.7168 -14.0543 1.5
      vertex -19.6454 -14.2051 0
      vertex -19.6454 -14.2051 1.5
    endloop
  endfacet
  facet normal -0.970072 0.242818 0
    outer loop
      vertex -19.5892 -15.3491 0
      vertex -19.5487 -15.1873 1.5
      vertex -19.5487 -15.1873 0
    endloop
  endfacet
  facet normal -0.970072 0.242818 0
    outer loop
      vertex -19.5487 -15.1873 1.5
      vertex -19.5892 -15.3491 0
      vertex -19.5892 -15.3491 1.5
    endloop
  endfacet
  facet normal -0.857916 -0.51379 0
    outer loop
      vertex -19.7168 -14.0543 0
      vertex -19.8025 -13.9112 1.5
      vertex -19.8025 -13.9112 0
    endloop
  endfacet
  facet normal -0.857916 -0.51379 0
    outer loop
      vertex -19.8025 -13.9112 1.5
      vertex -19.7168 -14.0543 0
      vertex -19.7168 -14.0543 1.5
    endloop
  endfacet
  facet normal -0.33683 -0.941566 0
    outer loop
      vertex -20.7226 -13.2288 0
      vertex -20.5655 -13.285 1.5
      vertex -20.7226 -13.2288 1.5
    endloop
  endfacet
  facet normal -0.33683 -0.941566 -0
    outer loop
      vertex -20.5655 -13.285 1.5
      vertex -20.7226 -13.2288 0
      vertex -20.5655 -13.285 0
    endloop
  endfacet
  facet normal 0.0491308 -0.998792 0
    outer loop
      vertex -21.3827 -13.1638 0
      vertex -21.216 -13.1556 1.5
      vertex -21.3827 -13.1638 1.5
    endloop
  endfacet
  facet normal 0.0491308 -0.998792 0
    outer loop
      vertex -21.216 -13.1556 1.5
      vertex -21.3827 -13.1638 0
      vertex -21.216 -13.1556 0
    endloop
  endfacet
  facet normal 0.242818 -0.970072 0
    outer loop
      vertex -21.7095 -13.2288 0
      vertex -21.5477 -13.1883 1.5
      vertex -21.7095 -13.2288 1.5
    endloop
  endfacet
  facet normal 0.242818 -0.970072 0
    outer loop
      vertex -21.5477 -13.1883 1.5
      vertex -21.7095 -13.2288 0
      vertex -21.5477 -13.1883 0
    endloop
  endfacet
  facet normal 0.427621 0.903958 -0
    outer loop
      vertex -21.8666 -16.4262 0
      vertex -21.9 -16.4104 1.5
      vertex -21.8666 -16.4262 1.5
    endloop
  endfacet
  facet normal 0.427621 0.903958 0
    outer loop
      vertex -21.9 -16.4104 1.5
      vertex -21.8666 -16.4262 0
      vertex -21.9 -16.4104 0
    endloop
  endfacet
  facet normal -0.803154 0.595772 0
    outer loop
      vertex -19.9019 -15.9341 0
      vertex -19.8025 -15.8001 1.5
      vertex -19.8025 -15.8001 0
    endloop
  endfacet
  facet normal -0.803154 0.595772 0
    outer loop
      vertex -19.8025 -15.8001 1.5
      vertex -19.9019 -15.9341 0
      vertex -19.9019 -15.9341 1.5
    endloop
  endfacet
  facet normal -0.595772 0.803154 0
    outer loop
      vertex -20.1376 -16.1697 0
      vertex -20.2716 -16.2691 1.5
      vertex -20.1376 -16.1697 1.5
    endloop
  endfacet
  facet normal -0.595772 0.803154 0
    outer loop
      vertex -20.2716 -16.2691 1.5
      vertex -20.1376 -16.1697 0
      vertex -20.2716 -16.2691 0
    endloop
  endfacet
  facet normal 0.243382 0.969931 -0
    outer loop
      vertex -21.5477 -16.523 0
      vertex -21.7095 -16.4824 1.5
      vertex -21.5477 -16.523 1.5
    endloop
  endfacet
  facet normal 0.243382 0.969931 0
    outer loop
      vertex -21.7095 -16.4824 1.5
      vertex -21.5477 -16.523 0
      vertex -21.7095 -16.4824 0
    endloop
  endfacet
  facet normal -0.33683 0.941566 0
    outer loop
      vertex -20.5655 -16.4262 0
      vertex -20.7226 -16.4824 1.5
      vertex -20.5655 -16.4262 1.5
    endloop
  endfacet
  facet normal -0.33683 0.941566 0
    outer loop
      vertex -20.7226 -16.4824 1.5
      vertex -20.5655 -16.4262 0
      vertex -20.7226 -16.4824 0
    endloop
  endfacet
  facet normal -0.671478 0.741024 0
    outer loop
      vertex -20.014 -16.0577 0
      vertex -20.1376 -16.1697 1.5
      vertex -20.014 -16.0577 1.5
    endloop
  endfacet
  facet normal -0.671478 0.741024 0
    outer loop
      vertex -20.1376 -16.1697 1.5
      vertex -20.014 -16.0577 0
      vertex -20.1376 -16.1697 0
    endloop
  endfacet
  facet normal -0.514231 0.857652 0
    outer loop
      vertex -20.2716 -16.2691 0
      vertex -20.4147 -16.3549 1.5
      vertex -20.2716 -16.2691 1.5
    endloop
  endfacet
  facet normal -0.514231 0.857652 0
    outer loop
      vertex -20.4147 -16.3549 1.5
      vertex -20.2716 -16.2691 0
      vertex -20.4147 -16.3549 0
    endloop
  endfacet
  facet normal 0.146288 0.989242 -0
    outer loop
      vertex -21.3827 -16.5474 0
      vertex -21.5477 -16.523 1.5
      vertex -21.3827 -16.5474 1.5
    endloop
  endfacet
  facet normal 0.146288 0.989242 0
    outer loop
      vertex -21.5477 -16.523 1.5
      vertex -21.3827 -16.5474 0
      vertex -21.5477 -16.523 0
    endloop
  endfacet
  facet normal -0.709023 -0.0348979 0.704322
    outer loop
      vertex -19.516 -14.8556 1.5
      vertex -18.026 -14.8545 3
      vertex -19.5242 -14.689 1.5
    endloop
  endfacet
  facet normal -0.709468 0 0.704738
    outer loop
      vertex -18.026 -14.8545 3
      vertex -19.516 -14.8556 1.5
      vertex -18.026 -14.8556 3
    endloop
  endfacet
  facet normal -0.127121 -0.699165 0.703568
    outer loop
      vertex -21.0494 -13.1638 1.5
      vertex -20.9023 -11.6811 3
      vertex -20.9034 -11.6809 3
    endloop
  endfacet
  facet normal -0.104264 -0.702189 0.704315
    outer loop
      vertex -20.9023 -11.6811 3
      vertex -21.0494 -13.1638 1.5
      vertex -20.8844 -13.1883 1.5
    endloop
  endfacet
  facet normal -0.239174 -0.668368 0.704329
    outer loop
      vertex -19.9963 -11.908 3
      vertex -20.29 -11.8029 3
      vertex -20.7226 -13.2288 1.5
    endloop
  endfacet
  facet normal -0.635357 0.317678 0.703848
    outer loop
      vertex -19.6454 -15.5062 1.5
      vertex -18.2693 -16.0774 3
      vertex -18.2688 -16.0764 3
    endloop
  endfacet
  facet normal -0.641616 0.303789 0.704302
    outer loop
      vertex -18.2693 -16.0774 3
      vertex -19.6454 -15.5062 1.5
      vertex -19.7168 -15.657 1.5
    endloop
  endfacet
  facet normal -0.172776 0.688551 0.704305
    outer loop
      vertex -20.8844 -16.523 1.5
      vertex -20.5926 -17.9841 3
      vertex -20.7226 -16.4824 1.5
    endloop
  endfacet
  facet normal -0.186898 0.685292 0.703878
    outer loop
      vertex -20.5926 -17.9841 3
      vertex -20.8844 -16.523 1.5
      vertex -20.5937 -17.9844 3
    endloop
  endfacet
  facet normal -0.104214 -0.702192 0.704319
    outer loop
      vertex -20.8844 -13.1883 1.5
      vertex -20.5937 -11.7269 3
      vertex -20.9023 -11.6811 3
    endloop
  endfacet
  facet normal -0.709021 0.034814 0.704327
    outer loop
      vertex -18.0413 -15.1683 3
      vertex -18.026 -14.8567 3
      vertex -19.5242 -15.0223 1.5
    endloop
  endfacet
  facet normal -0.10399 0.702214 0.704331
    outer loop
      vertex -20.9034 -18.0303 3
      vertex -20.5948 -17.9846 3
      vertex -21.0494 -16.5474 1.5
    endloop
  endfacet
  facet normal -0.668381 0.239179 0.704315
    outer loop
      vertex -18.2688 -16.0764 3
      vertex -18.1637 -15.7827 3
      vertex -19.6454 -15.5062 1.5
    endloop
  endfacet
  facet normal -0.57016 -0.422897 0.704326
    outer loop
      vertex -18.5636 -13.0833 3
      vertex -18.7494 -12.8328 3
      vertex -19.8025 -13.9112 1.5
    endloop
  endfacet
  facet normal -0.172491 -0.688599 0.704328
    outer loop
      vertex -20.29 -11.8029 3
      vertex -20.5926 -11.7271 3
      vertex -20.7226 -13.2288 1.5
    endloop
  endfacet
  facet normal -0.393534 -0.5903 0.704753
    outer loop
      vertex -20.2716 -13.4421 1.5
      vertex -19.4428 -12.2038 3
      vertex -19.4437 -12.2032 3
    endloop
  endfacet
  facet normal -0.422918 -0.570131 0.704338
    outer loop
      vertex -19.4428 -12.2038 3
      vertex -20.2716 -13.4421 1.5
      vertex -20.1376 -13.5415 1.5
    endloop
  endfacet
  facet normal -0.668401 -0.239105 0.704322
    outer loop
      vertex -18.1637 -13.9286 3
      vertex -18.2688 -13.6348 3
      vertex -19.6454 -14.2051 1.5
    endloop
  endfacet
  facet normal -0.126921 -0.698064 0.704697
    outer loop
      vertex -20.8844 -13.1883 1.5
      vertex -20.5926 -11.7271 3
      vertex -20.5937 -11.7269 3
    endloop
  endfacet
  facet normal -0.172368 -0.688619 0.704338
    outer loop
      vertex -20.5926 -11.7271 3
      vertex -20.8844 -13.1883 1.5
      vertex -20.7226 -13.2288 1.5
    endloop
  endfacet
  facet normal -0.702179 -0.104246 0.704328
    outer loop
      vertex -18.0413 -14.5429 3
      vertex -18.0871 -14.2344 3
      vertex -19.5242 -14.689 1.5
    endloop
  endfacet
  facet normal -0.641777 0.303365 0.704338
    outer loop
      vertex -18.4026 -16.3594 3
      vertex -18.2693 -16.0774 3
      vertex -19.7168 -15.657 1.5
    endloop
  endfacet
  facet normal -0.52604 -0.476666 0.704323
    outer loop
      vertex -18.7501 -12.8319 3
      vertex -18.9596 -12.6007 3
      vertex -19.9019 -13.7772 1.5
    endloop
  endfacet
  facet normal -0.5345 -0.467688 0.703973
    outer loop
      vertex -20.014 -13.6535 1.5
      vertex -18.9596 -12.6007 3
      vertex -18.9603 -12.5999 3
    endloop
  endfacet
  facet normal -0.526016 -0.476689 0.704326
    outer loop
      vertex -18.9596 -12.6007 3
      vertex -20.014 -13.6535 1.5
      vertex -19.9019 -13.7772 1.5
    endloop
  endfacet
  facet normal -0.560739 0.436131 0.703819
    outer loop
      vertex -19.8025 -15.8001 1.5
      vertex -18.5643 -16.6288 3
      vertex -18.5636 -16.6279 3
    endloop
  endfacet
  facet normal -0.570157 0.422937 0.704305
    outer loop
      vertex -18.5643 -16.6288 3
      vertex -19.8025 -15.8001 1.5
      vertex -19.9019 -15.9341 1.5
    endloop
  endfacet
  facet normal -0.698064 0.126921 0.704697
    outer loop
      vertex -19.5487 -15.1873 1.5
      vertex -18.0875 -15.4791 3
      vertex -18.0873 -15.478 3
    endloop
  endfacet
  facet normal -0.688619 0.172368 0.704338
    outer loop
      vertex -18.0875 -15.4791 3
      vertex -19.5487 -15.1873 1.5
      vertex -19.5892 -15.3491 1.5
    endloop
  endfacet
  facet normal 0.303612 -0.641814 0.704198
    outer loop
      vertex -21.8666 -13.285 1.5
      vertex -21.9 -13.2044 1.58786
      vertex -21.9 -13.3008 1.5
    endloop
  endfacet
  facet normal 0.103847 0.702247 0.704319
    outer loop
      vertex -21.5477 -16.523 1.5
      vertex -21.8373 -17.9846 3
      vertex -21.3827 -16.5474 1.5
    endloop
  endfacet
  facet normal 0.126921 0.698064 0.704697
    outer loop
      vertex -21.8373 -17.9846 3
      vertex -21.5477 -16.523 1.5
      vertex -21.8384 -17.9844 3
    endloop
  endfacet
  facet normal -0.501655 0.501655 0.704758
    outer loop
      vertex -20.014 -16.0577 1.5
      vertex -18.9611 -17.1121 3
      vertex -18.9603 -17.1113 3
    endloop
  endfacet
  facet normal -0.476657 0.526025 0.704341
    outer loop
      vertex -18.9611 -17.1121 3
      vertex -20.014 -16.0577 1.5
      vertex -20.1376 -16.1697 1.5
    endloop
  endfacet
  facet normal -0.70902 -0.0348139 0.704328
    outer loop
      vertex -18.026 -14.8545 3
      vertex -18.0413 -14.5429 3
      vertex -19.5242 -14.689 1.5
    endloop
  endfacet
  facet normal -0.709468 0 0.704738
    outer loop
      vertex -19.516 -14.8556 1.5
      vertex -18.026 -14.8567 3
      vertex -18.026 -14.8556 3
    endloop
  endfacet
  facet normal -0.709023 0.034877 0.704322
    outer loop
      vertex -18.026 -14.8567 3
      vertex -19.516 -14.8556 1.5
      vertex -19.5242 -15.0223 1.5
    endloop
  endfacet
  facet normal -0.702187 0.104213 0.704325
    outer loop
      vertex -18.0871 -15.4769 3
      vertex -18.0413 -15.1683 3
      vertex -19.5242 -15.0223 1.5
    endloop
  endfacet
  facet normal -0.0348259 -0.709037 0.70431
    outer loop
      vertex -20.9045 -11.6809 3
      vertex -21.216 -11.6656 3
      vertex -21.216 -13.1556 1.5
    endloop
  endfacet
  facet normal -0.0348981 -0.709028 0.704316
    outer loop
      vertex -21.0494 -13.1638 1.5
      vertex -20.9045 -11.6809 3
      vertex -21.216 -13.1556 1.5
    endloop
  endfacet
  facet normal 0 -0.711149 0.703042
    outer loop
      vertex -20.9045 -11.6809 3
      vertex -21.0494 -13.1638 1.5
      vertex -20.9034 -11.6809 3
    endloop
  endfacet
  facet normal -0.364786 0.608963 0.704341
    outer loop
      vertex -19.7113 -17.6684 3
      vertex -19.4437 -17.5081 3
      vertex -20.2716 -16.2691 1.5
    endloop
  endfacet
  facet normal -0.476655 0.526027 0.704341
    outer loop
      vertex -19.1923 -17.3216 3
      vertex -18.9611 -17.1121 3
      vertex -20.1376 -16.1697 1.5
    endloop
  endfacet
  facet normal -0.263498 -0.658744 0.704716
    outer loop
      vertex -19.9963 -11.908 3
      vertex -20.5655 -13.285 1.5
      vertex -19.9953 -11.9084 3
    endloop
  endfacet
  facet normal -0.239109 -0.668398 0.704323
    outer loop
      vertex -20.5655 -13.285 1.5
      vertex -19.9963 -11.908 3
      vertex -20.7226 -13.2288 1.5
    endloop
  endfacet
  facet normal -0.239171 0.66836 0.704338
    outer loop
      vertex -20.289 -17.908 3
      vertex -19.9953 -17.8029 3
      vertex -20.5655 -16.4262 1.5
    endloop
  endfacet
  facet normal -0.525819 0.476896 0.704333
    outer loop
      vertex -20.014 -16.0577 1.5
      vertex -18.9596 -17.1105 3
      vertex -19.9019 -15.9341 1.5
    endloop
  endfacet
  facet normal -0.5345 0.467688 0.703973
    outer loop
      vertex -18.9596 -17.1105 3
      vertex -20.014 -16.0577 1.5
      vertex -18.9603 -17.1113 3
    endloop
  endfacet
  facet normal -0.365225 -0.608709 0.704333
    outer loop
      vertex -19.4447 -12.2026 3
      vertex -20.2716 -13.4421 1.5
      vertex -19.4437 -12.2032 3
    endloop
  endfacet
  facet normal -0.364732 -0.609021 0.704319
    outer loop
      vertex -20.2716 -13.4421 1.5
      vertex -19.4447 -12.2026 3
      vertex -20.4147 -13.3564 1.5
    endloop
  endfacet
  facet normal -0.560107 -0.435639 0.704627
    outer loop
      vertex -19.9019 -13.7772 1.5
      vertex -18.7494 -12.8328 3
      vertex -18.7501 -12.8319 3
    endloop
  endfacet
  facet normal -0.570138 -0.422923 0.704328
    outer loop
      vertex -18.7494 -12.8328 3
      vertex -19.9019 -13.7772 1.5
      vertex -19.8025 -13.9112 1.5
    endloop
  endfacet
  facet normal 0.172421 0.688625 0.70432
    outer loop
      vertex -21.9 -17.3458 2.39071
      vertex -21.8384 -17.9844 3
      vertex -21.5477 -16.523 1.5
    endloop
  endfacet
  facet normal 0.172161 0.688644 0.704365
    outer loop
      vertex -21.8384 -17.9844 3
      vertex -21.9 -17.3458 2.39071
      vertex -21.9 -17.969 3
    endloop
  endfacet
  facet normal 0.239237 -0.668346 0.704328
    outer loop
      vertex -21.9 -13.2044 1.58786
      vertex -21.7095 -13.2288 1.5
      vertex -21.9 -12.8824 1.89341
    endloop
  endfacet
  facet normal 0.239152 -0.66852 0.704193
    outer loop
      vertex -21.7095 -13.2288 1.5
      vertex -21.9 -13.2044 1.58786
      vertex -21.8666 -13.285 1.5
    endloop
  endfacet
  facet normal -0.702175 0.104262 0.704329
    outer loop
      vertex -19.5487 -15.1873 1.5
      vertex -18.0871 -15.4769 3
      vertex -19.5242 -15.0223 1.5
    endloop
  endfacet
  facet normal -0.698064 0.126921 0.704697
    outer loop
      vertex -18.0871 -15.4769 3
      vertex -19.5487 -15.1873 1.5
      vertex -18.0873 -15.478 3
    endloop
  endfacet
  facet normal -0.659916 0.263966 0.703444
    outer loop
      vertex -19.5892 -15.3491 1.5
      vertex -18.1637 -15.7827 3
      vertex -18.1633 -15.7817 3
    endloop
  endfacet
  facet normal -0.6684 0.239109 0.704321
    outer loop
      vertex -18.1637 -15.7827 3
      vertex -19.5892 -15.3491 1.5
      vertex -19.6454 -15.5062 1.5
    endloop
  endfacet
  facet normal -0.172491 0.688599 0.704328
    outer loop
      vertex -20.5926 -17.9841 3
      vertex -20.29 -17.9083 3
      vertex -20.7226 -16.4824 1.5
    endloop
  endfacet
  facet normal -0.239102 0.668379 0.704344
    outer loop
      vertex -20.7226 -16.4824 1.5
      vertex -20.289 -17.908 3
      vertex -20.5655 -16.4262 1.5
    endloop
  endfacet
  facet normal -0.203859 0.679531 0.704755
    outer loop
      vertex -20.289 -17.908 3
      vertex -20.7226 -16.4824 1.5
      vertex -20.29 -17.9083 3
    endloop
  endfacet
  facet normal 0.237095 0.668904 0.704524
    outer loop
      vertex -21.8666 -16.4262 1.5
      vertex -21.9 -16.5069 1.58786
      vertex -21.9 -16.6052 1.68119
    endloop
  endfacet
  facet normal -0.688599 0.172491 0.704328
    outer loop
      vertex -18.1633 -15.7817 3
      vertex -18.0875 -15.4791 3
      vertex -19.5892 -15.3491 1.5
    endloop
  endfacet
  facet normal -0.422889 0.570149 0.704341
    outer loop
      vertex -19.4428 -17.5074 3
      vertex -19.1923 -17.3216 3
      vertex -20.1376 -16.1697 1.5
    endloop
  endfacet
  facet normal -0.635347 -0.317674 0.703859
    outer loop
      vertex -18.2693 -13.6338 3
      vertex -19.6454 -14.2051 1.5
      vertex -18.2688 -13.6348 3
    endloop
  endfacet
  facet normal -0.641607 -0.303785 0.704312
    outer loop
      vertex -19.6454 -14.2051 1.5
      vertex -18.2693 -13.6338 3
      vertex -19.7168 -14.0543 1.5
    endloop
  endfacet
  facet normal -0.608876 -0.364961 0.704325
    outer loop
      vertex -18.4032 -13.3509 3
      vertex -18.5636 -13.0833 3
      vertex -19.8025 -13.9112 1.5
    endloop
  endfacet
  facet normal 0.127121 -0.699165 0.703568
    outer loop
      vertex -21.5298 -11.6811 3
      vertex -21.3827 -13.1638 1.5
      vertex -21.5287 -11.6809 3
    endloop
  endfacet
  facet normal 0.104264 -0.702189 0.704315
    outer loop
      vertex -21.3827 -13.1638 1.5
      vertex -21.5298 -11.6811 3
      vertex -21.5477 -13.1883 1.5
    endloop
  endfacet
  facet normal 0.034814 0.709021 0.704327
    outer loop
      vertex -21.2171 -18.0456 3
      vertex -21.3827 -16.5474 1.5
      vertex -21.5287 -18.0303 3
    endloop
  endfacet
  facet normal 0.0348147 -0.709038 0.704311
    outer loop
      vertex -21.216 -13.1556 1.5
      vertex -21.216 -11.6656 3
      vertex -21.5276 -11.6809 3
    endloop
  endfacet
  facet normal 0.0643612 0.707973 0.703301
    outer loop
      vertex -21.216 -16.5556 1.5
      vertex -21.2171 -18.0456 3
      vertex -21.216 -18.0457 3
    endloop
  endfacet
  facet normal 0.034877 0.709023 0.704322
    outer loop
      vertex -21.2171 -18.0456 3
      vertex -21.216 -16.5556 1.5
      vertex -21.3827 -16.5474 1.5
    endloop
  endfacet
  facet normal -0.608709 0.365225 0.704333
    outer loop
      vertex -19.7168 -15.657 1.5
      vertex -18.4032 -16.3604 3
      vertex -18.4026 -16.3594 3
    endloop
  endfacet
  facet normal -0.608997 0.364717 0.704347
    outer loop
      vertex -18.4032 -16.3604 3
      vertex -19.7168 -15.657 1.5
      vertex -19.8025 -15.8001 1.5
    endloop
  endfacet
  facet normal -0.126921 0.698064 0.704697
    outer loop
      vertex -20.8844 -16.523 1.5
      vertex -20.5948 -17.9846 3
      vertex -20.5937 -17.9844 3
    endloop
  endfacet
  facet normal -0.103847 0.702247 0.704319
    outer loop
      vertex -20.5948 -17.9846 3
      vertex -20.8844 -16.523 1.5
      vertex -21.0494 -16.5474 1.5
    endloop
  endfacet
  facet normal -0.0348251 0.709021 0.704327
    outer loop
      vertex -20.9034 -18.0303 3
      vertex -21.0494 -16.5474 1.5
      vertex -21.2149 -18.0456 3
    endloop
  endfacet
  facet normal 0.239096 0.668364 0.70436
    outer loop
      vertex -21.9 -16.6052 1.68119
      vertex -21.7095 -16.4824 1.5
      vertex -21.8666 -16.4262 1.5
    endloop
  endfacet
  facet normal 0.23912 0.668344 0.704371
    outer loop
      vertex -21.7095 -16.4824 1.5
      vertex -21.9 -16.6052 1.68119
      vertex -21.9 -17.1104 2.16055
    endloop
  endfacet
  facet normal -0.608823 0.365066 0.704316
    outer loop
      vertex -18.5636 -16.6279 3
      vertex -18.4032 -16.3604 3
      vertex -19.8025 -15.8001 1.5
    endloop
  endfacet
  facet normal 0.10399 0.702214 0.704331
    outer loop
      vertex -21.5287 -18.0303 3
      vertex -21.3827 -16.5474 1.5
      vertex -21.8373 -17.9846 3
    endloop
  endfacet
  facet normal -0.467689 -0.534502 0.70397
    outer loop
      vertex -18.9611 -12.5992 3
      vertex -20.014 -13.6535 1.5
      vertex -18.9603 -12.5999 3
    endloop
  endfacet
  facet normal -0.476668 -0.526038 0.704324
    outer loop
      vertex -20.014 -13.6535 1.5
      vertex -18.9611 -12.5992 3
      vertex -20.1376 -13.5415 1.5
    endloop
  endfacet
  facet normal -0.641768 -0.303361 0.704348
    outer loop
      vertex -18.2693 -13.6338 3
      vertex -18.4026 -13.3518 3
      vertex -19.7168 -14.0543 1.5
    endloop
  endfacet
  facet normal -0.0348979 0.709023 0.704322
    outer loop
      vertex -21.216 -16.5556 1.5
      vertex -21.2149 -18.0456 3
      vertex -21.0494 -16.5474 1.5
    endloop
  endfacet
  facet normal -0.0643612 0.707973 0.703301
    outer loop
      vertex -21.2149 -18.0456 3
      vertex -21.216 -16.5556 1.5
      vertex -21.216 -18.0457 3
    endloop
  endfacet
  facet normal -0.52594 0.476782 0.70432
    outer loop
      vertex -18.9596 -17.1105 3
      vertex -18.7501 -16.8794 3
      vertex -19.9019 -15.9341 1.5
    endloop
  endfacet
  facet normal -0.570247 0.422793 0.704318
    outer loop
      vertex -18.7501 -16.8794 3
      vertex -18.5643 -16.6288 3
      vertex -19.9019 -15.9341 1.5
    endloop
  endfacet
  facet normal 0.104214 -0.702192 0.704319
    outer loop
      vertex -21.5477 -13.1883 1.5
      vertex -21.5298 -11.6811 3
      vertex -21.8384 -11.7269 3
    endloop
  endfacet
  facet normal -0.423044 -0.570051 0.704326
    outer loop
      vertex -19.1923 -12.3897 3
      vertex -19.4428 -12.2038 3
      vertex -20.1376 -13.5415 1.5
    endloop
  endfacet
  facet normal -0.688609 -0.172494 0.704318
    outer loop
      vertex -18.0873 -14.2333 3
      vertex -18.1631 -13.9307 3
      vertex -19.5487 -14.524 1.5
    endloop
  endfacet
  facet normal -0.698064 -0.126921 0.704697
    outer loop
      vertex -19.5487 -14.524 1.5
      vertex -18.0871 -14.2344 3
      vertex -18.0873 -14.2333 3
    endloop
  endfacet
  facet normal -0.702175 -0.104262 0.704329
    outer loop
      vertex -18.0871 -14.2344 3
      vertex -19.5487 -14.524 1.5
      vertex -19.5242 -14.689 1.5
    endloop
  endfacet
  facet normal -0.303428 0.641753 0.704333
    outer loop
      vertex -20.5655 -16.4262 1.5
      vertex -19.9943 -17.8024 3
      vertex -20.4147 -16.3549 1.5
    endloop
  endfacet
  facet normal -0.317669 0.635338 0.70387
    outer loop
      vertex -19.9943 -17.8024 3
      vertex -20.5655 -16.4262 1.5
      vertex -19.9953 -17.8029 3
    endloop
  endfacet
  facet normal -0.303274 -0.641812 0.704346
    outer loop
      vertex -19.7122 -12.0422 3
      vertex -19.9943 -11.9089 3
      vertex -20.4147 -13.3564 1.5
    endloop
  endfacet
  facet normal -0.476666 -0.52604 0.704323
    outer loop
      vertex -18.9611 -12.5992 3
      vertex -19.1923 -12.3897 3
      vertex -20.1376 -13.5415 1.5
    endloop
  endfacet
  facet normal 0.126921 -0.698064 0.704697
    outer loop
      vertex -21.8395 -11.7271 3
      vertex -21.5477 -13.1883 1.5
      vertex -21.8384 -11.7269 3
    endloop
  endfacet
  facet normal 0.172368 -0.688619 0.704338
    outer loop
      vertex -21.5477 -13.1883 1.5
      vertex -21.8395 -11.7271 3
      vertex -21.7095 -13.2288 1.5
    endloop
  endfacet
  facet normal 0 -0.711149 0.703042
    outer loop
      vertex -21.3827 -13.1638 1.5
      vertex -21.5276 -11.6809 3
      vertex -21.5287 -11.6809 3
    endloop
  endfacet
  facet normal 0.0348773 -0.70903 0.704316
    outer loop
      vertex -21.5276 -11.6809 3
      vertex -21.3827 -13.1638 1.5
      vertex -21.216 -13.1556 1.5
    endloop
  endfacet
  facet normal -0.591661 -0.39444 0.703103
    outer loop
      vertex -18.4032 -13.3509 3
      vertex -19.7168 -14.0543 1.5
      vertex -18.4026 -13.3518 3
    endloop
  endfacet
  facet normal -0.608997 -0.364717 0.704347
    outer loop
      vertex -19.7168 -14.0543 1.5
      vertex -18.4032 -13.3509 3
      vertex -19.8025 -13.9112 1.5
    endloop
  endfacet
  facet normal -0.659924 -0.26397 0.703435
    outer loop
      vertex -18.1637 -13.9286 3
      vertex -19.5892 -14.3621 1.5
      vertex -18.1633 -13.9296 3
    endloop
  endfacet
  facet normal -0.668362 -0.239248 0.70431
    outer loop
      vertex -19.5892 -14.3621 1.5
      vertex -18.1637 -13.9286 3
      vertex -19.6454 -14.2051 1.5
    endloop
  endfacet
  facet normal -0.303467 0.641739 0.704329
    outer loop
      vertex -19.9943 -17.8024 3
      vertex -19.7122 -17.669 3
      vertex -20.4147 -16.3549 1.5
    endloop
  endfacet
  facet normal -0.365045 0.608834 0.704318
    outer loop
      vertex -20.4147 -16.3549 1.5
      vertex -19.7113 -17.6684 3
      vertex -20.2716 -16.2691 1.5
    endloop
  endfacet
  facet normal -0.394451 0.591677 0.703083
    outer loop
      vertex -19.7113 -17.6684 3
      vertex -20.4147 -16.3549 1.5
      vertex -19.7122 -17.669 3
    endloop
  endfacet
  facet normal -0.700292 -0.127326 0.70241
    outer loop
      vertex -19.5892 -14.3621 1.5
      vertex -18.1631 -13.9307 3
      vertex -18.1633 -13.9296 3
    endloop
  endfacet
  facet normal -0.688682 -0.172277 0.7043
    outer loop
      vertex -18.1631 -13.9307 3
      vertex -19.5892 -14.3621 1.5
      vertex -19.5487 -14.524 1.5
    endloop
  endfacet
  facet normal -0.422918 0.570131 0.704338
    outer loop
      vertex -20.2716 -16.2691 1.5
      vertex -19.4428 -17.5074 3
      vertex -20.1376 -16.1697 1.5
    endloop
  endfacet
  facet normal -0.43611 0.560713 0.703853
    outer loop
      vertex -19.4428 -17.5074 3
      vertex -20.2716 -16.2691 1.5
      vertex -19.4437 -17.5081 3
    endloop
  endfacet
  facet normal 0.172991 -0.688548 0.704256
    outer loop
      vertex -21.9 -12.6009 2.16055
      vertex -21.8395 -11.7271 3
      vertex -21.9 -11.7423 3
    endloop
  endfacet
  facet normal 0.172588 -0.688583 0.704321
    outer loop
      vertex -21.8395 -11.7271 3
      vertex -21.9 -12.6009 2.16055
      vertex -21.7095 -13.2288 1.5
    endloop
  endfacet
  facet normal 0.303456 0.641484 0.704566
    outer loop
      vertex -21.8666 -16.4262 1.5
      vertex -21.9 -16.4104 1.5
      vertex -21.9 -16.5069 1.58786
    endloop
  endfacet
  facet normal 0.239139 -0.668391 0.70432
    outer loop
      vertex -21.7095 -13.2288 1.5
      vertex -21.9 -12.6009 2.16055
      vertex -21.9 -12.8824 1.89341
    endloop
  endfacet
  facet normal -0.317678 -0.635357 0.703848
    outer loop
      vertex -20.5655 -13.285 1.5
      vertex -19.9943 -11.9089 3
      vertex -19.9953 -11.9084 3
    endloop
  endfacet
  facet normal -0.303789 -0.641616 0.704302
    outer loop
      vertex -19.9943 -11.9089 3
      vertex -20.5655 -13.285 1.5
      vertex -20.4147 -13.3564 1.5
    endloop
  endfacet
  facet normal -0.365049 -0.608794 0.70435
    outer loop
      vertex -19.4447 -12.2026 3
      vertex -19.7122 -12.0422 3
      vertex -20.4147 -13.3564 1.5
    endloop
  endfacet
  facet normal 0.172759 0.688481 0.704378
    outer loop
      vertex -21.9 -17.1104 2.16055
      vertex -21.5477 -16.523 1.5
      vertex -21.7095 -16.4824 1.5
    endloop
  endfacet
  facet normal 0.172382 0.688638 0.704316
    outer loop
      vertex -21.5477 -16.523 1.5
      vertex -21.9 -17.1104 2.16055
      vertex -21.9 -17.3458 2.39071
    endloop
  endfacet
  facet normal -0.336868 -0.941552 0
    outer loop
      vertex -8.36484 -22.7112 0
      vertex -8.20776 -22.7674 1.5
      vertex -8.36484 -22.7112 1.5
    endloop
  endfacet
  facet normal -0.336868 -0.941552 -0
    outer loop
      vertex -8.20776 -22.7674 1.5
      vertex -8.36484 -22.7112 0
      vertex -8.20776 -22.7674 0
    endloop
  endfacet
  facet normal -0.989173 -0.146757 0
    outer loop
      vertex -7.16651 -24.1714 0
      vertex -7.19099 -24.0064 1.5
      vertex -7.19099 -24.0064 0
    endloop
  endfacet
  facet normal -0.989173 -0.146757 0
    outer loop
      vertex -7.19099 -24.0064 1.5
      vertex -7.16651 -24.1714 0
      vertex -7.16651 -24.1714 1.5
    endloop
  endfacet
  facet normal -0.998794 -0.0491004 0
    outer loop
      vertex -7.15832 -24.338 0
      vertex -7.16651 -24.1714 1.5
      vertex -7.16651 -24.1714 0
    endloop
  endfacet
  facet normal -0.998794 -0.0491004 0
    outer loop
      vertex -7.16651 -24.1714 1.5
      vertex -7.15832 -24.338 0
      vertex -7.15832 -24.338 1.5
    endloop
  endfacet
  facet normal -0.97003 -0.242987 0
    outer loop
      vertex -7.19099 -24.0064 0
      vertex -7.23152 -23.8446 1.5
      vertex -7.23152 -23.8446 0
    endloop
  endfacet
  facet normal -0.97003 -0.242987 0
    outer loop
      vertex -7.23152 -23.8446 1.5
      vertex -7.19099 -24.0064 0
      vertex -7.19099 -24.0064 1.5
    endloop
  endfacet
  facet normal -0.0485534 0.998821 0
    outer loop
      vertex -8.69169 -26.0299 0
      vertex -8.85832 -26.038 1.5
      vertex -8.69169 -26.0299 1.5
    endloop
  endfacet
  facet normal -0.0485534 0.998821 0
    outer loop
      vertex -8.85832 -26.038 1.5
      vertex -8.69169 -26.0299 0
      vertex -8.85832 -26.038 0
    endloop
  endfacet
  facet normal -0.671777 0.740753 0
    outer loop
      vertex -7.65624 -25.5401 0
      vertex -7.77985 -25.6522 1.5
      vertex -7.65624 -25.5401 1.5
    endloop
  endfacet
  facet normal -0.671777 0.740753 0
    outer loop
      vertex -7.77985 -25.6522 1.5
      vertex -7.65624 -25.5401 0
      vertex -7.77985 -25.6522 0
    endloop
  endfacet
  facet normal -0.803211 0.595695 0
    outer loop
      vertex -7.5442 -25.4165 0
      vertex -7.44482 -25.2825 1.5
      vertex -7.44482 -25.2825 0
    endloop
  endfacet
  facet normal -0.803211 0.595695 0
    outer loop
      vertex -7.44482 -25.2825 1.5
      vertex -7.5442 -25.4165 0
      vertex -7.5442 -25.4165 1.5
    endloop
  endfacet
  facet normal -0.998795 0.049071 0
    outer loop
      vertex -7.16651 -24.5047 0
      vertex -7.15832 -24.338 1.5
      vertex -7.15832 -24.338 0
    endloop
  endfacet
  facet normal -0.998795 0.049071 0
    outer loop
      vertex -7.15832 -24.338 1.5
      vertex -7.16651 -24.5047 0
      vertex -7.16651 -24.5047 1.5
    endloop
  endfacet
  facet normal -0.336868 0.941552 0
    outer loop
      vertex -8.20776 -25.9086 0
      vertex -8.36484 -25.9648 1.5
      vertex -8.20776 -25.9086 1.5
    endloop
  endfacet
  facet normal -0.336868 0.941552 0
    outer loop
      vertex -8.36484 -25.9648 1.5
      vertex -8.20776 -25.9086 0
      vertex -8.36484 -25.9648 0
    endloop
  endfacet
  facet normal -0.146857 0.989158 0
    outer loop
      vertex -8.52667 -26.0054 0
      vertex -8.69169 -26.0299 1.5
      vertex -8.52667 -26.0054 1.5
    endloop
  endfacet
  facet normal -0.146857 0.989158 0
    outer loop
      vertex -8.69169 -26.0299 1.5
      vertex -8.52667 -26.0054 0
      vertex -8.69169 -26.0299 0
    endloop
  endfacet
  facet normal -0.941546 -0.336883 0
    outer loop
      vertex -7.23152 -23.8446 0
      vertex -7.28773 -23.6875 1.5
      vertex -7.28773 -23.6875 0
    endloop
  endfacet
  facet normal -0.941546 -0.336883 0
    outer loop
      vertex -7.28773 -23.6875 1.5
      vertex -7.23152 -23.8446 0
      vertex -7.23152 -23.8446 1.5
    endloop
  endfacet
  facet normal -0.903973 -0.427589 0
    outer loop
      vertex -7.28773 -23.6875 0
      vertex -7.35906 -23.5367 1.5
      vertex -7.35906 -23.5367 0
    endloop
  endfacet
  facet normal -0.903973 -0.427589 0
    outer loop
      vertex -7.35906 -23.5367 1.5
      vertex -7.28773 -23.6875 0
      vertex -7.28773 -23.6875 1.5
    endloop
  endfacet
  facet normal -0.146857 -0.989158 0
    outer loop
      vertex -8.69169 -22.6462 0
      vertex -8.52667 -22.6707 1.5
      vertex -8.69169 -22.6462 1.5
    endloop
  endfacet
  facet normal -0.146857 -0.989158 -0
    outer loop
      vertex -8.52667 -22.6707 1.5
      vertex -8.69169 -22.6462 0
      vertex -8.52667 -22.6707 0
    endloop
  endfacet
  facet normal 0.998792 0.0491308 0
    outer loop
      vertex -10.5501 -24.5047 1.5
      vertex -10.5583 -24.338 0
      vertex -10.5583 -24.338 1.5
    endloop
  endfacet
  facet normal 0.998792 0.0491308 0
    outer loop
      vertex -10.5583 -24.338 0
      vertex -10.5501 -24.5047 1.5
      vertex -10.5501 -24.5047 0
    endloop
  endfacet
  facet normal -0.427419 0.904054 0
    outer loop
      vertex -8.05695 -25.8373 0
      vertex -8.20776 -25.9086 1.5
      vertex -8.05695 -25.8373 1.5
    endloop
  endfacet
  facet normal -0.427419 0.904054 0
    outer loop
      vertex -8.20776 -25.9086 1.5
      vertex -8.05695 -25.8373 0
      vertex -8.20776 -25.9086 0
    endloop
  endfacet
  facet normal 0.941566 -0.33683 0
    outer loop
      vertex -10.4851 -23.8446 1.5
      vertex -10.4289 -23.6875 0
      vertex -10.4289 -23.6875 1.5
    endloop
  endfacet
  facet normal 0.941566 -0.33683 0
    outer loop
      vertex -10.4289 -23.6875 0
      vertex -10.4851 -23.8446 1.5
      vertex -10.4851 -23.8446 0
    endloop
  endfacet
  facet normal -0.51379 -0.857916 0
    outer loop
      vertex -8.05695 -22.8388 0
      vertex -7.91385 -22.9245 1.5
      vertex -8.05695 -22.8388 1.5
    endloop
  endfacet
  facet normal -0.51379 -0.857916 -0
    outer loop
      vertex -7.91385 -22.9245 1.5
      vertex -8.05695 -22.8388 0
      vertex -7.91385 -22.9245 0
    endloop
  endfacet
  facet normal 0.0485534 0.998821 -0
    outer loop
      vertex -8.85832 -26.038 0
      vertex -9.02495 -26.0299 1.5
      vertex -8.85832 -26.038 1.5
    endloop
  endfacet
  facet normal 0.0485534 0.998821 0
    outer loop
      vertex -9.02495 -26.0299 1.5
      vertex -8.85832 -26.038 0
      vertex -9.02495 -26.0299 0
    endloop
  endfacet
  facet normal -0.243339 0.969941 0
    outer loop
      vertex -8.36484 -25.9648 0
      vertex -8.52667 -26.0054 1.5
      vertex -8.36484 -25.9648 1.5
    endloop
  endfacet
  facet normal -0.243339 0.969941 0
    outer loop
      vertex -8.52667 -26.0054 1.5
      vertex -8.36484 -25.9648 0
      vertex -8.52667 -26.0054 0
    endloop
  endfacet
  facet normal 0.146857 0.989158 -0
    outer loop
      vertex -9.02495 -26.0299 0
      vertex -9.18997 -26.0054 1.5
      vertex -9.02495 -26.0299 1.5
    endloop
  endfacet
  facet normal 0.146857 0.989158 0
    outer loop
      vertex -9.18997 -26.0054 1.5
      vertex -9.02495 -26.0299 0
      vertex -9.18997 -26.0054 0
    endloop
  endfacet
  facet normal 0.243339 0.969941 -0
    outer loop
      vertex -9.18997 -26.0054 0
      vertex -9.3518 -25.9648 1.5
      vertex -9.18997 -26.0054 1.5
    endloop
  endfacet
  facet normal 0.243339 0.969941 0
    outer loop
      vertex -9.3518 -25.9648 1.5
      vertex -9.18997 -26.0054 0
      vertex -9.3518 -25.9648 0
    endloop
  endfacet
  facet normal -0.514231 0.857652 0
    outer loop
      vertex -7.91385 -25.7515 0
      vertex -8.05695 -25.8373 1.5
      vertex -7.91385 -25.7515 1.5
    endloop
  endfacet
  facet normal -0.514231 0.857652 0
    outer loop
      vertex -8.05695 -25.8373 1.5
      vertex -7.91385 -25.7515 0
      vertex -8.05695 -25.8373 0
    endloop
  endfacet
  facet normal 0.146857 -0.989158 0
    outer loop
      vertex -9.18997 -22.6707 0
      vertex -9.02495 -22.6462 1.5
      vertex -9.18997 -22.6707 1.5
    endloop
  endfacet
  facet normal 0.146857 -0.989158 0
    outer loop
      vertex -9.02495 -22.6462 1.5
      vertex -9.18997 -22.6707 0
      vertex -9.02495 -22.6462 0
    endloop
  endfacet
  facet normal 0.857652 0.514231 0
    outer loop
      vertex -10.2718 -25.2825 1.5
      vertex -10.3576 -25.1394 0
      vertex -10.3576 -25.1394 1.5
    endloop
  endfacet
  facet normal 0.857652 0.514231 0
    outer loop
      vertex -10.3576 -25.1394 0
      vertex -10.2718 -25.2825 1.5
      vertex -10.2718 -25.2825 0
    endloop
  endfacet
  facet normal 0.969931 -0.243382 0
    outer loop
      vertex -10.5257 -24.0064 1.5
      vertex -10.4851 -23.8446 0
      vertex -10.4851 -23.8446 1.5
    endloop
  endfacet
  facet normal 0.969931 -0.243382 0
    outer loop
      vertex -10.4851 -23.8446 0
      vertex -10.5257 -24.0064 1.5
      vertex -10.5257 -24.0064 0
    endloop
  endfacet
  facet normal -0.803211 -0.595695 0
    outer loop
      vertex -7.44482 -23.3936 0
      vertex -7.5442 -23.2596 1.5
      vertex -7.5442 -23.2596 0
    endloop
  endfacet
  facet normal -0.803211 -0.595695 0
    outer loop
      vertex -7.5442 -23.2596 1.5
      vertex -7.44482 -23.3936 0
      vertex -7.44482 -23.3936 1.5
    endloop
  endfacet
  facet normal 0.941566 0.33683 0
    outer loop
      vertex -10.4289 -24.9886 1.5
      vertex -10.4851 -24.8315 0
      vertex -10.4851 -24.8315 1.5
    endloop
  endfacet
  facet normal 0.941566 0.33683 0
    outer loop
      vertex -10.4851 -24.8315 0
      vertex -10.4289 -24.9886 1.5
      vertex -10.4289 -24.9886 0
    endloop
  endfacet
  facet normal 0.513817 -0.8579 0
    outer loop
      vertex -9.80279 -22.9245 0
      vertex -9.6597 -22.8388 1.5
      vertex -9.80279 -22.9245 1.5
    endloop
  endfacet
  facet normal 0.513817 -0.8579 0
    outer loop
      vertex -9.6597 -22.8388 1.5
      vertex -9.80279 -22.9245 0
      vertex -9.6597 -22.8388 0
    endloop
  endfacet
  facet normal 0.336868 -0.941552 0
    outer loop
      vertex -9.50888 -22.7674 0
      vertex -9.3518 -22.7112 1.5
      vertex -9.50888 -22.7674 1.5
    endloop
  endfacet
  facet normal 0.336868 -0.941552 0
    outer loop
      vertex -9.3518 -22.7112 1.5
      vertex -9.50888 -22.7674 0
      vertex -9.3518 -22.7112 0
    endloop
  endfacet
  facet normal -0.242775 -0.970083 0
    outer loop
      vertex -8.52667 -22.6707 0
      vertex -8.36484 -22.7112 1.5
      vertex -8.52667 -22.6707 1.5
    endloop
  endfacet
  facet normal -0.242775 -0.970083 -0
    outer loop
      vertex -8.36484 -22.7112 1.5
      vertex -8.52667 -22.6707 0
      vertex -8.36484 -22.7112 0
    endloop
  endfacet
  facet normal -0.427909 -0.903822 0
    outer loop
      vertex -8.20776 -22.7674 0
      vertex -8.05695 -22.8388 1.5
      vertex -8.20776 -22.7674 1.5
    endloop
  endfacet
  facet normal -0.427909 -0.903822 -0
    outer loop
      vertex -8.05695 -22.8388 1.5
      vertex -8.20776 -22.7674 0
      vertex -8.05695 -22.8388 0
    endloop
  endfacet
  facet normal 0.989242 -0.146288 0
    outer loop
      vertex -10.5501 -24.1714 1.5
      vertex -10.5257 -24.0064 0
      vertex -10.5257 -24.0064 1.5
    endloop
  endfacet
  facet normal 0.989242 -0.146288 0
    outer loop
      vertex -10.5257 -24.0064 0
      vertex -10.5501 -24.1714 1.5
      vertex -10.5501 -24.1714 0
    endloop
  endfacet
  facet normal 0.242775 -0.970083 0
    outer loop
      vertex -9.3518 -22.7112 0
      vertex -9.18997 -22.6707 1.5
      vertex -9.3518 -22.7112 1.5
    endloop
  endfacet
  facet normal 0.242775 -0.970083 0
    outer loop
      vertex -9.18997 -22.6707 1.5
      vertex -9.3518 -22.7112 0
      vertex -9.18997 -22.6707 0
    endloop
  endfacet
  facet normal 0.857652 -0.514231 0
    outer loop
      vertex -10.3576 -23.5367 1.5
      vertex -10.2718 -23.3936 0
      vertex -10.2718 -23.3936 1.5
    endloop
  endfacet
  facet normal 0.857652 -0.514231 0
    outer loop
      vertex -10.2718 -23.3936 0
      vertex -10.3576 -23.5367 1.5
      vertex -10.3576 -23.5367 0
    endloop
  endfacet
  facet normal 0.969931 0.243382 0
    outer loop
      vertex -10.4851 -24.8315 1.5
      vertex -10.5257 -24.6697 0
      vertex -10.5257 -24.6697 1.5
    endloop
  endfacet
  facet normal 0.969931 0.243382 0
    outer loop
      vertex -10.5257 -24.6697 0
      vertex -10.4851 -24.8315 1.5
      vertex -10.4851 -24.8315 0
    endloop
  endfacet
  facet normal -0.97003 0.242987 0
    outer loop
      vertex -7.23152 -24.8315 0
      vertex -7.19099 -24.6697 1.5
      vertex -7.19099 -24.6697 0
    endloop
  endfacet
  facet normal -0.97003 0.242987 0
    outer loop
      vertex -7.19099 -24.6697 1.5
      vertex -7.23152 -24.8315 0
      vertex -7.23152 -24.8315 1.5
    endloop
  endfacet
  facet normal -0.941546 0.336883 0
    outer loop
      vertex -7.28773 -24.9886 0
      vertex -7.23152 -24.8315 1.5
      vertex -7.23152 -24.8315 0
    endloop
  endfacet
  facet normal -0.941546 0.336883 0
    outer loop
      vertex -7.23152 -24.8315 1.5
      vertex -7.28773 -24.9886 0
      vertex -7.28773 -24.9886 1.5
    endloop
  endfacet
  facet normal 0.595772 -0.803154 0
    outer loop
      vertex -9.93679 -23.0239 0
      vertex -9.80279 -22.9245 1.5
      vertex -9.93679 -23.0239 1.5
    endloop
  endfacet
  facet normal 0.595772 -0.803154 0
    outer loop
      vertex -9.80279 -22.9245 1.5
      vertex -9.93679 -23.0239 0
      vertex -9.80279 -22.9245 0
    endloop
  endfacet
  facet normal -0.857757 0.514055 0
    outer loop
      vertex -7.44482 -25.2825 0
      vertex -7.35906 -25.1394 1.5
      vertex -7.35906 -25.1394 0
    endloop
  endfacet
  facet normal -0.857757 0.514055 0
    outer loop
      vertex -7.35906 -25.1394 1.5
      vertex -7.44482 -25.2825 0
      vertex -7.44482 -25.2825 1.5
    endloop
  endfacet
  facet normal 0.989242 0.146288 0
    outer loop
      vertex -10.5257 -24.6697 1.5
      vertex -10.5501 -24.5047 0
      vertex -10.5501 -24.5047 1.5
    endloop
  endfacet
  facet normal 0.989242 0.146288 0
    outer loop
      vertex -10.5501 -24.5047 0
      vertex -10.5257 -24.6697 1.5
      vertex -10.5257 -24.6697 0
    endloop
  endfacet
  facet normal -0.595772 -0.803154 0
    outer loop
      vertex -7.91385 -22.9245 0
      vertex -7.77985 -23.0239 1.5
      vertex -7.91385 -22.9245 1.5
    endloop
  endfacet
  facet normal -0.595772 -0.803154 -0
    outer loop
      vertex -7.77985 -23.0239 1.5
      vertex -7.91385 -22.9245 0
      vertex -7.77985 -23.0239 0
    endloop
  endfacet
  facet normal 0.0491513 -0.998791 0
    outer loop
      vertex -9.02495 -22.6462 0
      vertex -8.85832 -22.638 1.5
      vertex -9.02495 -22.6462 1.5
    endloop
  endfacet
  facet normal 0.0491513 -0.998791 0
    outer loop
      vertex -8.85832 -22.638 1.5
      vertex -9.02495 -22.6462 0
      vertex -8.85832 -22.638 0
    endloop
  endfacet
  facet normal 0.427396 0.904065 -0
    outer loop
      vertex -9.50888 -25.9086 0
      vertex -9.6597 -25.8373 1.5
      vertex -9.50888 -25.9086 1.5
    endloop
  endfacet
  facet normal 0.427396 0.904065 0
    outer loop
      vertex -9.6597 -25.8373 1.5
      vertex -9.50888 -25.9086 0
      vertex -9.6597 -25.8373 0
    endloop
  endfacet
  facet normal -0.903973 0.427589 0
    outer loop
      vertex -7.35906 -25.1394 0
      vertex -7.28773 -24.9886 1.5
      vertex -7.28773 -24.9886 0
    endloop
  endfacet
  facet normal -0.903973 0.427589 0
    outer loop
      vertex -7.28773 -24.9886 1.5
      vertex -7.35906 -25.1394 0
      vertex -7.35906 -25.1394 1.5
    endloop
  endfacet
  facet normal -0.0491513 -0.998791 0
    outer loop
      vertex -8.85832 -22.638 0
      vertex -8.69169 -22.6462 1.5
      vertex -8.85832 -22.638 1.5
    endloop
  endfacet
  facet normal -0.0491513 -0.998791 -0
    outer loop
      vertex -8.69169 -22.6462 1.5
      vertex -8.85832 -22.638 0
      vertex -8.69169 -22.6462 0
    endloop
  endfacet
  facet normal 0.904043 -0.427442 0
    outer loop
      vertex -10.4289 -23.6875 1.5
      vertex -10.3576 -23.5367 0
      vertex -10.3576 -23.5367 1.5
    endloop
  endfacet
  facet normal 0.904043 -0.427442 0
    outer loop
      vertex -10.3576 -23.5367 0
      vertex -10.4289 -23.6875 1.5
      vertex -10.4289 -23.6875 0
    endloop
  endfacet
  facet normal 0.336868 0.941552 -0
    outer loop
      vertex -9.3518 -25.9648 0
      vertex -9.50888 -25.9086 1.5
      vertex -9.3518 -25.9648 1.5
    endloop
  endfacet
  facet normal 0.336868 0.941552 0
    outer loop
      vertex -9.50888 -25.9086 1.5
      vertex -9.3518 -25.9648 0
      vertex -9.50888 -25.9086 0
    endloop
  endfacet
  facet normal 0.595385 0.80344 -0
    outer loop
      vertex -9.80279 -25.7515 0
      vertex -9.93679 -25.6522 1.5
      vertex -9.80279 -25.7515 1.5
    endloop
  endfacet
  facet normal 0.595385 0.80344 0
    outer loop
      vertex -9.93679 -25.6522 1.5
      vertex -9.80279 -25.7515 0
      vertex -9.93679 -25.6522 0
    endloop
  endfacet
  facet normal -0.989173 0.146757 0
    outer loop
      vertex -7.19099 -24.6697 0
      vertex -7.16651 -24.5047 1.5
      vertex -7.16651 -24.5047 0
    endloop
  endfacet
  facet normal -0.989173 0.146757 0
    outer loop
      vertex -7.16651 -24.5047 1.5
      vertex -7.19099 -24.6697 0
      vertex -7.19099 -24.6697 1.5
    endloop
  endfacet
  facet normal -0.740905 0.67161 0
    outer loop
      vertex -7.65624 -25.5401 0
      vertex -7.5442 -25.4165 1.5
      vertex -7.5442 -25.4165 0
    endloop
  endfacet
  facet normal -0.740905 0.67161 0
    outer loop
      vertex -7.5442 -25.4165 1.5
      vertex -7.65624 -25.5401 0
      vertex -7.65624 -25.5401 1.5
    endloop
  endfacet
  facet normal -0.857757 -0.514055 0
    outer loop
      vertex -7.35906 -23.5367 0
      vertex -7.44482 -23.3936 1.5
      vertex -7.44482 -23.3936 0
    endloop
  endfacet
  facet normal -0.857757 -0.514055 0
    outer loop
      vertex -7.44482 -23.3936 1.5
      vertex -7.35906 -23.5367 0
      vertex -7.35906 -23.5367 1.5
    endloop
  endfacet
  facet normal 0.427885 -0.903833 0
    outer loop
      vertex -9.6597 -22.8388 0
      vertex -9.50888 -22.7674 1.5
      vertex -9.6597 -22.8388 1.5
    endloop
  endfacet
  facet normal 0.427885 -0.903833 0
    outer loop
      vertex -9.50888 -22.7674 1.5
      vertex -9.6597 -22.8388 0
      vertex -9.50888 -22.7674 0
    endloop
  endfacet
  facet normal 0.741024 0.671478 0
    outer loop
      vertex -10.0604 -25.5401 1.5
      vertex -10.1724 -25.4165 0
      vertex -10.1724 -25.4165 1.5
    endloop
  endfacet
  facet normal 0.741024 0.671478 0
    outer loop
      vertex -10.1724 -25.4165 0
      vertex -10.0604 -25.5401 1.5
      vertex -10.0604 -25.5401 0
    endloop
  endfacet
  facet normal 0.803154 0.595772 0
    outer loop
      vertex -10.1724 -25.4165 1.5
      vertex -10.2718 -25.2825 0
      vertex -10.2718 -25.2825 1.5
    endloop
  endfacet
  facet normal 0.803154 0.595772 0
    outer loop
      vertex -10.2718 -25.2825 0
      vertex -10.1724 -25.4165 1.5
      vertex -10.1724 -25.4165 0
    endloop
  endfacet
  facet normal 0.671777 -0.740753 0
    outer loop
      vertex -10.0604 -23.136 0
      vertex -9.93679 -23.0239 1.5
      vertex -10.0604 -23.136 1.5
    endloop
  endfacet
  facet normal 0.671777 -0.740753 0
    outer loop
      vertex -9.93679 -23.0239 1.5
      vertex -10.0604 -23.136 0
      vertex -9.93679 -23.0239 0
    endloop
  endfacet
  facet normal 0.671777 0.740753 -0
    outer loop
      vertex -9.93679 -25.6522 0
      vertex -10.0604 -25.5401 1.5
      vertex -9.93679 -25.6522 1.5
    endloop
  endfacet
  facet normal 0.671777 0.740753 0
    outer loop
      vertex -10.0604 -25.5401 1.5
      vertex -9.93679 -25.6522 0
      vertex -10.0604 -25.5401 0
    endloop
  endfacet
  facet normal -0.671777 -0.740753 0
    outer loop
      vertex -7.77985 -23.0239 0
      vertex -7.65624 -23.136 1.5
      vertex -7.77985 -23.0239 1.5
    endloop
  endfacet
  facet normal -0.671777 -0.740753 -0
    outer loop
      vertex -7.65624 -23.136 1.5
      vertex -7.77985 -23.0239 0
      vertex -7.65624 -23.136 0
    endloop
  endfacet
  facet normal -0.740905 -0.67161 0
    outer loop
      vertex -7.5442 -23.2596 0
      vertex -7.65624 -23.136 1.5
      vertex -7.65624 -23.136 0
    endloop
  endfacet
  facet normal -0.740905 -0.67161 0
    outer loop
      vertex -7.65624 -23.136 1.5
      vertex -7.5442 -23.2596 0
      vertex -7.5442 -23.2596 1.5
    endloop
  endfacet
  facet normal 0.514258 0.857636 -0
    outer loop
      vertex -9.6597 -25.8373 0
      vertex -9.80279 -25.7515 1.5
      vertex -9.6597 -25.8373 1.5
    endloop
  endfacet
  facet normal 0.514258 0.857636 0
    outer loop
      vertex -9.80279 -25.7515 1.5
      vertex -9.6597 -25.8373 0
      vertex -9.80279 -25.7515 0
    endloop
  endfacet
  facet normal 0.803154 -0.595772 0
    outer loop
      vertex -10.2718 -23.3936 1.5
      vertex -10.1724 -23.2596 0
      vertex -10.1724 -23.2596 1.5
    endloop
  endfacet
  facet normal 0.803154 -0.595772 0
    outer loop
      vertex -10.1724 -23.2596 0
      vertex -10.2718 -23.3936 1.5
      vertex -10.2718 -23.3936 0
    endloop
  endfacet
  facet normal -0.595385 0.80344 0
    outer loop
      vertex -7.77985 -25.6522 0
      vertex -7.91385 -25.7515 1.5
      vertex -7.77985 -25.6522 1.5
    endloop
  endfacet
  facet normal -0.595385 0.80344 0
    outer loop
      vertex -7.91385 -25.7515 1.5
      vertex -7.77985 -25.6522 0
      vertex -7.91385 -25.7515 0
    endloop
  endfacet
  facet normal 0.998791 -0.0491602 0
    outer loop
      vertex -10.5583 -24.338 1.5
      vertex -10.5501 -24.1714 0
      vertex -10.5501 -24.1714 1.5
    endloop
  endfacet
  facet normal 0.998791 -0.0491602 0
    outer loop
      vertex -10.5501 -24.1714 0
      vertex -10.5583 -24.338 1.5
      vertex -10.5583 -24.338 0
    endloop
  endfacet
  facet normal 0.904043 0.427442 0
    outer loop
      vertex -10.3576 -25.1394 1.5
      vertex -10.4289 -24.9886 0
      vertex -10.4289 -24.9886 1.5
    endloop
  endfacet
  facet normal 0.904043 0.427442 0
    outer loop
      vertex -10.4289 -24.9886 0
      vertex -10.3576 -25.1394 1.5
      vertex -10.3576 -25.1394 0
    endloop
  endfacet
  facet normal 0.741024 -0.671478 0
    outer loop
      vertex -10.1724 -23.2596 1.5
      vertex -10.0604 -23.136 0
      vertex -10.0604 -23.136 1.5
    endloop
  endfacet
  facet normal 0.741024 -0.671478 0
    outer loop
      vertex -10.0604 -23.136 0
      vertex -10.1724 -23.2596 1.5
      vertex -10.1724 -23.2596 0
    endloop
  endfacet
  facet normal -0.709021 -0.0348553 0.704325
    outer loop
      vertex -7.15832 -24.338 1.5
      vertex -5.66831 -24.3369 3
      vertex -7.16651 -24.1714 1.5
    endloop
  endfacet
  facet normal -0.708921 -0.0386684 0.704228
    outer loop
      vertex -5.66831 -24.3369 3
      vertex -7.15832 -24.338 1.5
      vertex -5.66825 -24.338 3
    endloop
  endfacet
  facet normal -0.364985 0.608847 0.704338
    outer loop
      vertex -7.35359 -27.1509 3
      vertex -7.08602 -26.9905 3
      vertex -7.91385 -25.7515 1.5
    endloop
  endfacet
  facet normal 0.702214 0.10399 0.704331
    outer loop
      vertex -11.9873 -24.9593 3
      vertex -10.5501 -24.5047 1.5
      vertex -12.033 -24.6507 3
    endloop
  endfacet
  facet normal -0.381757 -0.598086 0.704666
    outer loop
      vertex -7.08696 -21.685 3
      vertex -7.91385 -22.9245 1.5
      vertex -7.08602 -21.6856 3
    endloop
  endfacet
  facet normal -0.364732 -0.609022 0.704317
    outer loop
      vertex -7.91385 -22.9245 1.5
      vertex -7.08696 -21.685 3
      vertex -8.05695 -22.8388 1.5
    endloop
  endfacet
  facet normal 0.467295 -0.534052 0.704573
    outer loop
      vertex -10.8829 -21.8728 3
      vertex -9.93679 -23.0239 1.5
      vertex -10.8821 -21.8721 3
    endloop
  endfacet
  facet normal 0.476882 -0.525846 0.704322
    outer loop
      vertex -9.93679 -23.0239 1.5
      vertex -10.8829 -21.8728 3
      vertex -10.0604 -23.136 1.5
    endloop
  endfacet
  facet normal 0.591732 -0.394488 0.703017
    outer loop
      vertex -11.3249 -22.3152 3
      vertex -10.1724 -23.2596 1.5
      vertex -11.3243 -22.3143 3
    endloop
  endfacet
  facet normal 0.570138 -0.422923 0.704328
    outer loop
      vertex -10.1724 -23.2596 1.5
      vertex -11.3249 -22.3152 3
      vertex -10.2718 -23.3936 1.5
    endloop
  endfacet
  facet normal -0.572527 -0.419853 0.704227
    outer loop
      vertex -7.5442 -23.2596 1.5
      vertex -6.39171 -22.3152 3
      vertex -6.39237 -22.3143 3
    endloop
  endfacet
  facet normal -0.570182 -0.42287 0.704325
    outer loop
      vertex -6.39171 -22.3152 3
      vertex -7.5442 -23.2596 1.5
      vertex -7.44482 -23.3936 1.5
    endloop
  endfacet
  facet normal 0.422794 -0.570249 0.704316
    outer loop
      vertex -9.80279 -22.9245 1.5
      vertex -10.6306 -21.6856 3
      vertex -10.8812 -21.8714 3
    endloop
  endfacet
  facet normal -0.641718 -0.303519 0.704325
    outer loop
      vertex -5.91108 -23.1173 3
      vertex -6.04446 -22.8353 3
      vertex -7.28773 -23.6875 1.5
    endloop
  endfacet
  facet normal -0.608837 0.365029 0.704323
    outer loop
      vertex -6.20588 -26.1103 3
      vertex -6.0455 -25.8428 3
      vertex -7.44482 -25.2825 1.5
    endloop
  endfacet
  facet normal 0.688551 -0.172776 0.704305
    outer loop
      vertex -11.9868 -23.7146 3
      vertex -10.5257 -24.0064 1.5
      vertex -10.4851 -23.8446 1.5
    endloop
  endfacet
  facet normal 0.685292 -0.186898 0.703878
    outer loop
      vertex -10.5257 -24.0064 1.5
      vertex -11.9868 -23.7146 3
      vertex -11.9871 -23.7157 3
    endloop
  endfacet
  facet normal -0.438642 -0.557702 0.704671
    outer loop
      vertex -6.83545 -21.8714 3
      vertex -7.77985 -23.0239 1.5
      vertex -6.83456 -21.8721 3
    endloop
  endfacet
  facet normal -0.422923 -0.570138 0.704328
    outer loop
      vertex -7.77985 -23.0239 1.5
      vertex -6.83545 -21.8714 3
      vertex -7.91385 -22.9245 1.5
    endloop
  endfacet
  facet normal 0.526035 0.476666 0.704328
    outer loop
      vertex -10.1724 -25.4165 1.5
      vertex -11.3235 -26.3626 3
      vertex -10.0604 -25.5401 1.5
    endloop
  endfacet
  facet normal 0.502851 0.502851 0.703052
    outer loop
      vertex -11.3235 -26.3626 3
      vertex -10.1724 -25.4165 1.5
      vertex -11.3243 -26.3618 3
    endloop
  endfacet
  facet normal 0.526036 -0.476663 0.704328
    outer loop
      vertex -10.0604 -23.136 1.5
      vertex -11.114 -22.0823 3
      vertex -11.3235 -22.3135 3
    endloop
  endfacet
  facet normal -0.476713 -0.525978 0.704338
    outer loop
      vertex -6.6026 -22.0823 3
      vertex -6.83375 -21.8728 3
      vertex -7.65624 -23.136 1.5
    endloop
  endfacet
  facet normal 0.702214 -0.10399 0.704331
    outer loop
      vertex -10.5501 -24.1714 1.5
      vertex -11.9873 -23.7168 3
      vertex -12.033 -24.0254 3
    endloop
  endfacet
  facet normal -0.254723 -0.66228 0.704629
    outer loop
      vertex -7.63858 -21.3904 3
      vertex -8.20776 -22.7674 1.5
      vertex -7.63754 -21.3908 3
    endloop
  endfacet
  facet normal -0.239136 -0.668389 0.704322
    outer loop
      vertex -8.20776 -22.7674 1.5
      vertex -7.63858 -21.3904 3
      vertex -8.36484 -22.7112 1.5
    endloop
  endfacet
  facet normal -0.103999 0.702235 0.704309
    outer loop
      vertex -8.54564 -27.5127 3
      vertex -8.23706 -27.467 3
      vertex -8.69169 -26.0299 1.5
    endloop
  endfacet
  facet normal -0.570212 0.422835 0.704321
    outer loop
      vertex -6.39171 -26.3609 3
      vertex -6.20588 -26.1103 3
      vertex -7.44482 -25.2825 1.5
    endloop
  endfacet
  facet normal -0.642493 -0.301972 0.704283
    outer loop
      vertex -7.35906 -23.5367 1.5
      vertex -6.04446 -22.8353 3
      vertex -6.04493 -22.8343 3
    endloop
  endfacet
  facet normal -0.641709 -0.303535 0.704327
    outer loop
      vertex -6.04446 -22.8353 3
      vertex -7.35906 -23.5367 1.5
      vertex -7.28773 -23.6875 1.5
    endloop
  endfacet
  facet normal 0.317677 -0.635355 0.70385
    outer loop
      vertex -10.0801 -21.3913 3
      vertex -9.50888 -22.7674 1.5
      vertex -10.0791 -21.3908 3
    endloop
  endfacet
  facet normal 0.303755 -0.641629 0.704305
    outer loop
      vertex -9.50888 -22.7674 1.5
      vertex -10.0801 -21.3913 3
      vertex -9.6597 -22.8388 1.5
    endloop
  endfacet
  facet normal 0.57004 -0.423036 0.70434
    outer loop
      vertex -10.2718 -23.3936 1.5
      vertex -11.3249 -22.3152 3
      vertex -11.5108 -22.5657 3
    endloop
  endfacet
  facet normal 0.10425 -0.702177 0.704329
    outer loop
      vertex -9.47958 -21.2091 3
      vertex -9.18997 -22.6707 1.5
      vertex -9.02495 -22.6462 1.5
    endloop
  endfacet
  facet normal 0.128046 -0.697849 0.704706
    outer loop
      vertex -9.18997 -22.6707 1.5
      vertex -9.47958 -21.2091 3
      vertex -9.48067 -21.2093 3
    endloop
  endfacet
  facet normal -0.303548 -0.641706 0.704323
    outer loop
      vertex -7.35453 -21.5247 3
      vertex -7.63654 -21.3913 3
      vertex -8.05695 -22.8388 1.5
    endloop
  endfacet
  facet normal -0.702197 -0.104146 0.704324
    outer loop
      vertex -5.68362 -24.0254 3
      vertex -5.72939 -23.7168 3
      vertex -7.16651 -24.1714 1.5
    endloop
  endfacet
  facet normal 0.641704 -0.303558 0.704321
    outer loop
      vertex -10.3576 -23.5367 1.5
      vertex -11.6717 -22.8343 3
      vertex -11.8051 -23.1163 3
    endloop
  endfacet
  facet normal -0.130356 -0.697405 0.704722
    outer loop
      vertex -8.52667 -22.6707 1.5
      vertex -8.2349 -21.2095 3
      vertex -8.23597 -21.2093 3
    endloop
  endfacet
  facet normal -0.172338 -0.688628 0.704337
    outer loop
      vertex -8.2349 -21.2095 3
      vertex -8.52667 -22.6707 1.5
      vertex -8.36484 -22.7112 1.5
    endloop
  endfacet
  facet normal -0.570182 0.42287 0.704325
    outer loop
      vertex -7.5442 -25.4165 1.5
      vertex -6.39171 -26.3609 3
      vertex -7.44482 -25.2825 1.5
    endloop
  endfacet
  facet normal -0.572527 0.419853 0.704227
    outer loop
      vertex -6.39171 -26.3609 3
      vertex -7.5442 -25.4165 1.5
      vertex -6.39237 -26.3618 3
    endloop
  endfacet
  facet normal 0.688599 -0.172491 0.704328
    outer loop
      vertex -10.4851 -23.8446 1.5
      vertex -11.911 -23.412 3
      vertex -11.9868 -23.7146 3
    endloop
  endfacet
  facet normal -0.172486 -0.688603 0.704325
    outer loop
      vertex -7.93229 -21.2853 3
      vertex -8.2349 -21.2095 3
      vertex -8.36484 -22.7112 1.5
    endloop
  endfacet
  facet normal 0.60888 0.364964 0.70432
    outer loop
      vertex -11.5113 -26.1094 3
      vertex -10.3576 -25.1394 1.5
      vertex -11.6717 -25.8418 3
    endloop
  endfacet
  facet normal 0.641704 0.303558 0.704321
    outer loop
      vertex -11.6717 -25.8418 3
      vertex -10.3576 -25.1394 1.5
      vertex -11.8051 -25.5598 3
    endloop
  endfacet
  facet normal -0.616469 0.351387 0.704623
    outer loop
      vertex -7.35906 -25.1394 1.5
      vertex -6.0455 -25.8428 3
      vertex -6.04493 -25.8418 3
    endloop
  endfacet
  facet normal -0.608896 0.364912 0.704333
    outer loop
      vertex -6.0455 -25.8428 3
      vertex -7.35906 -25.1394 1.5
      vertex -7.44482 -25.2825 1.5
    endloop
  endfacet
  facet normal -0.128046 -0.697849 0.704706
    outer loop
      vertex -8.23706 -21.2091 3
      vertex -8.52667 -22.6707 1.5
      vertex -8.23597 -21.2093 3
    endloop
  endfacet
  facet normal -0.10425 -0.702177 0.704329
    outer loop
      vertex -8.52667 -22.6707 1.5
      vertex -8.23706 -21.2091 3
      vertex -8.69169 -22.6462 1.5
    endloop
  endfacet
  facet normal 0.526035 -0.476666 0.704328
    outer loop
      vertex -11.3235 -22.3135 3
      vertex -10.1724 -23.2596 1.5
      vertex -10.0604 -23.136 1.5
    endloop
  endfacet
  facet normal 0.502851 -0.502851 0.703052
    outer loop
      vertex -10.1724 -23.2596 1.5
      vertex -11.3235 -22.3135 3
      vertex -11.3243 -22.3143 3
    endloop
  endfacet
  facet normal -0.303542 0.641694 0.704337
    outer loop
      vertex -7.63754 -27.2853 3
      vertex -7.35553 -27.1519 3
      vertex -8.20776 -25.9086 1.5
    endloop
  endfacet
  facet normal 0.637016 -0.318508 0.701971
    outer loop
      vertex -11.5113 -22.5667 3
      vertex -10.2718 -23.3936 1.5
      vertex -11.5108 -22.5657 3
    endloop
  endfacet
  facet normal 0.608826 -0.36504 0.704327
    outer loop
      vertex -10.2718 -23.3936 1.5
      vertex -11.5113 -22.5667 3
      vertex -10.3576 -23.5367 1.5
    endloop
  endfacet
  facet normal 0.681251 -0.204375 0.702942
    outer loop
      vertex -11.8059 -23.1183 3
      vertex -10.4289 -23.6875 1.5
      vertex -11.8056 -23.1173 3
    endloop
  endfacet
  facet normal 0.668398 -0.239109 0.704323
    outer loop
      vertex -10.4289 -23.6875 1.5
      vertex -11.8059 -23.1183 3
      vertex -10.4851 -23.8446 1.5
    endloop
  endfacet
  facet normal -0.365037 0.608821 0.704333
    outer loop
      vertex -8.05695 -25.8373 1.5
      vertex -7.35359 -27.1509 3
      vertex -7.91385 -25.7515 1.5
    endloop
  endfacet
  facet normal -0.33317 0.626359 0.704749
    outer loop
      vertex -7.35359 -27.1509 3
      vertex -8.05695 -25.8373 1.5
      vertex -7.35453 -27.1514 3
    endloop
  endfacet
  facet normal -0.665611 -0.246276 0.704493
    outer loop
      vertex -7.28773 -23.6875 1.5
      vertex -5.91071 -23.1183 3
      vertex -5.91108 -23.1173 3
    endloop
  endfacet
  facet normal -0.668379 -0.239145 0.704329
    outer loop
      vertex -5.91071 -23.1183 3
      vertex -7.28773 -23.6875 1.5
      vertex -7.23152 -23.8446 1.5
    endloop
  endfacet
  facet normal 0.130356 -0.697405 0.704722
    outer loop
      vertex -9.48174 -21.2095 3
      vertex -9.18997 -22.6707 1.5
      vertex -9.48067 -21.2093 3
    endloop
  endfacet
  facet normal 0.172338 -0.688628 0.704337
    outer loop
      vertex -9.18997 -22.6707 1.5
      vertex -9.48174 -21.2095 3
      vertex -9.3518 -22.7112 1.5
    endloop
  endfacet
  facet normal -0.526043 0.476646 0.704335
    outer loop
      vertex -6.6026 -26.5938 3
      vertex -6.39311 -26.3626 3
      vertex -7.65624 -25.5401 1.5
    endloop
  endfacet
  facet normal -0.708921 0.0386684 0.704228
    outer loop
      vertex -7.15832 -24.338 1.5
      vertex -5.66831 -24.3391 3
      vertex -5.66825 -24.338 3
    endloop
  endfacet
  facet normal -0.709022 0.0348344 0.704325
    outer loop
      vertex -5.66831 -24.3391 3
      vertex -7.15832 -24.338 1.5
      vertex -7.16651 -24.5047 1.5
    endloop
  endfacet
  facet normal 0.422783 0.570233 0.704335
    outer loop
      vertex -10.6306 -26.9905 3
      vertex -9.80279 -25.7515 1.5
      vertex -10.8812 -26.8047 3
    endloop
  endfacet
  facet normal 0.476773 0.52593 0.704333
    outer loop
      vertex -10.8829 -26.8033 3
      vertex -10.0604 -25.5401 1.5
      vertex -11.114 -26.5938 3
    endloop
  endfacet
  facet normal -0.709021 -0.0348479 0.704326
    outer loop
      vertex -5.66831 -24.3369 3
      vertex -5.68362 -24.0254 3
      vertex -7.16651 -24.1714 1.5
    endloop
  endfacet
  facet normal -0.641718 0.303519 0.704325
    outer loop
      vertex -6.04446 -25.8408 3
      vertex -5.91108 -25.5588 3
      vertex -7.28773 -24.9886 1.5
    endloop
  endfacet
  facet normal -0.702197 0.104146 0.704324
    outer loop
      vertex -5.72939 -24.9593 3
      vertex -5.68362 -24.6507 3
      vertex -7.16651 -24.5047 1.5
    endloop
  endfacet
  facet normal -0.422814 0.570208 0.704337
    outer loop
      vertex -7.08602 -26.9905 3
      vertex -6.83545 -26.8047 3
      vertex -7.91385 -25.7515 1.5
    endloop
  endfacet
  facet normal 0.103999 0.702235 0.704309
    outer loop
      vertex -9.171 -27.5127 3
      vertex -9.02495 -26.0299 1.5
      vertex -9.47958 -27.467 3
    endloop
  endfacet
  facet normal 0.698064 -0.126921 0.704697
    outer loop
      vertex -11.9873 -23.7168 3
      vertex -10.5257 -24.0064 1.5
      vertex -11.9871 -23.7157 3
    endloop
  endfacet
  facet normal 0.702247 -0.103847 0.704319
    outer loop
      vertex -10.5257 -24.0064 1.5
      vertex -11.9873 -23.7168 3
      vertex -10.5501 -24.1714 1.5
    endloop
  endfacet
  facet normal -0.688599 0.172491 0.704328
    outer loop
      vertex -5.80562 -25.2641 3
      vertex -5.72982 -24.9615 3
      vertex -7.23152 -24.8315 1.5
    endloop
  endfacet
  facet normal -0.317677 -0.635355 0.70385
    outer loop
      vertex -8.20776 -22.7674 1.5
      vertex -7.63654 -21.3913 3
      vertex -7.63754 -21.3908 3
    endloop
  endfacet
  facet normal -0.303772 -0.641622 0.704304
    outer loop
      vertex -7.63654 -21.3913 3
      vertex -8.20776 -22.7674 1.5
      vertex -8.05695 -22.8388 1.5
    endloop
  endfacet
  facet normal -0.521262 0.482167 0.704132
    outer loop
      vertex -7.5442 -25.4165 1.5
      vertex -6.39311 -26.3626 3
      vertex -6.39237 -26.3618 3
    endloop
  endfacet
  facet normal -0.525953 0.476762 0.704323
    outer loop
      vertex -6.39311 -26.3626 3
      vertex -7.5442 -25.4165 1.5
      vertex -7.65624 -25.5401 1.5
    endloop
  endfacet
  facet normal -0.422826 -0.570223 0.704318
    outer loop
      vertex -6.83545 -21.8714 3
      vertex -7.08602 -21.6856 3
      vertex -7.91385 -22.9245 1.5
    endloop
  endfacet
  facet normal 0.364749 -0.609008 0.70432
    outer loop
      vertex -10.6297 -21.685 3
      vertex -9.80279 -22.9245 1.5
      vertex -9.6597 -22.8388 1.5
    endloop
  endfacet
  facet normal 0.39354 -0.59031 0.704741
    outer loop
      vertex -9.80279 -22.9245 1.5
      vertex -10.6297 -21.685 3
      vertex -10.6306 -21.6856 3
    endloop
  endfacet
  facet normal -0.463963 -0.536872 0.704632
    outer loop
      vertex -7.77985 -23.0239 1.5
      vertex -6.83375 -21.8728 3
      vertex -6.83456 -21.8721 3
    endloop
  endfacet
  facet normal -0.476883 -0.525847 0.704321
    outer loop
      vertex -6.83375 -21.8728 3
      vertex -7.77985 -23.0239 1.5
      vertex -7.65624 -23.136 1.5
    endloop
  endfacet
  facet normal -0.239168 -0.668375 0.704325
    outer loop
      vertex -7.63858 -21.3904 3
      vertex -7.93229 -21.2853 3
      vertex -8.36484 -22.7112 1.5
    endloop
  endfacet
  facet normal -0.641709 0.303535 0.704327
    outer loop
      vertex -7.35906 -25.1394 1.5
      vertex -6.04446 -25.8408 3
      vertex -7.28773 -24.9886 1.5
    endloop
  endfacet
  facet normal -0.642493 0.301972 0.704283
    outer loop
      vertex -6.04446 -25.8408 3
      vertex -7.35906 -25.1394 1.5
      vertex -6.04493 -25.8418 3
    endloop
  endfacet
  facet normal 0.303551 0.64169 0.704337
    outer loop
      vertex -10.0791 -27.2853 3
      vertex -9.50888 -25.9086 1.5
      vertex -10.3611 -27.1519 3
    endloop
  endfacet
  facet normal 0.239139 0.668384 0.704326
    outer loop
      vertex -9.78435 -27.3907 3
      vertex -9.3518 -25.9648 1.5
      vertex -10.0781 -27.2856 3
    endloop
  endfacet
  facet normal 0.172486 -0.688603 0.704325
    outer loop
      vertex -9.3518 -22.7112 1.5
      vertex -9.48174 -21.2095 3
      vertex -9.78435 -21.2853 3
    endloop
  endfacet
  facet normal 0.476882 0.525846 0.704322
    outer loop
      vertex -10.8829 -26.8033 3
      vertex -9.93679 -25.6522 1.5
      vertex -10.0604 -25.5401 1.5
    endloop
  endfacet
  facet normal 0.467295 0.534052 0.704573
    outer loop
      vertex -9.93679 -25.6522 1.5
      vertex -10.8829 -26.8033 3
      vertex -10.8821 -26.804 3
    endloop
  endfacet
  facet normal -0.570123 -0.422938 0.704332
    outer loop
      vertex -6.20588 -22.5657 3
      vertex -6.39171 -22.3152 3
      vertex -7.44482 -23.3936 1.5
    endloop
  endfacet
  facet normal -0.616469 -0.351387 0.704623
    outer loop
      vertex -6.0455 -22.8333 3
      vertex -7.35906 -23.5367 1.5
      vertex -6.04493 -22.8343 3
    endloop
  endfacet
  facet normal -0.608896 -0.364912 0.704333
    outer loop
      vertex -7.35906 -23.5367 1.5
      vertex -6.0455 -22.8333 3
      vertex -7.44482 -23.3936 1.5
    endloop
  endfacet
  facet normal -0.70219 0.104179 0.704327
    outer loop
      vertex -7.19099 -24.6697 1.5
      vertex -5.72939 -24.9593 3
      vertex -7.16651 -24.5047 1.5
    endloop
  endfacet
  facet normal -0.702533 0.102187 0.704277
    outer loop
      vertex -5.72939 -24.9593 3
      vertex -7.19099 -24.6697 1.5
      vertex -5.72955 -24.9604 3
    endloop
  endfacet
  facet normal -0.60889 -0.364924 0.704332
    outer loop
      vertex -6.0455 -22.8333 3
      vertex -6.20588 -22.5657 3
      vertex -7.44482 -23.3936 1.5
    endloop
  endfacet
  facet normal 0.239139 -0.668384 0.704326
    outer loop
      vertex -9.3518 -22.7112 1.5
      vertex -9.78435 -21.2853 3
      vertex -10.0781 -21.3904 3
    endloop
  endfacet
  facet normal 0.172746 0.68856 0.704304
    outer loop
      vertex -9.48174 -27.4665 3
      vertex -9.18997 -26.0054 1.5
      vertex -9.3518 -25.9648 1.5
    endloop
  endfacet
  facet normal 0.191811 0.684124 0.703692
    outer loop
      vertex -9.18997 -26.0054 1.5
      vertex -9.48174 -27.4665 3
      vertex -9.48067 -27.4668 3
    endloop
  endfacet
  facet normal 0 0.709444 0.704762
    outer loop
      vertex -8.85832 -26.038 1.5
      vertex -8.85942 -27.5281 3
      vertex -8.85832 -27.5281 3
    endloop
  endfacet
  facet normal 0.0344655 0.70901 0.704356
    outer loop
      vertex -8.85942 -27.5281 3
      vertex -8.85832 -26.038 1.5
      vertex -9.02495 -26.0299 1.5
    endloop
  endfacet
  facet normal 0.422653 0.570347 0.704322
    outer loop
      vertex -9.93679 -25.6522 1.5
      vertex -10.8812 -26.8047 3
      vertex -9.80279 -25.7515 1.5
    endloop
  endfacet
  facet normal 0.435638 0.560106 0.704628
    outer loop
      vertex -10.8812 -26.8047 3
      vertex -9.93679 -25.6522 1.5
      vertex -10.8821 -26.804 3
    endloop
  endfacet
  facet normal -0.19724 0.683765 0.70254
    outer loop
      vertex -8.20776 -25.9086 1.5
      vertex -7.63858 -27.2856 3
      vertex -7.63754 -27.2853 3
    endloop
  endfacet
  facet normal -0.239136 0.668389 0.704322
    outer loop
      vertex -7.63858 -27.2856 3
      vertex -8.20776 -25.9086 1.5
      vertex -8.36484 -25.9648 1.5
    endloop
  endfacet
  facet normal -0.709022 0.0348367 0.704325
    outer loop
      vertex -5.68362 -24.6507 3
      vertex -5.66831 -24.3391 3
      vertex -7.16651 -24.5047 1.5
    endloop
  endfacet
  facet normal 0.641753 -0.303428 0.704333
    outer loop
      vertex -11.8051 -23.1163 3
      vertex -10.4289 -23.6875 1.5
      vertex -10.3576 -23.5367 1.5
    endloop
  endfacet
  facet normal 0.635338 -0.317669 0.70387
    outer loop
      vertex -10.4289 -23.6875 1.5
      vertex -11.8051 -23.1163 3
      vertex -11.8056 -23.1173 3
    endloop
  endfacet
  facet normal 0.476773 -0.52593 0.704333
    outer loop
      vertex -10.0604 -23.136 1.5
      vertex -10.8829 -21.8728 3
      vertex -11.114 -22.0823 3
    endloop
  endfacet
  facet normal -0.668375 0.239154 0.704329
    outer loop
      vertex -5.91071 -25.5578 3
      vertex -5.80562 -25.2641 3
      vertex -7.23152 -24.8315 1.5
    endloop
  endfacet
  facet normal 0.668398 0.239109 0.704323
    outer loop
      vertex -11.8059 -25.5578 3
      vertex -10.4289 -24.9886 1.5
      vertex -10.4851 -24.8315 1.5
    endloop
  endfacet
  facet normal 0.681251 0.204375 0.702942
    outer loop
      vertex -10.4289 -24.9886 1.5
      vertex -11.8059 -25.5578 3
      vertex -11.8056 -25.5588 3
    endloop
  endfacet
  facet normal 0.707973 0.0643612 0.703301
    outer loop
      vertex -12.0483 -24.3391 3
      vertex -10.5583 -24.338 1.5
      vertex -12.0484 -24.338 3
    endloop
  endfacet
  facet normal 0.709023 0.034877 0.704322
    outer loop
      vertex -10.5583 -24.338 1.5
      vertex -12.0483 -24.3391 3
      vertex -10.5501 -24.5047 1.5
    endloop
  endfacet
  facet normal 0.60888 -0.364964 0.70432
    outer loop
      vertex -10.3576 -23.5367 1.5
      vertex -11.5113 -22.5667 3
      vertex -11.6717 -22.8343 3
    endloop
  endfacet
  facet normal 0.641753 0.303428 0.704333
    outer loop
      vertex -10.4289 -24.9886 1.5
      vertex -11.8051 -25.5598 3
      vertex -10.3576 -25.1394 1.5
    endloop
  endfacet
  facet normal 0.635338 0.317669 0.70387
    outer loop
      vertex -11.8051 -25.5598 3
      vertex -10.4289 -24.9886 1.5
      vertex -11.8056 -25.5588 3
    endloop
  endfacet
  facet normal 0.104219 -0.702184 0.704327
    outer loop
      vertex -9.02495 -22.6462 1.5
      vertex -9.171 -21.1633 3
      vertex -9.47958 -21.2091 3
    endloop
  endfacet
  facet normal -0.476883 0.525847 0.704321
    outer loop
      vertex -7.77985 -25.6522 1.5
      vertex -6.83375 -26.8033 3
      vertex -7.65624 -25.5401 1.5
    endloop
  endfacet
  facet normal -0.463963 0.536872 0.704632
    outer loop
      vertex -6.83375 -26.8033 3
      vertex -7.77985 -25.6522 1.5
      vertex -6.83456 -26.804 3
    endloop
  endfacet
  facet normal -0.476713 0.525978 0.704338
    outer loop
      vertex -6.83375 -26.8033 3
      vertex -6.6026 -26.5938 3
      vertex -7.65624 -25.5401 1.5
    endloop
  endfacet
  facet normal 0 -0.709468 0.704738
    outer loop
      vertex -8.85832 -22.638 1.5
      vertex -8.85722 -21.148 3
      vertex -8.85832 -21.148 3
    endloop
  endfacet
  facet normal -0.0348916 -0.709023 0.704322
    outer loop
      vertex -8.85722 -21.148 3
      vertex -8.85832 -22.638 1.5
      vertex -8.69169 -22.6462 1.5
    endloop
  endfacet
  facet normal -0.364823 -0.608957 0.704326
    outer loop
      vertex -7.08696 -21.685 3
      vertex -7.35453 -21.5247 3
      vertex -8.05695 -22.8388 1.5
    endloop
  endfacet
  facet normal -0.521262 -0.482167 0.704132
    outer loop
      vertex -6.39311 -22.3135 3
      vertex -7.5442 -23.2596 1.5
      vertex -6.39237 -22.3143 3
    endloop
  endfacet
  facet normal -0.525953 -0.476762 0.704323
    outer loop
      vertex -7.5442 -23.2596 1.5
      vertex -6.39311 -22.3135 3
      vertex -7.65624 -23.136 1.5
    endloop
  endfacet
  facet normal -0.526043 -0.476646 0.704335
    outer loop
      vertex -6.39311 -22.3135 3
      vertex -6.6026 -22.0823 3
      vertex -7.65624 -23.136 1.5
    endloop
  endfacet
  facet normal 0.422922 -0.570137 0.70433
    outer loop
      vertex -10.8812 -21.8714 3
      vertex -9.93679 -23.0239 1.5
      vertex -9.80279 -22.9245 1.5
    endloop
  endfacet
  facet normal 0.435638 -0.560106 0.704628
    outer loop
      vertex -9.93679 -23.0239 1.5
      vertex -10.8812 -21.8714 3
      vertex -10.8821 -21.8721 3
    endloop
  endfacet
  facet normal -0.668375 -0.239154 0.704329
    outer loop
      vertex -5.80562 -23.412 3
      vertex -5.91071 -23.1183 3
      vertex -7.23152 -23.8446 1.5
    endloop
  endfacet
  facet normal 0.668368 -0.239174 0.704329
    outer loop
      vertex -10.4851 -23.8446 1.5
      vertex -11.8059 -23.1183 3
      vertex -11.911 -23.412 3
    endloop
  endfacet
  facet normal -0.0344655 0.70901 0.704356
    outer loop
      vertex -8.85832 -26.038 1.5
      vertex -8.85722 -27.5281 3
      vertex -8.69169 -26.0299 1.5
    endloop
  endfacet
  facet normal 0 0.709444 0.704762
    outer loop
      vertex -8.85722 -27.5281 3
      vertex -8.85832 -26.038 1.5
      vertex -8.85832 -27.5281 3
    endloop
  endfacet
  facet normal 0.707973 -0.0643612 0.703301
    outer loop
      vertex -10.5583 -24.338 1.5
      vertex -12.0483 -24.3369 3
      vertex -12.0484 -24.338 3
    endloop
  endfacet
  facet normal 0.709023 -0.0348979 0.704322
    outer loop
      vertex -12.0483 -24.3369 3
      vertex -10.5583 -24.338 1.5
      vertex -10.5501 -24.1714 1.5
    endloop
  endfacet
  facet normal 0.709021 -0.0348251 0.704327
    outer loop
      vertex -10.5501 -24.1714 1.5
      vertex -12.033 -24.0254 3
      vertex -12.0483 -24.3369 3
    endloop
  endfacet
  facet normal -0.104219 -0.702184 0.704327
    outer loop
      vertex -8.23706 -21.2091 3
      vertex -8.54564 -21.1633 3
      vertex -8.69169 -22.6462 1.5
    endloop
  endfacet
  facet normal -0.035044 0.709028 0.704309
    outer loop
      vertex -8.54564 -27.5127 3
      vertex -8.69169 -26.0299 1.5
      vertex -8.85722 -27.5281 3
    endloop
  endfacet
  facet normal 0.239135 -0.668386 0.704325
    outer loop
      vertex -10.0781 -21.3904 3
      vertex -9.50888 -22.7674 1.5
      vertex -9.3518 -22.7112 1.5
    endloop
  endfacet
  facet normal 0.263497 -0.658743 0.704718
    outer loop
      vertex -9.50888 -22.7674 1.5
      vertex -10.0781 -21.3904 3
      vertex -10.0791 -21.3908 3
    endloop
  endfacet
  facet normal 0.303558 -0.641704 0.704321
    outer loop
      vertex -9.6597 -22.8388 1.5
      vertex -10.0801 -21.3913 3
      vertex -10.3621 -21.5247 3
    endloop
  endfacet
  facet normal 0.365054 0.608806 0.704337
    outer loop
      vertex -10.3631 -27.1509 3
      vertex -9.6597 -25.8373 1.5
      vertex -9.80279 -25.7515 1.5
    endloop
  endfacet
  facet normal 0.317338 0.634675 0.704616
    outer loop
      vertex -9.6597 -25.8373 1.5
      vertex -10.3631 -27.1509 3
      vertex -10.3621 -27.1514 3
    endloop
  endfacet
  facet normal -0.0348161 -0.709021 0.704328
    outer loop
      vertex -8.69169 -22.6462 1.5
      vertex -8.54564 -21.1633 3
      vertex -8.85722 -21.148 3
    endloop
  endfacet
  facet normal -0.438642 0.557702 0.704671
    outer loop
      vertex -7.77985 -25.6522 1.5
      vertex -6.83545 -26.8047 3
      vertex -6.83456 -26.804 3
    endloop
  endfacet
  facet normal -0.422654 0.570348 0.70432
    outer loop
      vertex -6.83545 -26.8047 3
      vertex -7.77985 -25.6522 1.5
      vertex -7.91385 -25.7515 1.5
    endloop
  endfacet
  facet normal 0.709021 0.034814 0.704327
    outer loop
      vertex -12.033 -24.6507 3
      vertex -10.5501 -24.5047 1.5
      vertex -12.0483 -24.3391 3
    endloop
  endfacet
  facet normal 0.0348916 -0.709023 0.704322
    outer loop
      vertex -8.85832 -22.638 1.5
      vertex -8.85942 -21.148 3
      vertex -9.02495 -22.6462 1.5
    endloop
  endfacet
  facet normal 0 -0.709468 0.704738
    outer loop
      vertex -8.85942 -21.148 3
      vertex -8.85832 -22.638 1.5
      vertex -8.85832 -21.148 3
    endloop
  endfacet
  facet normal 0.688599 0.172491 0.704328
    outer loop
      vertex -11.911 -25.2641 3
      vertex -10.4851 -24.8315 1.5
      vertex -11.9868 -24.9615 3
    endloop
  endfacet
  facet normal 0.239135 0.668386 0.704325
    outer loop
      vertex -9.50888 -25.9086 1.5
      vertex -10.0781 -27.2856 3
      vertex -9.3518 -25.9648 1.5
    endloop
  endfacet
  facet normal 0.204375 0.68125 0.702944
    outer loop
      vertex -10.0781 -27.2856 3
      vertex -9.50888 -25.9086 1.5
      vertex -10.0791 -27.2853 3
    endloop
  endfacet
  facet normal 0.526036 0.476663 0.704328
    outer loop
      vertex -11.114 -26.5938 3
      vertex -10.0604 -25.5401 1.5
      vertex -11.3235 -26.3626 3
    endloop
  endfacet
  facet normal -0.317337 0.634673 0.704619
    outer loop
      vertex -8.05695 -25.8373 1.5
      vertex -7.35553 -27.1519 3
      vertex -7.35453 -27.1514 3
    endloop
  endfacet
  facet normal -0.303415 0.641767 0.704326
    outer loop
      vertex -7.35553 -27.1519 3
      vertex -8.05695 -25.8373 1.5
      vertex -8.20776 -25.9086 1.5
    endloop
  endfacet
  facet normal 0.668368 0.239174 0.704329
    outer loop
      vertex -11.8059 -25.5578 3
      vertex -10.4851 -24.8315 1.5
      vertex -11.911 -25.2641 3
    endloop
  endfacet
  facet normal -0.172486 0.688603 0.704325
    outer loop
      vertex -8.2349 -27.4665 3
      vertex -7.93229 -27.3907 3
      vertex -8.36484 -25.9648 1.5
    endloop
  endfacet
  facet normal 0.570129 0.422933 0.70433
    outer loop
      vertex -11.3249 -26.3609 3
      vertex -10.2718 -25.2825 1.5
      vertex -11.5108 -26.1103 3
    endloop
  endfacet
  facet normal -0.668379 0.239145 0.704329
    outer loop
      vertex -7.28773 -24.9886 1.5
      vertex -5.91071 -25.5578 3
      vertex -7.23152 -24.8315 1.5
    endloop
  endfacet
  facet normal -0.665611 0.246276 0.704493
    outer loop
      vertex -5.91071 -25.5578 3
      vertex -7.28773 -24.9886 1.5
      vertex -5.91108 -25.5588 3
    endloop
  endfacet
  facet normal -0.689335 0.169201 0.704406
    outer loop
      vertex -7.19099 -24.6697 1.5
      vertex -5.72982 -24.9615 3
      vertex -5.72955 -24.9604 3
    endloop
  endfacet
  facet normal -0.688599 0.17249 0.704328
    outer loop
      vertex -5.72982 -24.9615 3
      vertex -7.19099 -24.6697 1.5
      vertex -7.23152 -24.8315 1.5
    endloop
  endfacet
  facet normal -0.688599 -0.172491 0.704328
    outer loop
      vertex -5.72982 -23.7146 3
      vertex -5.80562 -23.412 3
      vertex -7.23152 -23.8446 1.5
    endloop
  endfacet
  facet normal 0.0348161 -0.709021 0.704328
    outer loop
      vertex -9.02495 -22.6462 1.5
      vertex -8.85942 -21.148 3
      vertex -9.171 -21.1633 3
    endloop
  endfacet
  facet normal 0.608826 0.36504 0.704327
    outer loop
      vertex -11.5113 -26.1094 3
      vertex -10.2718 -25.2825 1.5
      vertex -10.3576 -25.1394 1.5
    endloop
  endfacet
  facet normal 0.621201 0.345112 0.703568
    outer loop
      vertex -10.2718 -25.2825 1.5
      vertex -11.5113 -26.1094 3
      vertex -11.5108 -26.1103 3
    endloop
  endfacet
  facet normal 0.365055 0.608805 0.704337
    outer loop
      vertex -10.3631 -27.1509 3
      vertex -9.80279 -25.7515 1.5
      vertex -10.6306 -26.9905 3
    endloop
  endfacet
  facet normal 0.10425 0.702177 0.704329
    outer loop
      vertex -9.18997 -26.0054 1.5
      vertex -9.47958 -27.467 3
      vertex -9.02495 -26.0299 1.5
    endloop
  endfacet
  facet normal 0.128046 0.697849 0.704706
    outer loop
      vertex -9.47958 -27.467 3
      vertex -9.18997 -26.0054 1.5
      vertex -9.48067 -27.4668 3
    endloop
  endfacet
  facet normal 0.364794 -0.608976 0.704325
    outer loop
      vertex -9.6597 -22.8388 1.5
      vertex -10.3621 -21.5247 3
      vertex -10.6297 -21.685 3
    endloop
  endfacet
  facet normal 0.172486 0.688603 0.704325
    outer loop
      vertex -9.48174 -27.4665 3
      vertex -9.3518 -25.9648 1.5
      vertex -9.78435 -27.3907 3
    endloop
  endfacet
  facet normal 0.035044 0.709028 0.704309
    outer loop
      vertex -8.85942 -27.5281 3
      vertex -9.02495 -26.0299 1.5
      vertex -9.171 -27.5127 3
    endloop
  endfacet
  facet normal 0.702247 0.103847 0.704319
    outer loop
      vertex -11.9873 -24.9593 3
      vertex -10.5257 -24.6697 1.5
      vertex -10.5501 -24.5047 1.5
    endloop
  endfacet
  facet normal 0.698064 0.126921 0.704697
    outer loop
      vertex -10.5257 -24.6697 1.5
      vertex -11.9873 -24.9593 3
      vertex -11.9871 -24.9604 3
    endloop
  endfacet
  facet normal -0.172746 0.68856 0.704304
    outer loop
      vertex -8.52667 -26.0054 1.5
      vertex -8.2349 -27.4665 3
      vertex -8.36484 -25.9648 1.5
    endloop
  endfacet
  facet normal -0.191811 0.684124 0.703692
    outer loop
      vertex -8.2349 -27.4665 3
      vertex -8.52667 -26.0054 1.5
      vertex -8.23597 -27.4668 3
    endloop
  endfacet
  facet normal 0.688551 0.172776 0.704305
    outer loop
      vertex -10.5257 -24.6697 1.5
      vertex -11.9868 -24.9615 3
      vertex -10.4851 -24.8315 1.5
    endloop
  endfacet
  facet normal 0.685292 0.186898 0.703878
    outer loop
      vertex -11.9868 -24.9615 3
      vertex -10.5257 -24.6697 1.5
      vertex -11.9871 -24.9604 3
    endloop
  endfacet
  facet normal 0.570138 0.422923 0.704328
    outer loop
      vertex -11.3249 -26.3609 3
      vertex -10.1724 -25.4165 1.5
      vertex -10.2718 -25.2825 1.5
    endloop
  endfacet
  facet normal 0.591732 0.394488 0.703017
    outer loop
      vertex -10.1724 -25.4165 1.5
      vertex -11.3249 -26.3609 3
      vertex -11.3243 -26.3618 3
    endloop
  endfacet
  facet normal -0.239168 0.668375 0.704325
    outer loop
      vertex -7.93229 -27.3907 3
      vertex -7.63858 -27.2856 3
      vertex -8.36484 -25.9648 1.5
    endloop
  endfacet
  facet normal -0.689335 -0.169201 0.704406
    outer loop
      vertex -5.72982 -23.7146 3
      vertex -7.19099 -24.0064 1.5
      vertex -5.72955 -23.7157 3
    endloop
  endfacet
  facet normal -0.688599 -0.17249 0.704328
    outer loop
      vertex -7.19099 -24.0064 1.5
      vertex -5.72982 -23.7146 3
      vertex -7.23152 -23.8446 1.5
    endloop
  endfacet
  facet normal -0.702533 -0.102187 0.704277
    outer loop
      vertex -7.19099 -24.0064 1.5
      vertex -5.72939 -23.7168 3
      vertex -5.72955 -23.7157 3
    endloop
  endfacet
  facet normal -0.70219 -0.104179 0.704327
    outer loop
      vertex -5.72939 -23.7168 3
      vertex -7.19099 -24.0064 1.5
      vertex -7.16651 -24.1714 1.5
    endloop
  endfacet
  facet normal 0.303399 0.641777 0.704323
    outer loop
      vertex -9.6597 -25.8373 1.5
      vertex -10.3611 -27.1519 3
      vertex -9.50888 -25.9086 1.5
    endloop
  endfacet
  facet normal 0.317338 0.634675 0.704616
    outer loop
      vertex -10.3611 -27.1519 3
      vertex -9.6597 -25.8373 1.5
      vertex -10.3621 -27.1514 3
    endloop
  endfacet
  facet normal -0.128046 0.697849 0.704706
    outer loop
      vertex -8.52667 -26.0054 1.5
      vertex -8.23706 -27.467 3
      vertex -8.23597 -27.4668 3
    endloop
  endfacet
  facet normal -0.10425 0.702177 0.704329
    outer loop
      vertex -8.23706 -27.467 3
      vertex -8.52667 -26.0054 1.5
      vertex -8.69169 -26.0299 1.5
    endloop
  endfacet
  facet normal 0.336868 0.941552 -0
    outer loop
      vertex 8.36484 -25.9648 0
      vertex 8.20776 -25.9086 1.5
      vertex 8.36484 -25.9648 1.5
    endloop
  endfacet
  facet normal 0.336868 0.941552 0
    outer loop
      vertex 8.20776 -25.9086 1.5
      vertex 8.36484 -25.9648 0
      vertex 8.20776 -25.9086 0
    endloop
  endfacet
  facet normal -0.336868 -0.941552 0
    outer loop
      vertex 9.3518 -22.7112 0
      vertex 9.50888 -22.7674 1.5
      vertex 9.3518 -22.7112 1.5
    endloop
  endfacet
  facet normal -0.336868 -0.941552 -0
    outer loop
      vertex 9.50888 -22.7674 1.5
      vertex 9.3518 -22.7112 0
      vertex 9.50888 -22.7674 0
    endloop
  endfacet
  facet normal -0.989242 -0.146288 0
    outer loop
      vertex 10.5501 -24.1714 0
      vertex 10.5257 -24.0064 1.5
      vertex 10.5257 -24.0064 0
    endloop
  endfacet
  facet normal -0.989242 -0.146288 0
    outer loop
      vertex 10.5257 -24.0064 1.5
      vertex 10.5501 -24.1714 0
      vertex 10.5501 -24.1714 1.5
    endloop
  endfacet
  facet normal -0.998791 -0.0491602 0
    outer loop
      vertex 10.5583 -24.338 0
      vertex 10.5501 -24.1714 1.5
      vertex 10.5501 -24.1714 0
    endloop
  endfacet
  facet normal -0.998791 -0.0491602 0
    outer loop
      vertex 10.5501 -24.1714 1.5
      vertex 10.5583 -24.338 0
      vertex 10.5583 -24.338 1.5
    endloop
  endfacet
  facet normal -0.969931 -0.243382 0
    outer loop
      vertex 10.5257 -24.0064 0
      vertex 10.4851 -23.8446 1.5
      vertex 10.4851 -23.8446 0
    endloop
  endfacet
  facet normal -0.969931 -0.243382 0
    outer loop
      vertex 10.4851 -23.8446 1.5
      vertex 10.5257 -24.0064 0
      vertex 10.5257 -24.0064 1.5
    endloop
  endfacet
  facet normal -0.0485534 0.998821 0
    outer loop
      vertex 9.02495 -26.0299 0
      vertex 8.85832 -26.038 1.5
      vertex 9.02495 -26.0299 1.5
    endloop
  endfacet
  facet normal -0.0485534 0.998821 0
    outer loop
      vertex 8.85832 -26.038 1.5
      vertex 9.02495 -26.0299 0
      vertex 8.85832 -26.038 0
    endloop
  endfacet
  facet normal -0.671777 0.740753 0
    outer loop
      vertex 10.0604 -25.5401 0
      vertex 9.93679 -25.6522 1.5
      vertex 10.0604 -25.5401 1.5
    endloop
  endfacet
  facet normal -0.671777 0.740753 0
    outer loop
      vertex 9.93679 -25.6522 1.5
      vertex 10.0604 -25.5401 0
      vertex 9.93679 -25.6522 0
    endloop
  endfacet
  facet normal -0.803154 0.595772 0
    outer loop
      vertex 10.1724 -25.4165 0
      vertex 10.2718 -25.2825 1.5
      vertex 10.2718 -25.2825 0
    endloop
  endfacet
  facet normal -0.803154 0.595772 0
    outer loop
      vertex 10.2718 -25.2825 1.5
      vertex 10.1724 -25.4165 0
      vertex 10.1724 -25.4165 1.5
    endloop
  endfacet
  facet normal -0.998792 0.0491308 0
    outer loop
      vertex 10.5501 -24.5047 0
      vertex 10.5583 -24.338 1.5
      vertex 10.5583 -24.338 0
    endloop
  endfacet
  facet normal -0.998792 0.0491308 0
    outer loop
      vertex 10.5583 -24.338 1.5
      vertex 10.5501 -24.5047 0
      vertex 10.5501 -24.5047 1.5
    endloop
  endfacet
  facet normal -0.336868 0.941552 0
    outer loop
      vertex 9.50888 -25.9086 0
      vertex 9.3518 -25.9648 1.5
      vertex 9.50888 -25.9086 1.5
    endloop
  endfacet
  facet normal -0.336868 0.941552 0
    outer loop
      vertex 9.3518 -25.9648 1.5
      vertex 9.50888 -25.9086 0
      vertex 9.3518 -25.9648 0
    endloop
  endfacet
  facet normal -0.146857 0.989158 0
    outer loop
      vertex 9.18997 -26.0054 0
      vertex 9.02495 -26.0299 1.5
      vertex 9.18997 -26.0054 1.5
    endloop
  endfacet
  facet normal -0.146857 0.989158 0
    outer loop
      vertex 9.02495 -26.0299 1.5
      vertex 9.18997 -26.0054 0
      vertex 9.02495 -26.0299 0
    endloop
  endfacet
  facet normal -0.941566 -0.33683 0
    outer loop
      vertex 10.4851 -23.8446 0
      vertex 10.4289 -23.6875 1.5
      vertex 10.4289 -23.6875 0
    endloop
  endfacet
  facet normal -0.941566 -0.33683 0
    outer loop
      vertex 10.4289 -23.6875 1.5
      vertex 10.4851 -23.8446 0
      vertex 10.4851 -23.8446 1.5
    endloop
  endfacet
  facet normal -0.904043 -0.427442 0
    outer loop
      vertex 10.4289 -23.6875 0
      vertex 10.3576 -23.5367 1.5
      vertex 10.3576 -23.5367 0
    endloop
  endfacet
  facet normal -0.904043 -0.427442 0
    outer loop
      vertex 10.3576 -23.5367 1.5
      vertex 10.4289 -23.6875 0
      vertex 10.4289 -23.6875 1.5
    endloop
  endfacet
  facet normal -0.146857 -0.989158 0
    outer loop
      vertex 9.02495 -22.6462 0
      vertex 9.18997 -22.6707 1.5
      vertex 9.02495 -22.6462 1.5
    endloop
  endfacet
  facet normal -0.146857 -0.989158 -0
    outer loop
      vertex 9.18997 -22.6707 1.5
      vertex 9.02495 -22.6462 0
      vertex 9.18997 -22.6707 0
    endloop
  endfacet
  facet normal 0.998795 0.049071 0
    outer loop
      vertex 7.16651 -24.5047 1.5
      vertex 7.15832 -24.338 0
      vertex 7.15832 -24.338 1.5
    endloop
  endfacet
  facet normal 0.998795 0.049071 0
    outer loop
      vertex 7.15832 -24.338 0
      vertex 7.16651 -24.5047 1.5
      vertex 7.16651 -24.5047 0
    endloop
  endfacet
  facet normal -0.427396 0.904065 0
    outer loop
      vertex 9.6597 -25.8373 0
      vertex 9.50888 -25.9086 1.5
      vertex 9.6597 -25.8373 1.5
    endloop
  endfacet
  facet normal -0.427396 0.904065 0
    outer loop
      vertex 9.50888 -25.9086 1.5
      vertex 9.6597 -25.8373 0
      vertex 9.50888 -25.9086 0
    endloop
  endfacet
  facet normal 0.941546 -0.336883 0
    outer loop
      vertex 7.23152 -23.8446 1.5
      vertex 7.28773 -23.6875 0
      vertex 7.28773 -23.6875 1.5
    endloop
  endfacet
  facet normal 0.941546 -0.336883 0
    outer loop
      vertex 7.28773 -23.6875 0
      vertex 7.23152 -23.8446 1.5
      vertex 7.23152 -23.8446 0
    endloop
  endfacet
  facet normal -0.513817 -0.8579 0
    outer loop
      vertex 9.6597 -22.8388 0
      vertex 9.80279 -22.9245 1.5
      vertex 9.6597 -22.8388 1.5
    endloop
  endfacet
  facet normal -0.513817 -0.8579 -0
    outer loop
      vertex 9.80279 -22.9245 1.5
      vertex 9.6597 -22.8388 0
      vertex 9.80279 -22.9245 0
    endloop
  endfacet
  facet normal 0.0485534 0.998821 -0
    outer loop
      vertex 8.85832 -26.038 0
      vertex 8.69169 -26.0299 1.5
      vertex 8.85832 -26.038 1.5
    endloop
  endfacet
  facet normal 0.0485534 0.998821 0
    outer loop
      vertex 8.69169 -26.0299 1.5
      vertex 8.85832 -26.038 0
      vertex 8.69169 -26.0299 0
    endloop
  endfacet
  facet normal 0.146857 0.989158 -0
    outer loop
      vertex 8.69169 -26.0299 0
      vertex 8.52667 -26.0054 1.5
      vertex 8.69169 -26.0299 1.5
    endloop
  endfacet
  facet normal 0.146857 0.989158 0
    outer loop
      vertex 8.52667 -26.0054 1.5
      vertex 8.69169 -26.0299 0
      vertex 8.52667 -26.0054 0
    endloop
  endfacet
  facet normal 0.243339 0.969941 -0
    outer loop
      vertex 8.52667 -26.0054 0
      vertex 8.36484 -25.9648 1.5
      vertex 8.52667 -26.0054 1.5
    endloop
  endfacet
  facet normal 0.243339 0.969941 0
    outer loop
      vertex 8.36484 -25.9648 1.5
      vertex 8.52667 -26.0054 0
      vertex 8.36484 -25.9648 0
    endloop
  endfacet
  facet normal -0.514258 0.857636 0
    outer loop
      vertex 9.80279 -25.7515 0
      vertex 9.6597 -25.8373 1.5
      vertex 9.80279 -25.7515 1.5
    endloop
  endfacet
  facet normal -0.514258 0.857636 0
    outer loop
      vertex 9.6597 -25.8373 1.5
      vertex 9.80279 -25.7515 0
      vertex 9.6597 -25.8373 0
    endloop
  endfacet
  facet normal 0.146857 -0.989158 0
    outer loop
      vertex 8.52667 -22.6707 0
      vertex 8.69169 -22.6462 1.5
      vertex 8.52667 -22.6707 1.5
    endloop
  endfacet
  facet normal 0.146857 -0.989158 0
    outer loop
      vertex 8.69169 -22.6462 1.5
      vertex 8.52667 -22.6707 0
      vertex 8.69169 -22.6462 0
    endloop
  endfacet
  facet normal 0.857757 0.514055 0
    outer loop
      vertex 7.44482 -25.2825 1.5
      vertex 7.35906 -25.1394 0
      vertex 7.35906 -25.1394 1.5
    endloop
  endfacet
  facet normal 0.857757 0.514055 0
    outer loop
      vertex 7.35906 -25.1394 0
      vertex 7.44482 -25.2825 1.5
      vertex 7.44482 -25.2825 0
    endloop
  endfacet
  facet normal 0.97003 -0.242987 0
    outer loop
      vertex 7.19099 -24.0064 1.5
      vertex 7.23152 -23.8446 0
      vertex 7.23152 -23.8446 1.5
    endloop
  endfacet
  facet normal 0.97003 -0.242987 0
    outer loop
      vertex 7.23152 -23.8446 0
      vertex 7.19099 -24.0064 1.5
      vertex 7.19099 -24.0064 0
    endloop
  endfacet
  facet normal -0.803154 -0.595772 0
    outer loop
      vertex 10.2718 -23.3936 0
      vertex 10.1724 -23.2596 1.5
      vertex 10.1724 -23.2596 0
    endloop
  endfacet
  facet normal -0.803154 -0.595772 0
    outer loop
      vertex 10.1724 -23.2596 1.5
      vertex 10.2718 -23.3936 0
      vertex 10.2718 -23.3936 1.5
    endloop
  endfacet
  facet normal 0.941546 0.336883 0
    outer loop
      vertex 7.28773 -24.9886 1.5
      vertex 7.23152 -24.8315 0
      vertex 7.23152 -24.8315 1.5
    endloop
  endfacet
  facet normal 0.941546 0.336883 0
    outer loop
      vertex 7.23152 -24.8315 0
      vertex 7.28773 -24.9886 1.5
      vertex 7.28773 -24.9886 0
    endloop
  endfacet
  facet normal 0.51379 -0.857916 0
    outer loop
      vertex 7.91385 -22.9245 0
      vertex 8.05695 -22.8388 1.5
      vertex 7.91385 -22.9245 1.5
    endloop
  endfacet
  facet normal 0.51379 -0.857916 0
    outer loop
      vertex 8.05695 -22.8388 1.5
      vertex 7.91385 -22.9245 0
      vertex 8.05695 -22.8388 0
    endloop
  endfacet
  facet normal 0.336868 -0.941552 0
    outer loop
      vertex 8.20776 -22.7674 0
      vertex 8.36484 -22.7112 1.5
      vertex 8.20776 -22.7674 1.5
    endloop
  endfacet
  facet normal 0.336868 -0.941552 0
    outer loop
      vertex 8.36484 -22.7112 1.5
      vertex 8.20776 -22.7674 0
      vertex 8.36484 -22.7112 0
    endloop
  endfacet
  facet normal -0.242775 -0.970083 0
    outer loop
      vertex 9.18997 -22.6707 0
      vertex 9.3518 -22.7112 1.5
      vertex 9.18997 -22.6707 1.5
    endloop
  endfacet
  facet normal -0.242775 -0.970083 -0
    outer loop
      vertex 9.3518 -22.7112 1.5
      vertex 9.18997 -22.6707 0
      vertex 9.3518 -22.7112 0
    endloop
  endfacet
  facet normal -0.427885 -0.903833 0
    outer loop
      vertex 9.50888 -22.7674 0
      vertex 9.6597 -22.8388 1.5
      vertex 9.50888 -22.7674 1.5
    endloop
  endfacet
  facet normal -0.427885 -0.903833 -0
    outer loop
      vertex 9.6597 -22.8388 1.5
      vertex 9.50888 -22.7674 0
      vertex 9.6597 -22.8388 0
    endloop
  endfacet
  facet normal 0.989173 -0.146757 0
    outer loop
      vertex 7.16651 -24.1714 1.5
      vertex 7.19099 -24.0064 0
      vertex 7.19099 -24.0064 1.5
    endloop
  endfacet
  facet normal 0.989173 -0.146757 0
    outer loop
      vertex 7.19099 -24.0064 0
      vertex 7.16651 -24.1714 1.5
      vertex 7.16651 -24.1714 0
    endloop
  endfacet
  facet normal 0.242775 -0.970083 0
    outer loop
      vertex 8.36484 -22.7112 0
      vertex 8.52667 -22.6707 1.5
      vertex 8.36484 -22.7112 1.5
    endloop
  endfacet
  facet normal 0.242775 -0.970083 0
    outer loop
      vertex 8.52667 -22.6707 1.5
      vertex 8.36484 -22.7112 0
      vertex 8.52667 -22.6707 0
    endloop
  endfacet
  facet normal 0.857757 -0.514055 0
    outer loop
      vertex 7.35906 -23.5367 1.5
      vertex 7.44482 -23.3936 0
      vertex 7.44482 -23.3936 1.5
    endloop
  endfacet
  facet normal 0.857757 -0.514055 0
    outer loop
      vertex 7.44482 -23.3936 0
      vertex 7.35906 -23.5367 1.5
      vertex 7.35906 -23.5367 0
    endloop
  endfacet
  facet normal 0.97003 0.242987 0
    outer loop
      vertex 7.23152 -24.8315 1.5
      vertex 7.19099 -24.6697 0
      vertex 7.19099 -24.6697 1.5
    endloop
  endfacet
  facet normal 0.97003 0.242987 0
    outer loop
      vertex 7.19099 -24.6697 0
      vertex 7.23152 -24.8315 1.5
      vertex 7.23152 -24.8315 0
    endloop
  endfacet
  facet normal -0.969931 0.243382 0
    outer loop
      vertex 10.4851 -24.8315 0
      vertex 10.5257 -24.6697 1.5
      vertex 10.5257 -24.6697 0
    endloop
  endfacet
  facet normal -0.969931 0.243382 0
    outer loop
      vertex 10.5257 -24.6697 1.5
      vertex 10.4851 -24.8315 0
      vertex 10.4851 -24.8315 1.5
    endloop
  endfacet
  facet normal -0.941566 0.33683 0
    outer loop
      vertex 10.4289 -24.9886 0
      vertex 10.4851 -24.8315 1.5
      vertex 10.4851 -24.8315 0
    endloop
  endfacet
  facet normal -0.941566 0.33683 0
    outer loop
      vertex 10.4851 -24.8315 1.5
      vertex 10.4289 -24.9886 0
      vertex 10.4289 -24.9886 1.5
    endloop
  endfacet
  facet normal 0.595772 -0.803154 0
    outer loop
      vertex 7.77985 -23.0239 0
      vertex 7.91385 -22.9245 1.5
      vertex 7.77985 -23.0239 1.5
    endloop
  endfacet
  facet normal 0.595772 -0.803154 0
    outer loop
      vertex 7.91385 -22.9245 1.5
      vertex 7.77985 -23.0239 0
      vertex 7.91385 -22.9245 0
    endloop
  endfacet
  facet normal -0.857652 0.514231 0
    outer loop
      vertex 10.2718 -25.2825 0
      vertex 10.3576 -25.1394 1.5
      vertex 10.3576 -25.1394 0
    endloop
  endfacet
  facet normal -0.857652 0.514231 0
    outer loop
      vertex 10.3576 -25.1394 1.5
      vertex 10.2718 -25.2825 0
      vertex 10.2718 -25.2825 1.5
    endloop
  endfacet
  facet normal 0.989173 0.146757 0
    outer loop
      vertex 7.19099 -24.6697 1.5
      vertex 7.16651 -24.5047 0
      vertex 7.16651 -24.5047 1.5
    endloop
  endfacet
  facet normal 0.989173 0.146757 0
    outer loop
      vertex 7.16651 -24.5047 0
      vertex 7.19099 -24.6697 1.5
      vertex 7.19099 -24.6697 0
    endloop
  endfacet
  facet normal -0.595772 -0.803154 0
    outer loop
      vertex 9.80279 -22.9245 0
      vertex 9.93679 -23.0239 1.5
      vertex 9.80279 -22.9245 1.5
    endloop
  endfacet
  facet normal -0.595772 -0.803154 -0
    outer loop
      vertex 9.93679 -23.0239 1.5
      vertex 9.80279 -22.9245 0
      vertex 9.93679 -23.0239 0
    endloop
  endfacet
  facet normal 0.0491513 -0.998791 0
    outer loop
      vertex 8.69169 -22.6462 0
      vertex 8.85832 -22.638 1.5
      vertex 8.69169 -22.6462 1.5
    endloop
  endfacet
  facet normal 0.0491513 -0.998791 0
    outer loop
      vertex 8.85832 -22.638 1.5
      vertex 8.69169 -22.6462 0
      vertex 8.85832 -22.638 0
    endloop
  endfacet
  facet normal 0.427419 0.904054 -0
    outer loop
      vertex 8.20776 -25.9086 0
      vertex 8.05695 -25.8373 1.5
      vertex 8.20776 -25.9086 1.5
    endloop
  endfacet
  facet normal 0.427419 0.904054 0
    outer loop
      vertex 8.05695 -25.8373 1.5
      vertex 8.20776 -25.9086 0
      vertex 8.05695 -25.8373 0
    endloop
  endfacet
  facet normal -0.904043 0.427442 0
    outer loop
      vertex 10.3576 -25.1394 0
      vertex 10.4289 -24.9886 1.5
      vertex 10.4289 -24.9886 0
    endloop
  endfacet
  facet normal -0.904043 0.427442 0
    outer loop
      vertex 10.4289 -24.9886 1.5
      vertex 10.3576 -25.1394 0
      vertex 10.3576 -25.1394 1.5
    endloop
  endfacet
  facet normal -0.0491513 -0.998791 0
    outer loop
      vertex 8.85832 -22.638 0
      vertex 9.02495 -22.6462 1.5
      vertex 8.85832 -22.638 1.5
    endloop
  endfacet
  facet normal -0.0491513 -0.998791 -0
    outer loop
      vertex 9.02495 -22.6462 1.5
      vertex 8.85832 -22.638 0
      vertex 9.02495 -22.6462 0
    endloop
  endfacet
  facet normal 0.903973 -0.427589 0
    outer loop
      vertex 7.28773 -23.6875 1.5
      vertex 7.35906 -23.5367 0
      vertex 7.35906 -23.5367 1.5
    endloop
  endfacet
  facet normal 0.903973 -0.427589 0
    outer loop
      vertex 7.35906 -23.5367 0
      vertex 7.28773 -23.6875 1.5
      vertex 7.28773 -23.6875 0
    endloop
  endfacet
  facet normal -0.989242 0.146288 0
    outer loop
      vertex 10.5257 -24.6697 0
      vertex 10.5501 -24.5047 1.5
      vertex 10.5501 -24.5047 0
    endloop
  endfacet
  facet normal -0.989242 0.146288 0
    outer loop
      vertex 10.5501 -24.5047 1.5
      vertex 10.5257 -24.6697 0
      vertex 10.5257 -24.6697 1.5
    endloop
  endfacet
  facet normal -0.741024 0.671478 0
    outer loop
      vertex 10.0604 -25.5401 0
      vertex 10.1724 -25.4165 1.5
      vertex 10.1724 -25.4165 0
    endloop
  endfacet
  facet normal -0.741024 0.671478 0
    outer loop
      vertex 10.1724 -25.4165 1.5
      vertex 10.0604 -25.5401 0
      vertex 10.0604 -25.5401 1.5
    endloop
  endfacet
  facet normal -0.857652 -0.514231 0
    outer loop
      vertex 10.3576 -23.5367 0
      vertex 10.2718 -23.3936 1.5
      vertex 10.2718 -23.3936 0
    endloop
  endfacet
  facet normal -0.857652 -0.514231 0
    outer loop
      vertex 10.2718 -23.3936 1.5
      vertex 10.3576 -23.5367 0
      vertex 10.3576 -23.5367 1.5
    endloop
  endfacet
  facet normal 0.427909 -0.903822 0
    outer loop
      vertex 8.05695 -22.8388 0
      vertex 8.20776 -22.7674 1.5
      vertex 8.05695 -22.8388 1.5
    endloop
  endfacet
  facet normal 0.427909 -0.903822 0
    outer loop
      vertex 8.20776 -22.7674 1.5
      vertex 8.05695 -22.8388 0
      vertex 8.20776 -22.7674 0
    endloop
  endfacet
  facet normal 0.740905 0.67161 0
    outer loop
      vertex 7.65624 -25.5401 1.5
      vertex 7.5442 -25.4165 0
      vertex 7.5442 -25.4165 1.5
    endloop
  endfacet
  facet normal 0.740905 0.67161 0
    outer loop
      vertex 7.5442 -25.4165 0
      vertex 7.65624 -25.5401 1.5
      vertex 7.65624 -25.5401 0
    endloop
  endfacet
  facet normal 0.803211 0.595695 0
    outer loop
      vertex 7.5442 -25.4165 1.5
      vertex 7.44482 -25.2825 0
      vertex 7.44482 -25.2825 1.5
    endloop
  endfacet
  facet normal 0.803211 0.595695 0
    outer loop
      vertex 7.44482 -25.2825 0
      vertex 7.5442 -25.4165 1.5
      vertex 7.5442 -25.4165 0
    endloop
  endfacet
  facet normal -0.243339 0.969941 0
    outer loop
      vertex 9.3518 -25.9648 0
      vertex 9.18997 -26.0054 1.5
      vertex 9.3518 -25.9648 1.5
    endloop
  endfacet
  facet normal -0.243339 0.969941 0
    outer loop
      vertex 9.18997 -26.0054 1.5
      vertex 9.3518 -25.9648 0
      vertex 9.18997 -26.0054 0
    endloop
  endfacet
  facet normal 0.671777 -0.740753 0
    outer loop
      vertex 7.65624 -23.136 0
      vertex 7.77985 -23.0239 1.5
      vertex 7.65624 -23.136 1.5
    endloop
  endfacet
  facet normal 0.671777 -0.740753 0
    outer loop
      vertex 7.77985 -23.0239 1.5
      vertex 7.65624 -23.136 0
      vertex 7.77985 -23.0239 0
    endloop
  endfacet
  facet normal 0.671777 0.740753 -0
    outer loop
      vertex 7.77985 -25.6522 0
      vertex 7.65624 -25.5401 1.5
      vertex 7.77985 -25.6522 1.5
    endloop
  endfacet
  facet normal 0.671777 0.740753 0
    outer loop
      vertex 7.65624 -25.5401 1.5
      vertex 7.77985 -25.6522 0
      vertex 7.65624 -25.5401 0
    endloop
  endfacet
  facet normal -0.671777 -0.740753 0
    outer loop
      vertex 9.93679 -23.0239 0
      vertex 10.0604 -23.136 1.5
      vertex 9.93679 -23.0239 1.5
    endloop
  endfacet
  facet normal -0.671777 -0.740753 -0
    outer loop
      vertex 10.0604 -23.136 1.5
      vertex 9.93679 -23.0239 0
      vertex 10.0604 -23.136 0
    endloop
  endfacet
  facet normal 0.740905 -0.67161 0
    outer loop
      vertex 7.5442 -23.2596 1.5
      vertex 7.65624 -23.136 0
      vertex 7.65624 -23.136 1.5
    endloop
  endfacet
  facet normal 0.740905 -0.67161 0
    outer loop
      vertex 7.65624 -23.136 0
      vertex 7.5442 -23.2596 1.5
      vertex 7.5442 -23.2596 0
    endloop
  endfacet
  facet normal -0.741024 -0.671478 0
    outer loop
      vertex 10.1724 -23.2596 0
      vertex 10.0604 -23.136 1.5
      vertex 10.0604 -23.136 0
    endloop
  endfacet
  facet normal -0.741024 -0.671478 0
    outer loop
      vertex 10.0604 -23.136 1.5
      vertex 10.1724 -23.2596 0
      vertex 10.1724 -23.2596 1.5
    endloop
  endfacet
  facet normal 0.514231 0.857652 -0
    outer loop
      vertex 8.05695 -25.8373 0
      vertex 7.91385 -25.7515 1.5
      vertex 8.05695 -25.8373 1.5
    endloop
  endfacet
  facet normal 0.514231 0.857652 0
    outer loop
      vertex 7.91385 -25.7515 1.5
      vertex 8.05695 -25.8373 0
      vertex 7.91385 -25.7515 0
    endloop
  endfacet
  facet normal 0.803211 -0.595695 0
    outer loop
      vertex 7.44482 -23.3936 1.5
      vertex 7.5442 -23.2596 0
      vertex 7.5442 -23.2596 1.5
    endloop
  endfacet
  facet normal 0.803211 -0.595695 0
    outer loop
      vertex 7.5442 -23.2596 0
      vertex 7.44482 -23.3936 1.5
      vertex 7.44482 -23.3936 0
    endloop
  endfacet
  facet normal -0.595385 0.80344 0
    outer loop
      vertex 9.93679 -25.6522 0
      vertex 9.80279 -25.7515 1.5
      vertex 9.93679 -25.6522 1.5
    endloop
  endfacet
  facet normal -0.595385 0.80344 0
    outer loop
      vertex 9.80279 -25.7515 1.5
      vertex 9.93679 -25.6522 0
      vertex 9.80279 -25.7515 0
    endloop
  endfacet
  facet normal 0.595385 0.80344 -0
    outer loop
      vertex 7.91385 -25.7515 0
      vertex 7.77985 -25.6522 1.5
      vertex 7.91385 -25.7515 1.5
    endloop
  endfacet
  facet normal 0.595385 0.80344 0
    outer loop
      vertex 7.77985 -25.6522 1.5
      vertex 7.91385 -25.7515 0
      vertex 7.77985 -25.6522 0
    endloop
  endfacet
  facet normal 0.998794 -0.0491004 0
    outer loop
      vertex 7.15832 -24.338 1.5
      vertex 7.16651 -24.1714 0
      vertex 7.16651 -24.1714 1.5
    endloop
  endfacet
  facet normal 0.998794 -0.0491004 0
    outer loop
      vertex 7.16651 -24.1714 0
      vertex 7.15832 -24.338 1.5
      vertex 7.15832 -24.338 0
    endloop
  endfacet
  facet normal 0.903973 0.427589 0
    outer loop
      vertex 7.35906 -25.1394 1.5
      vertex 7.28773 -24.9886 0
      vertex 7.28773 -24.9886 1.5
    endloop
  endfacet
  facet normal 0.903973 0.427589 0
    outer loop
      vertex 7.28773 -24.9886 0
      vertex 7.35906 -25.1394 1.5
      vertex 7.35906 -25.1394 0
    endloop
  endfacet
  facet normal -0.709023 -0.0348979 0.704322
    outer loop
      vertex 10.5583 -24.338 1.5
      vertex 12.0483 -24.3369 3
      vertex 10.5501 -24.1714 1.5
    endloop
  endfacet
  facet normal -0.707973 -0.0643612 0.703301
    outer loop
      vertex 12.0483 -24.3369 3
      vertex 10.5583 -24.338 1.5
      vertex 12.0484 -24.338 3
    endloop
  endfacet
  facet normal 0.103999 0.702235 0.704309
    outer loop
      vertex 8.54564 -27.5127 3
      vertex 8.69169 -26.0299 1.5
      vertex 8.23706 -27.467 3
    endloop
  endfacet
  facet normal -0.104219 -0.702184 0.704327
    outer loop
      vertex 9.47958 -21.2091 3
      vertex 9.171 -21.1633 3
      vertex 9.02495 -22.6462 1.5
    endloop
  endfacet
  facet normal 0.364823 -0.608957 0.704326
    outer loop
      vertex 8.05695 -22.8388 1.5
      vertex 7.35453 -21.5247 3
      vertex 7.08696 -21.685 3
    endloop
  endfacet
  facet normal -0.688599 0.172491 0.704328
    outer loop
      vertex 11.911 -25.2641 3
      vertex 11.9868 -24.9615 3
      vertex 10.4851 -24.8315 1.5
    endloop
  endfacet
  facet normal 0.172486 0.688603 0.704325
    outer loop
      vertex 8.2349 -27.4665 3
      vertex 8.36484 -25.9648 1.5
      vertex 7.93229 -27.3907 3
    endloop
  endfacet
  facet normal -0.467295 -0.534052 0.704573
    outer loop
      vertex 9.93679 -23.0239 1.5
      vertex 10.8829 -21.8728 3
      vertex 10.8821 -21.8721 3
    endloop
  endfacet
  facet normal -0.476882 -0.525846 0.704322
    outer loop
      vertex 10.8829 -21.8728 3
      vertex 9.93679 -23.0239 1.5
      vertex 10.0604 -23.136 1.5
    endloop
  endfacet
  facet normal -0.422783 0.570233 0.704335
    outer loop
      vertex 10.6306 -26.9905 3
      vertex 10.8812 -26.8047 3
      vertex 9.80279 -25.7515 1.5
    endloop
  endfacet
  facet normal 0.104219 -0.702184 0.704327
    outer loop
      vertex 8.69169 -22.6462 1.5
      vertex 8.54564 -21.1633 3
      vertex 8.23706 -21.2091 3
    endloop
  endfacet
  facet normal -0.641704 -0.303558 0.704321
    outer loop
      vertex 11.8051 -23.1163 3
      vertex 11.6717 -22.8343 3
      vertex 10.3576 -23.5367 1.5
    endloop
  endfacet
  facet normal 0.526043 -0.476646 0.704335
    outer loop
      vertex 7.65624 -23.136 1.5
      vertex 6.6026 -22.0823 3
      vertex 6.39311 -22.3135 3
    endloop
  endfacet
  facet normal 0.709021 -0.0348479 0.704326
    outer loop
      vertex 7.16651 -24.1714 1.5
      vertex 5.68362 -24.0254 3
      vertex 5.66831 -24.3369 3
    endloop
  endfacet
  facet normal -0.317338 0.634675 0.704616
    outer loop
      vertex 9.6597 -25.8373 1.5
      vertex 10.3611 -27.1519 3
      vertex 10.3621 -27.1514 3
    endloop
  endfacet
  facet normal -0.303399 0.641777 0.704323
    outer loop
      vertex 10.3611 -27.1519 3
      vertex 9.6597 -25.8373 1.5
      vertex 9.50888 -25.9086 1.5
    endloop
  endfacet
  facet normal 0.422654 0.570348 0.70432
    outer loop
      vertex 7.77985 -25.6522 1.5
      vertex 6.83545 -26.8047 3
      vertex 7.91385 -25.7515 1.5
    endloop
  endfacet
  facet normal 0.438642 0.557702 0.704671
    outer loop
      vertex 6.83545 -26.8047 3
      vertex 7.77985 -25.6522 1.5
      vertex 6.83456 -26.804 3
    endloop
  endfacet
  facet normal -0.570129 0.422933 0.70433
    outer loop
      vertex 11.3249 -26.3609 3
      vertex 11.5108 -26.1103 3
      vertex 10.2718 -25.2825 1.5
    endloop
  endfacet
  facet normal -0.435638 -0.560106 0.704628
    outer loop
      vertex 10.8812 -21.8714 3
      vertex 9.93679 -23.0239 1.5
      vertex 10.8821 -21.8721 3
    endloop
  endfacet
  facet normal -0.422922 -0.570137 0.70433
    outer loop
      vertex 9.93679 -23.0239 1.5
      vertex 10.8812 -21.8714 3
      vertex 9.80279 -22.9245 1.5
    endloop
  endfacet
  facet normal 0.570123 -0.422938 0.704332
    outer loop
      vertex 7.44482 -23.3936 1.5
      vertex 6.39171 -22.3152 3
      vertex 6.20588 -22.5657 3
    endloop
  endfacet
  facet normal -0.502851 -0.502851 0.703052
    outer loop
      vertex 11.3235 -22.3135 3
      vertex 10.1724 -23.2596 1.5
      vertex 11.3243 -22.3143 3
    endloop
  endfacet
  facet normal -0.526035 -0.476666 0.704328
    outer loop
      vertex 10.1724 -23.2596 1.5
      vertex 11.3235 -22.3135 3
      vertex 10.0604 -23.136 1.5
    endloop
  endfacet
  facet normal 0.303548 -0.641706 0.704323
    outer loop
      vertex 8.05695 -22.8388 1.5
      vertex 7.63654 -21.3913 3
      vertex 7.35453 -21.5247 3
    endloop
  endfacet
  facet normal -0.709021 0.034814 0.704327
    outer loop
      vertex 12.033 -24.6507 3
      vertex 12.0483 -24.3391 3
      vertex 10.5501 -24.5047 1.5
    endloop
  endfacet
  facet normal -0.303558 -0.641704 0.704321
    outer loop
      vertex 10.3621 -21.5247 3
      vertex 10.0801 -21.3913 3
      vertex 9.6597 -22.8388 1.5
    endloop
  endfacet
  facet normal -0.702214 -0.10399 0.704331
    outer loop
      vertex 12.033 -24.0254 3
      vertex 11.9873 -23.7168 3
      vertex 10.5501 -24.1714 1.5
    endloop
  endfacet
  facet normal 0.642493 -0.301972 0.704283
    outer loop
      vertex 6.04446 -22.8353 3
      vertex 7.35906 -23.5367 1.5
      vertex 6.04493 -22.8343 3
    endloop
  endfacet
  facet normal 0.641709 -0.303535 0.704327
    outer loop
      vertex 7.35906 -23.5367 1.5
      vertex 6.04446 -22.8353 3
      vertex 7.28773 -23.6875 1.5
    endloop
  endfacet
  facet normal -0.39354 -0.59031 0.704741
    outer loop
      vertex 10.6297 -21.685 3
      vertex 9.80279 -22.9245 1.5
      vertex 10.6306 -21.6856 3
    endloop
  endfacet
  facet normal -0.364749 -0.609008 0.70432
    outer loop
      vertex 9.80279 -22.9245 1.5
      vertex 10.6297 -21.685 3
      vertex 9.6597 -22.8388 1.5
    endloop
  endfacet
  facet normal -0.570138 0.422923 0.704328
    outer loop
      vertex 10.1724 -25.4165 1.5
      vertex 11.3249 -26.3609 3
      vertex 10.2718 -25.2825 1.5
    endloop
  endfacet
  facet normal -0.591732 0.394488 0.703017
    outer loop
      vertex 11.3249 -26.3609 3
      vertex 10.1724 -25.4165 1.5
      vertex 11.3243 -26.3618 3
    endloop
  endfacet
  facet normal -0.476773 -0.52593 0.704333
    outer loop
      vertex 11.114 -22.0823 3
      vertex 10.8829 -21.8728 3
      vertex 10.0604 -23.136 1.5
    endloop
  endfacet
  facet normal -0.57004 -0.423036 0.70434
    outer loop
      vertex 11.5108 -22.5657 3
      vertex 11.3249 -22.3152 3
      vertex 10.2718 -23.3936 1.5
    endloop
  endfacet
  facet normal -0.60888 -0.364964 0.70432
    outer loop
      vertex 11.6717 -22.8343 3
      vertex 11.5113 -22.5667 3
      vertex 10.3576 -23.5367 1.5
    endloop
  endfacet
  facet normal 0 -0.709468 0.704738
    outer loop
      vertex 8.85832 -22.638 1.5
      vertex 8.85942 -21.148 3
      vertex 8.85832 -21.148 3
    endloop
  endfacet
  facet normal -0.0348916 -0.709023 0.704322
    outer loop
      vertex 8.85942 -21.148 3
      vertex 8.85832 -22.638 1.5
      vertex 9.02495 -22.6462 1.5
    endloop
  endfacet
  facet normal 0.572527 -0.419853 0.704227
    outer loop
      vertex 6.39171 -22.3152 3
      vertex 7.5442 -23.2596 1.5
      vertex 6.39237 -22.3143 3
    endloop
  endfacet
  facet normal 0.570182 -0.42287 0.704325
    outer loop
      vertex 7.5442 -23.2596 1.5
      vertex 6.39171 -22.3152 3
      vertex 7.44482 -23.3936 1.5
    endloop
  endfacet
  facet normal -0.303551 0.64169 0.704337
    outer loop
      vertex 10.0791 -27.2853 3
      vertex 10.3611 -27.1519 3
      vertex 9.50888 -25.9086 1.5
    endloop
  endfacet
  facet normal 0.608896 -0.364912 0.704333
    outer loop
      vertex 6.0455 -22.8333 3
      vertex 7.35906 -23.5367 1.5
      vertex 7.44482 -23.3936 1.5
    endloop
  endfacet
  facet normal 0.616469 -0.351387 0.704623
    outer loop
      vertex 7.35906 -23.5367 1.5
      vertex 6.0455 -22.8333 3
      vertex 6.04493 -22.8343 3
    endloop
  endfacet
  facet normal 0.688599 -0.17249 0.704328
    outer loop
      vertex 5.72982 -23.7146 3
      vertex 7.19099 -24.0064 1.5
      vertex 7.23152 -23.8446 1.5
    endloop
  endfacet
  facet normal 0.689335 -0.169201 0.704406
    outer loop
      vertex 7.19099 -24.0064 1.5
      vertex 5.72982 -23.7146 3
      vertex 5.72955 -23.7157 3
    endloop
  endfacet
  facet normal 0.641718 -0.303519 0.704325
    outer loop
      vertex 7.28773 -23.6875 1.5
      vertex 6.04446 -22.8353 3
      vertex 5.91108 -23.1173 3
    endloop
  endfacet
  facet normal -0.130356 -0.697405 0.704722
    outer loop
      vertex 9.18997 -22.6707 1.5
      vertex 9.48174 -21.2095 3
      vertex 9.48067 -21.2093 3
    endloop
  endfacet
  facet normal -0.172338 -0.688628 0.704337
    outer loop
      vertex 9.48174 -21.2095 3
      vertex 9.18997 -22.6707 1.5
      vertex 9.3518 -22.7112 1.5
    endloop
  endfacet
  facet normal -0.591732 -0.394488 0.703017
    outer loop
      vertex 10.1724 -23.2596 1.5
      vertex 11.3249 -22.3152 3
      vertex 11.3243 -22.3143 3
    endloop
  endfacet
  facet normal -0.570138 -0.422923 0.704328
    outer loop
      vertex 11.3249 -22.3152 3
      vertex 10.1724 -23.2596 1.5
      vertex 10.2718 -23.3936 1.5
    endloop
  endfacet
  facet normal 0.422923 -0.570138 0.704328
    outer loop
      vertex 6.83545 -21.8714 3
      vertex 7.77985 -23.0239 1.5
      vertex 7.91385 -22.9245 1.5
    endloop
  endfacet
  facet normal 0.438642 -0.557702 0.704671
    outer loop
      vertex 7.77985 -23.0239 1.5
      vertex 6.83545 -21.8714 3
      vertex 6.83456 -21.8721 3
    endloop
  endfacet
  facet normal -0.526036 0.476663 0.704328
    outer loop
      vertex 11.114 -26.5938 3
      vertex 11.3235 -26.3626 3
      vertex 10.0604 -25.5401 1.5
    endloop
  endfacet
  facet normal -0.707973 0.0643612 0.703301
    outer loop
      vertex 10.5583 -24.338 1.5
      vertex 12.0483 -24.3391 3
      vertex 12.0484 -24.338 3
    endloop
  endfacet
  facet normal -0.709023 0.034877 0.704322
    outer loop
      vertex 12.0483 -24.3391 3
      vertex 10.5583 -24.338 1.5
      vertex 10.5501 -24.5047 1.5
    endloop
  endfacet
  facet normal -0.365054 0.608806 0.704337
    outer loop
      vertex 9.6597 -25.8373 1.5
      vertex 10.3631 -27.1509 3
      vertex 9.80279 -25.7515 1.5
    endloop
  endfacet
  facet normal -0.317338 0.634675 0.704616
    outer loop
      vertex 10.3631 -27.1509 3
      vertex 9.6597 -25.8373 1.5
      vertex 10.3621 -27.1514 3
    endloop
  endfacet
  facet normal -0.635338 0.317669 0.70387
    outer loop
      vertex 10.4289 -24.9886 1.5
      vertex 11.8051 -25.5598 3
      vertex 11.8056 -25.5588 3
    endloop
  endfacet
  facet normal -0.641753 0.303428 0.704333
    outer loop
      vertex 11.8051 -25.5598 3
      vertex 10.4289 -24.9886 1.5
      vertex 10.3576 -25.1394 1.5
    endloop
  endfacet
  facet normal -0.709021 -0.0348251 0.704327
    outer loop
      vertex 12.0483 -24.3369 3
      vertex 12.033 -24.0254 3
      vertex 10.5501 -24.1714 1.5
    endloop
  endfacet
  facet normal 0.303415 0.641767 0.704326
    outer loop
      vertex 8.05695 -25.8373 1.5
      vertex 7.35553 -27.1519 3
      vertex 8.20776 -25.9086 1.5
    endloop
  endfacet
  facet normal 0.317337 0.634673 0.704619
    outer loop
      vertex 7.35553 -27.1519 3
      vertex 8.05695 -25.8373 1.5
      vertex 7.35453 -27.1514 3
    endloop
  endfacet
  facet normal -0.702214 0.10399 0.704331
    outer loop
      vertex 11.9873 -24.9593 3
      vertex 12.033 -24.6507 3
      vertex 10.5501 -24.5047 1.5
    endloop
  endfacet
  facet normal -0.435638 0.560106 0.704628
    outer loop
      vertex 9.93679 -25.6522 1.5
      vertex 10.8812 -26.8047 3
      vertex 10.8821 -26.804 3
    endloop
  endfacet
  facet normal -0.422653 0.570347 0.704322
    outer loop
      vertex 10.8812 -26.8047 3
      vertex 9.93679 -25.6522 1.5
      vertex 9.80279 -25.7515 1.5
    endloop
  endfacet
  facet normal 0.702197 -0.104146 0.704324
    outer loop
      vertex 7.16651 -24.1714 1.5
      vertex 5.72939 -23.7168 3
      vertex 5.68362 -24.0254 3
    endloop
  endfacet
  facet normal -0.128046 0.697849 0.704706
    outer loop
      vertex 9.18997 -26.0054 1.5
      vertex 9.47958 -27.467 3
      vertex 9.48067 -27.4668 3
    endloop
  endfacet
  facet normal -0.10425 0.702177 0.704329
    outer loop
      vertex 9.47958 -27.467 3
      vertex 9.18997 -26.0054 1.5
      vertex 9.02495 -26.0299 1.5
    endloop
  endfacet
  facet normal -0.103999 0.702235 0.704309
    outer loop
      vertex 9.171 -27.5127 3
      vertex 9.47958 -27.467 3
      vertex 9.02495 -26.0299 1.5
    endloop
  endfacet
  facet normal 0.60889 -0.364924 0.704332
    outer loop
      vertex 7.44482 -23.3936 1.5
      vertex 6.20588 -22.5657 3
      vertex 6.0455 -22.8333 3
    endloop
  endfacet
  facet normal 0.364732 -0.609022 0.704317
    outer loop
      vertex 7.08696 -21.685 3
      vertex 7.91385 -22.9245 1.5
      vertex 8.05695 -22.8388 1.5
    endloop
  endfacet
  facet normal 0.381757 -0.598086 0.704666
    outer loop
      vertex 7.91385 -22.9245 1.5
      vertex 7.08696 -21.685 3
      vertex 7.08602 -21.6856 3
    endloop
  endfacet
  facet normal -0.502851 0.502851 0.703052
    outer loop
      vertex 10.1724 -25.4165 1.5
      vertex 11.3235 -26.3626 3
      vertex 11.3243 -26.3618 3
    endloop
  endfacet
  facet normal -0.526035 0.476666 0.704328
    outer loop
      vertex 11.3235 -26.3626 3
      vertex 10.1724 -25.4165 1.5
      vertex 10.0604 -25.5401 1.5
    endloop
  endfacet
  facet normal -0.422794 -0.570249 0.704316
    outer loop
      vertex 10.8812 -21.8714 3
      vertex 10.6306 -21.6856 3
      vertex 9.80279 -22.9245 1.5
    endloop
  endfacet
  facet normal 0.10425 -0.702177 0.704329
    outer loop
      vertex 8.23706 -21.2091 3
      vertex 8.52667 -22.6707 1.5
      vertex 8.69169 -22.6462 1.5
    endloop
  endfacet
  facet normal 0.128046 -0.697849 0.704706
    outer loop
      vertex 8.52667 -22.6707 1.5
      vertex 8.23706 -21.2091 3
      vertex 8.23597 -21.2093 3
    endloop
  endfacet
  facet normal 0.0348916 -0.709023 0.704322
    outer loop
      vertex 8.85832 -22.638 1.5
      vertex 8.85722 -21.148 3
      vertex 8.69169 -22.6462 1.5
    endloop
  endfacet
  facet normal 0 -0.709468 0.704738
    outer loop
      vertex 8.85722 -21.148 3
      vertex 8.85832 -22.638 1.5
      vertex 8.85832 -21.148 3
    endloop
  endfacet
  facet normal 0.239136 0.668389 0.704322
    outer loop
      vertex 8.20776 -25.9086 1.5
      vertex 7.63858 -27.2856 3
      vertex 8.36484 -25.9648 1.5
    endloop
  endfacet
  facet normal 0.19724 0.683765 0.70254
    outer loop
      vertex 7.63858 -27.2856 3
      vertex 8.20776 -25.9086 1.5
      vertex 7.63754 -27.2853 3
    endloop
  endfacet
  facet normal 0.709022 0.0348367 0.704325
    outer loop
      vertex 5.68362 -24.6507 3
      vertex 7.16651 -24.5047 1.5
      vertex 5.66831 -24.3391 3
    endloop
  endfacet
  facet normal 0.668379 0.239145 0.704329
    outer loop
      vertex 5.91071 -25.5578 3
      vertex 7.28773 -24.9886 1.5
      vertex 7.23152 -24.8315 1.5
    endloop
  endfacet
  facet normal 0.665611 0.246276 0.704493
    outer loop
      vertex 7.28773 -24.9886 1.5
      vertex 5.91071 -25.5578 3
      vertex 5.91108 -25.5588 3
    endloop
  endfacet
  facet normal -0.172486 -0.688603 0.704325
    outer loop
      vertex 9.78435 -21.2853 3
      vertex 9.48174 -21.2095 3
      vertex 9.3518 -22.7112 1.5
    endloop
  endfacet
  facet normal 0.0348161 -0.709021 0.704328
    outer loop
      vertex 8.69169 -22.6462 1.5
      vertex 8.85722 -21.148 3
      vertex 8.54564 -21.1633 3
    endloop
  endfacet
  facet normal -0.641704 0.303558 0.704321
    outer loop
      vertex 11.6717 -25.8418 3
      vertex 11.8051 -25.5598 3
      vertex 10.3576 -25.1394 1.5
    endloop
  endfacet
  facet normal -0.204375 0.68125 0.702944
    outer loop
      vertex 9.50888 -25.9086 1.5
      vertex 10.0781 -27.2856 3
      vertex 10.0791 -27.2853 3
    endloop
  endfacet
  facet normal -0.239135 0.668386 0.704325
    outer loop
      vertex 10.0781 -27.2856 3
      vertex 9.50888 -25.9086 1.5
      vertex 9.3518 -25.9648 1.5
    endloop
  endfacet
  facet normal -0.172486 0.688603 0.704325
    outer loop
      vertex 9.48174 -27.4665 3
      vertex 9.78435 -27.3907 3
      vertex 9.3518 -25.9648 1.5
    endloop
  endfacet
  facet normal 0.668375 0.239154 0.704329
    outer loop
      vertex 5.91071 -25.5578 3
      vertex 7.23152 -24.8315 1.5
      vertex 5.80562 -25.2641 3
    endloop
  endfacet
  facet normal -0.172746 0.68856 0.704304
    outer loop
      vertex 9.18997 -26.0054 1.5
      vertex 9.48174 -27.4665 3
      vertex 9.3518 -25.9648 1.5
    endloop
  endfacet
  facet normal -0.191811 0.684124 0.703692
    outer loop
      vertex 9.48174 -27.4665 3
      vertex 9.18997 -26.0054 1.5
      vertex 9.48067 -27.4668 3
    endloop
  endfacet
  facet normal -0.0348161 -0.709021 0.704328
    outer loop
      vertex 9.02495 -22.6462 1.5
      vertex 9.171 -21.1633 3
      vertex 8.85942 -21.148 3
    endloop
  endfacet
  facet normal -0.365055 0.608805 0.704337
    outer loop
      vertex 10.3631 -27.1509 3
      vertex 10.6306 -26.9905 3
      vertex 9.80279 -25.7515 1.5
    endloop
  endfacet
  facet normal 0.688599 0.172491 0.704328
    outer loop
      vertex 5.80562 -25.2641 3
      vertex 7.23152 -24.8315 1.5
      vertex 5.72982 -24.9615 3
    endloop
  endfacet
  facet normal 0.10425 0.702177 0.704329
    outer loop
      vertex 8.52667 -26.0054 1.5
      vertex 8.23706 -27.467 3
      vertex 8.69169 -26.0299 1.5
    endloop
  endfacet
  facet normal 0.128046 0.697849 0.704706
    outer loop
      vertex 8.23706 -27.467 3
      vertex 8.52667 -26.0054 1.5
      vertex 8.23597 -27.4668 3
    endloop
  endfacet
  facet normal -0.702247 0.103847 0.704319
    outer loop
      vertex 10.5257 -24.6697 1.5
      vertex 11.9873 -24.9593 3
      vertex 10.5501 -24.5047 1.5
    endloop
  endfacet
  facet normal -0.698064 0.126921 0.704697
    outer loop
      vertex 11.9873 -24.9593 3
      vertex 10.5257 -24.6697 1.5
      vertex 11.9871 -24.9604 3
    endloop
  endfacet
  facet normal 0.476883 0.525847 0.704321
    outer loop
      vertex 6.83375 -26.8033 3
      vertex 7.77985 -25.6522 1.5
      vertex 7.65624 -25.5401 1.5
    endloop
  endfacet
  facet normal 0.463963 0.536872 0.704632
    outer loop
      vertex 7.77985 -25.6522 1.5
      vertex 6.83375 -26.8033 3
      vertex 6.83456 -26.804 3
    endloop
  endfacet
  facet normal -0.635338 -0.317669 0.70387
    outer loop
      vertex 11.8051 -23.1163 3
      vertex 10.4289 -23.6875 1.5
      vertex 11.8056 -23.1173 3
    endloop
  endfacet
  facet normal -0.641753 -0.303428 0.704333
    outer loop
      vertex 10.4289 -23.6875 1.5
      vertex 11.8051 -23.1163 3
      vertex 10.3576 -23.5367 1.5
    endloop
  endfacet
  facet normal 0.239168 0.668375 0.704325
    outer loop
      vertex 7.93229 -27.3907 3
      vertex 8.36484 -25.9648 1.5
      vertex 7.63858 -27.2856 3
    endloop
  endfacet
  facet normal -0.476773 0.52593 0.704333
    outer loop
      vertex 10.8829 -26.8033 3
      vertex 11.114 -26.5938 3
      vertex 10.0604 -25.5401 1.5
    endloop
  endfacet
  facet normal -0.668368 0.239174 0.704329
    outer loop
      vertex 11.8059 -25.5578 3
      vertex 11.911 -25.2641 3
      vertex 10.4851 -24.8315 1.5
    endloop
  endfacet
  facet normal -0.239139 -0.668384 0.704326
    outer loop
      vertex 10.0781 -21.3904 3
      vertex 9.78435 -21.2853 3
      vertex 9.3518 -22.7112 1.5
    endloop
  endfacet
  facet normal 0.668375 -0.239154 0.704329
    outer loop
      vertex 7.23152 -23.8446 1.5
      vertex 5.91071 -23.1183 3
      vertex 5.80562 -23.412 3
    endloop
  endfacet
  facet normal -0.364794 -0.608976 0.704325
    outer loop
      vertex 10.6297 -21.685 3
      vertex 10.3621 -21.5247 3
      vertex 9.6597 -22.8388 1.5
    endloop
  endfacet
  facet normal 0.463963 -0.536872 0.704632
    outer loop
      vertex 6.83375 -21.8728 3
      vertex 7.77985 -23.0239 1.5
      vertex 6.83456 -21.8721 3
    endloop
  endfacet
  facet normal 0.476883 -0.525847 0.704321
    outer loop
      vertex 7.77985 -23.0239 1.5
      vertex 6.83375 -21.8728 3
      vertex 7.65624 -23.136 1.5
    endloop
  endfacet
  facet normal 0.525953 0.476762 0.704323
    outer loop
      vertex 7.5442 -25.4165 1.5
      vertex 6.39311 -26.3626 3
      vertex 7.65624 -25.5401 1.5
    endloop
  endfacet
  facet normal 0.521262 0.482167 0.704132
    outer loop
      vertex 6.39311 -26.3626 3
      vertex 7.5442 -25.4165 1.5
      vertex 6.39237 -26.3618 3
    endloop
  endfacet
  facet normal 0.476713 0.525978 0.704338
    outer loop
      vertex 6.83375 -26.8033 3
      vertex 7.65624 -25.5401 1.5
      vertex 6.6026 -26.5938 3
    endloop
  endfacet
  facet normal 0.239168 -0.668375 0.704325
    outer loop
      vertex 8.36484 -22.7112 1.5
      vertex 7.93229 -21.2853 3
      vertex 7.63858 -21.3904 3
    endloop
  endfacet
  facet normal 0.570182 0.42287 0.704325
    outer loop
      vertex 6.39171 -26.3609 3
      vertex 7.5442 -25.4165 1.5
      vertex 7.44482 -25.2825 1.5
    endloop
  endfacet
  facet normal 0.572527 0.419853 0.704227
    outer loop
      vertex 7.5442 -25.4165 1.5
      vertex 6.39171 -26.3609 3
      vertex 6.39237 -26.3618 3
    endloop
  endfacet
  facet normal 0.525953 -0.476762 0.704323
    outer loop
      vertex 6.39311 -22.3135 3
      vertex 7.5442 -23.2596 1.5
      vertex 7.65624 -23.136 1.5
    endloop
  endfacet
  facet normal 0.521262 -0.482167 0.704132
    outer loop
      vertex 7.5442 -23.2596 1.5
      vertex 6.39311 -22.3135 3
      vertex 6.39237 -22.3143 3
    endloop
  endfacet
  facet normal 0.317677 -0.635355 0.70385
    outer loop
      vertex 7.63654 -21.3913 3
      vertex 8.20776 -22.7674 1.5
      vertex 7.63754 -21.3908 3
    endloop
  endfacet
  facet normal 0.303772 -0.641622 0.704304
    outer loop
      vertex 8.20776 -22.7674 1.5
      vertex 7.63654 -21.3913 3
      vertex 8.05695 -22.8388 1.5
    endloop
  endfacet
  facet normal -0.128046 -0.697849 0.704706
    outer loop
      vertex 9.47958 -21.2091 3
      vertex 9.18997 -22.6707 1.5
      vertex 9.48067 -21.2093 3
    endloop
  endfacet
  facet normal -0.10425 -0.702177 0.704329
    outer loop
      vertex 9.18997 -22.6707 1.5
      vertex 9.47958 -21.2091 3
      vertex 9.02495 -22.6462 1.5
    endloop
  endfacet
  facet normal 0.702533 -0.102187 0.704277
    outer loop
      vertex 5.72939 -23.7168 3
      vertex 7.19099 -24.0064 1.5
      vertex 5.72955 -23.7157 3
    endloop
  endfacet
  facet normal 0.70219 -0.104179 0.704327
    outer loop
      vertex 7.19099 -24.0064 1.5
      vertex 5.72939 -23.7168 3
      vertex 7.16651 -24.1714 1.5
    endloop
  endfacet
  facet normal -0.637016 -0.318508 0.701971
    outer loop
      vertex 10.2718 -23.3936 1.5
      vertex 11.5113 -22.5667 3
      vertex 11.5108 -22.5657 3
    endloop
  endfacet
  facet normal -0.608826 -0.36504 0.704327
    outer loop
      vertex 11.5113 -22.5667 3
      vertex 10.2718 -23.3936 1.5
      vertex 10.3576 -23.5367 1.5
    endloop
  endfacet
  facet normal 0.665611 -0.246276 0.704493
    outer loop
      vertex 5.91071 -23.1183 3
      vertex 7.28773 -23.6875 1.5
      vertex 5.91108 -23.1173 3
    endloop
  endfacet
  facet normal 0.668379 -0.239145 0.704329
    outer loop
      vertex 7.28773 -23.6875 1.5
      vertex 5.91071 -23.1183 3
      vertex 7.23152 -23.8446 1.5
    endloop
  endfacet
  facet normal 0.688599 -0.172491 0.704328
    outer loop
      vertex 7.23152 -23.8446 1.5
      vertex 5.80562 -23.412 3
      vertex 5.72982 -23.7146 3
    endloop
  endfacet
  facet normal 0.708921 -0.0386684 0.704228
    outer loop
      vertex 7.15832 -24.338 1.5
      vertex 5.66831 -24.3369 3
      vertex 5.66825 -24.338 3
    endloop
  endfacet
  facet normal 0.709021 -0.0348553 0.704325
    outer loop
      vertex 5.66831 -24.3369 3
      vertex 7.15832 -24.338 1.5
      vertex 7.16651 -24.1714 1.5
    endloop
  endfacet
  facet normal 0.476713 -0.525978 0.704338
    outer loop
      vertex 7.65624 -23.136 1.5
      vertex 6.83375 -21.8728 3
      vertex 6.6026 -22.0823 3
    endloop
  endfacet
  facet normal 0.130356 -0.697405 0.704722
    outer loop
      vertex 8.2349 -21.2095 3
      vertex 8.52667 -22.6707 1.5
      vertex 8.23597 -21.2093 3
    endloop
  endfacet
  facet normal 0.172338 -0.688628 0.704337
    outer loop
      vertex 8.52667 -22.6707 1.5
      vertex 8.2349 -21.2095 3
      vertex 8.36484 -22.7112 1.5
    endloop
  endfacet
  facet normal -0.526036 -0.476663 0.704328
    outer loop
      vertex 11.3235 -22.3135 3
      vertex 11.114 -22.0823 3
      vertex 10.0604 -23.136 1.5
    endloop
  endfacet
  facet normal -0.263497 -0.658743 0.704718
    outer loop
      vertex 10.0781 -21.3904 3
      vertex 9.50888 -22.7674 1.5
      vertex 10.0791 -21.3908 3
    endloop
  endfacet
  facet normal -0.239135 -0.668386 0.704325
    outer loop
      vertex 9.50888 -22.7674 1.5
      vertex 10.0781 -21.3904 3
      vertex 9.3518 -22.7112 1.5
    endloop
  endfacet
  facet normal -0.317677 -0.635355 0.70385
    outer loop
      vertex 9.50888 -22.7674 1.5
      vertex 10.0801 -21.3913 3
      vertex 10.0791 -21.3908 3
    endloop
  endfacet
  facet normal -0.303755 -0.641629 0.704305
    outer loop
      vertex 10.0801 -21.3913 3
      vertex 9.50888 -22.7674 1.5
      vertex 9.6597 -22.8388 1.5
    endloop
  endfacet
  facet normal -0.681251 -0.204375 0.702942
    outer loop
      vertex 10.4289 -23.6875 1.5
      vertex 11.8059 -23.1183 3
      vertex 11.8056 -23.1173 3
    endloop
  endfacet
  facet normal -0.668398 -0.239109 0.704323
    outer loop
      vertex 11.8059 -23.1183 3
      vertex 10.4289 -23.6875 1.5
      vertex 10.4851 -23.8446 1.5
    endloop
  endfacet
  facet normal -0.668368 -0.239174 0.704329
    outer loop
      vertex 11.911 -23.412 3
      vertex 11.8059 -23.1183 3
      vertex 10.4851 -23.8446 1.5
    endloop
  endfacet
  facet normal -0.035044 0.709028 0.704309
    outer loop
      vertex 9.171 -27.5127 3
      vertex 9.02495 -26.0299 1.5
      vertex 8.85942 -27.5281 3
    endloop
  endfacet
  facet normal -0.0344655 0.70901 0.704356
    outer loop
      vertex 8.85832 -26.038 1.5
      vertex 8.85942 -27.5281 3
      vertex 9.02495 -26.0299 1.5
    endloop
  endfacet
  facet normal 0 0.709444 0.704762
    outer loop
      vertex 8.85942 -27.5281 3
      vertex 8.85832 -26.038 1.5
      vertex 8.85832 -27.5281 3
    endloop
  endfacet
  facet normal -0.239139 0.668384 0.704326
    outer loop
      vertex 9.78435 -27.3907 3
      vertex 10.0781 -27.2856 3
      vertex 9.3518 -25.9648 1.5
    endloop
  endfacet
  facet normal -0.476882 0.525846 0.704322
    outer loop
      vertex 9.93679 -25.6522 1.5
      vertex 10.8829 -26.8033 3
      vertex 10.0604 -25.5401 1.5
    endloop
  endfacet
  facet normal -0.467295 0.534052 0.704573
    outer loop
      vertex 10.8829 -26.8033 3
      vertex 9.93679 -25.6522 1.5
      vertex 10.8821 -26.804 3
    endloop
  endfacet
  facet normal 0.570212 0.422835 0.704321
    outer loop
      vertex 6.39171 -26.3609 3
      vertex 7.44482 -25.2825 1.5
      vertex 6.20588 -26.1103 3
    endloop
  endfacet
  facet normal 0.526043 0.476646 0.704335
    outer loop
      vertex 6.6026 -26.5938 3
      vertex 7.65624 -25.5401 1.5
      vertex 6.39311 -26.3626 3
    endloop
  endfacet
  facet normal -0.60888 0.364964 0.70432
    outer loop
      vertex 11.5113 -26.1094 3
      vertex 11.6717 -25.8418 3
      vertex 10.3576 -25.1394 1.5
    endloop
  endfacet
  facet normal -0.608826 0.36504 0.704327
    outer loop
      vertex 10.2718 -25.2825 1.5
      vertex 11.5113 -26.1094 3
      vertex 10.3576 -25.1394 1.5
    endloop
  endfacet
  facet normal -0.621201 0.345112 0.703568
    outer loop
      vertex 11.5113 -26.1094 3
      vertex 10.2718 -25.2825 1.5
      vertex 11.5108 -26.1103 3
    endloop
  endfacet
  facet normal -0.668398 0.239109 0.704323
    outer loop
      vertex 10.4289 -24.9886 1.5
      vertex 11.8059 -25.5578 3
      vertex 10.4851 -24.8315 1.5
    endloop
  endfacet
  facet normal -0.681251 0.204375 0.702942
    outer loop
      vertex 11.8059 -25.5578 3
      vertex 10.4289 -24.9886 1.5
      vertex 11.8056 -25.5588 3
    endloop
  endfacet
  facet normal -0.685292 0.186898 0.703878
    outer loop
      vertex 10.5257 -24.6697 1.5
      vertex 11.9868 -24.9615 3
      vertex 11.9871 -24.9604 3
    endloop
  endfacet
  facet normal -0.688551 0.172776 0.704305
    outer loop
      vertex 11.9868 -24.9615 3
      vertex 10.5257 -24.6697 1.5
      vertex 10.4851 -24.8315 1.5
    endloop
  endfacet
  facet normal -0.688599 -0.172491 0.704328
    outer loop
      vertex 11.9868 -23.7146 3
      vertex 11.911 -23.412 3
      vertex 10.4851 -23.8446 1.5
    endloop
  endfacet
  facet normal 0.364985 0.608847 0.704338
    outer loop
      vertex 7.35359 -27.1509 3
      vertex 7.91385 -25.7515 1.5
      vertex 7.08602 -26.9905 3
    endloop
  endfacet
  facet normal 0.641718 0.303519 0.704325
    outer loop
      vertex 6.04446 -25.8408 3
      vertex 7.28773 -24.9886 1.5
      vertex 5.91108 -25.5588 3
    endloop
  endfacet
  facet normal 0.641709 0.303535 0.704327
    outer loop
      vertex 6.04446 -25.8408 3
      vertex 7.35906 -25.1394 1.5
      vertex 7.28773 -24.9886 1.5
    endloop
  endfacet
  facet normal 0.642493 0.301972 0.704283
    outer loop
      vertex 7.35906 -25.1394 1.5
      vertex 6.04446 -25.8408 3
      vertex 6.04493 -25.8418 3
    endloop
  endfacet
  facet normal 0.702197 0.104146 0.704324
    outer loop
      vertex 5.72939 -24.9593 3
      vertex 7.16651 -24.5047 1.5
      vertex 5.68362 -24.6507 3
    endloop
  endfacet
  facet normal 0.708921 0.0386684 0.704228
    outer loop
      vertex 5.66831 -24.3391 3
      vertex 7.15832 -24.338 1.5
      vertex 5.66825 -24.338 3
    endloop
  endfacet
  facet normal 0.709022 0.0348344 0.704325
    outer loop
      vertex 7.15832 -24.338 1.5
      vertex 5.66831 -24.3391 3
      vertex 7.16651 -24.5047 1.5
    endloop
  endfacet
  facet normal 0.688599 0.17249 0.704328
    outer loop
      vertex 7.19099 -24.6697 1.5
      vertex 5.72982 -24.9615 3
      vertex 7.23152 -24.8315 1.5
    endloop
  endfacet
  facet normal 0.689335 0.169201 0.704406
    outer loop
      vertex 5.72982 -24.9615 3
      vertex 7.19099 -24.6697 1.5
      vertex 5.72955 -24.9604 3
    endloop
  endfacet
  facet normal 0.303542 0.641694 0.704337
    outer loop
      vertex 7.63754 -27.2853 3
      vertex 8.20776 -25.9086 1.5
      vertex 7.35553 -27.1519 3
    endloop
  endfacet
  facet normal 0.70219 0.104179 0.704327
    outer loop
      vertex 5.72939 -24.9593 3
      vertex 7.19099 -24.6697 1.5
      vertex 7.16651 -24.5047 1.5
    endloop
  endfacet
  facet normal 0.702533 0.102187 0.704277
    outer loop
      vertex 7.19099 -24.6697 1.5
      vertex 5.72939 -24.9593 3
      vertex 5.72955 -24.9604 3
    endloop
  endfacet
  facet normal 0.422826 -0.570223 0.704318
    outer loop
      vertex 7.91385 -22.9245 1.5
      vertex 7.08602 -21.6856 3
      vertex 6.83545 -21.8714 3
    endloop
  endfacet
  facet normal 0.608896 0.364912 0.704333
    outer loop
      vertex 7.35906 -25.1394 1.5
      vertex 6.0455 -25.8428 3
      vertex 7.44482 -25.2825 1.5
    endloop
  endfacet
  facet normal 0.616469 0.351387 0.704623
    outer loop
      vertex 6.0455 -25.8428 3
      vertex 7.35906 -25.1394 1.5
      vertex 6.04493 -25.8418 3
    endloop
  endfacet
  facet normal 0.608837 0.365029 0.704323
    outer loop
      vertex 6.20588 -26.1103 3
      vertex 7.44482 -25.2825 1.5
      vertex 6.0455 -25.8428 3
    endloop
  endfacet
  facet normal -0.685292 -0.186898 0.703878
    outer loop
      vertex 11.9868 -23.7146 3
      vertex 10.5257 -24.0064 1.5
      vertex 11.9871 -23.7157 3
    endloop
  endfacet
  facet normal -0.688551 -0.172776 0.704305
    outer loop
      vertex 10.5257 -24.0064 1.5
      vertex 11.9868 -23.7146 3
      vertex 10.4851 -23.8446 1.5
    endloop
  endfacet
  facet normal -0.698064 -0.126921 0.704697
    outer loop
      vertex 10.5257 -24.0064 1.5
      vertex 11.9873 -23.7168 3
      vertex 11.9871 -23.7157 3
    endloop
  endfacet
  facet normal -0.702247 -0.103847 0.704319
    outer loop
      vertex 11.9873 -23.7168 3
      vertex 10.5257 -24.0064 1.5
      vertex 10.5501 -24.1714 1.5
    endloop
  endfacet
  facet normal 0.035044 0.709028 0.704309
    outer loop
      vertex 8.85722 -27.5281 3
      vertex 8.69169 -26.0299 1.5
      vertex 8.54564 -27.5127 3
    endloop
  endfacet
  facet normal 0.172486 -0.688603 0.704325
    outer loop
      vertex 8.36484 -22.7112 1.5
      vertex 8.2349 -21.2095 3
      vertex 7.93229 -21.2853 3
    endloop
  endfacet
  facet normal 0.239136 -0.668389 0.704322
    outer loop
      vertex 7.63858 -21.3904 3
      vertex 8.20776 -22.7674 1.5
      vertex 8.36484 -22.7112 1.5
    endloop
  endfacet
  facet normal 0.254723 -0.66228 0.704629
    outer loop
      vertex 8.20776 -22.7674 1.5
      vertex 7.63858 -21.3904 3
      vertex 7.63754 -21.3908 3
    endloop
  endfacet
  facet normal 0 0.709444 0.704762
    outer loop
      vertex 8.85832 -26.038 1.5
      vertex 8.85722 -27.5281 3
      vertex 8.85832 -27.5281 3
    endloop
  endfacet
  facet normal 0.0344655 0.70901 0.704356
    outer loop
      vertex 8.85722 -27.5281 3
      vertex 8.85832 -26.038 1.5
      vertex 8.69169 -26.0299 1.5
    endloop
  endfacet
  facet normal 0.422814 0.570208 0.704337
    outer loop
      vertex 7.08602 -26.9905 3
      vertex 7.91385 -25.7515 1.5
      vertex 6.83545 -26.8047 3
    endloop
  endfacet
  facet normal 0.365037 0.608821 0.704333
    outer loop
      vertex 7.35359 -27.1509 3
      vertex 8.05695 -25.8373 1.5
      vertex 7.91385 -25.7515 1.5
    endloop
  endfacet
  facet normal 0.33317 0.626359 0.704749
    outer loop
      vertex 8.05695 -25.8373 1.5
      vertex 7.35359 -27.1509 3
      vertex 7.35453 -27.1514 3
    endloop
  endfacet
  facet normal 0.172746 0.68856 0.704304
    outer loop
      vertex 8.2349 -27.4665 3
      vertex 8.52667 -26.0054 1.5
      vertex 8.36484 -25.9648 1.5
    endloop
  endfacet
  facet normal 0.191811 0.684124 0.703692
    outer loop
      vertex 8.52667 -26.0054 1.5
      vertex 8.2349 -27.4665 3
      vertex 8.23597 -27.4668 3
    endloop
  endfacet
  facet normal 0.33683 0.941566 -0
    outer loop
      vertex 20.7226 -16.4824 0
      vertex 20.5655 -16.4262 1.5
      vertex 20.7226 -16.4824 1.5
    endloop
  endfacet
  facet normal 0.33683 0.941566 0
    outer loop
      vertex 20.5655 -16.4262 1.5
      vertex 20.7226 -16.4824 0
      vertex 20.5655 -16.4262 0
    endloop
  endfacet
  facet normal 0.989155 -0.146875 0
    outer loop
      vertex 19.5242 -14.689 1.5
      vertex 19.5487 -14.524 0
      vertex 19.5487 -14.524 1.5
    endloop
  endfacet
  facet normal 0.989155 -0.146875 0
    outer loop
      vertex 19.5487 -14.524 0
      vertex 19.5242 -14.689 1.5
      vertex 19.5242 -14.689 0
    endloop
  endfacet
  facet normal 0.243382 0.969931 -0
    outer loop
      vertex 20.8844 -16.523 0
      vertex 20.7226 -16.4824 1.5
      vertex 20.8844 -16.523 1.5
    endloop
  endfacet
  facet normal 0.243382 0.969931 0
    outer loop
      vertex 20.7226 -16.4824 1.5
      vertex 20.8844 -16.523 0
      vertex 20.7226 -16.4824 0
    endloop
  endfacet
  facet normal -0.33683 -0.941566 0
    outer loop
      vertex 21.7095 -13.2288 0
      vertex 21.8666 -13.285 1.5
      vertex 21.7095 -13.2288 1.5
    endloop
  endfacet
  facet normal -0.33683 -0.941566 -0
    outer loop
      vertex 21.8666 -13.285 1.5
      vertex 21.7095 -13.2288 0
      vertex 21.8666 -13.285 0
    endloop
  endfacet
  facet normal 0.51379 -0.857916 0
    outer loop
      vertex 20.2716 -13.4421 0
      vertex 20.4147 -13.3564 1.5
      vertex 20.2716 -13.4421 1.5
    endloop
  endfacet
  facet normal 0.51379 -0.857916 0
    outer loop
      vertex 20.4147 -13.3564 1.5
      vertex 20.2716 -13.4421 0
      vertex 20.4147 -13.3564 0
    endloop
  endfacet
  facet normal 0.903811 0.427932 0
    outer loop
      vertex 19.7168 -15.657 1.5
      vertex 19.6454 -15.5062 0
      vertex 19.6454 -15.5062 1.5
    endloop
  endfacet
  facet normal 0.903811 0.427932 0
    outer loop
      vertex 19.6454 -15.5062 0
      vertex 19.7168 -15.657 1.5
      vertex 19.7168 -15.657 0
    endloop
  endfacet
  facet normal 0.242818 -0.970072 0
    outer loop
      vertex 20.7226 -13.2288 0
      vertex 20.8844 -13.1883 1.5
      vertex 20.7226 -13.2288 1.5
    endloop
  endfacet
  facet normal 0.242818 -0.970072 0
    outer loop
      vertex 20.8844 -13.1883 1.5
      vertex 20.7226 -13.2288 0
      vertex 20.8844 -13.1883 0
    endloop
  endfacet
  facet normal 0.857916 0.51379 0
    outer loop
      vertex 19.8025 -15.8001 1.5
      vertex 19.7168 -15.657 0
      vertex 19.7168 -15.657 1.5
    endloop
  endfacet
  facet normal 0.857916 0.51379 0
    outer loop
      vertex 19.7168 -15.657 0
      vertex 19.8025 -15.8001 1.5
      vertex 19.8025 -15.8001 0
    endloop
  endfacet
  facet normal -0.243382 0.969931 0
    outer loop
      vertex 21.7095 -16.4824 0
      vertex 21.5477 -16.523 1.5
      vertex 21.7095 -16.4824 1.5
    endloop
  endfacet
  facet normal -0.243382 0.969931 0
    outer loop
      vertex 21.5477 -16.523 1.5
      vertex 21.7095 -16.4824 0
      vertex 21.5477 -16.523 0
    endloop
  endfacet
  facet normal 0.595772 0.803154 -0
    outer loop
      vertex 20.2716 -16.2691 0
      vertex 20.1376 -16.1697 1.5
      vertex 20.2716 -16.2691 1.5
    endloop
  endfacet
  facet normal 0.595772 0.803154 0
    outer loop
      vertex 20.1376 -16.1697 1.5
      vertex 20.2716 -16.2691 0
      vertex 20.1376 -16.1697 0
    endloop
  endfacet
  facet normal -0.146875 -0.989155 0
    outer loop
      vertex 21.3827 -13.1638 0
      vertex 21.5477 -13.1883 1.5
      vertex 21.3827 -13.1638 1.5
    endloop
  endfacet
  facet normal -0.146875 -0.989155 -0
    outer loop
      vertex 21.5477 -13.1883 1.5
      vertex 21.3827 -13.1638 0
      vertex 21.5477 -13.1883 0
    endloop
  endfacet
  facet normal 0.595772 -0.803154 0
    outer loop
      vertex 20.1376 -13.5415 0
      vertex 20.2716 -13.4421 1.5
      vertex 20.1376 -13.5415 1.5
    endloop
  endfacet
  facet normal 0.595772 -0.803154 0
    outer loop
      vertex 20.2716 -13.4421 1.5
      vertex 20.1376 -13.5415 0
      vertex 20.2716 -13.4421 0
    endloop
  endfacet
  facet normal -0.427621 0.903958 0
    outer loop
      vertex 21.9 -16.4104 0
      vertex 21.8666 -16.4262 1.5
      vertex 21.9 -16.4104 1.5
    endloop
  endfacet
  facet normal -0.427621 0.903958 0
    outer loop
      vertex 21.8666 -16.4262 1.5
      vertex 21.9 -16.4104 0
      vertex 21.8666 -16.4262 0
    endloop
  endfacet
  facet normal 0.803154 -0.595772 0
    outer loop
      vertex 19.8025 -13.9112 1.5
      vertex 19.9019 -13.7772 0
      vertex 19.9019 -13.7772 1.5
    endloop
  endfacet
  facet normal 0.803154 -0.595772 0
    outer loop
      vertex 19.9019 -13.7772 0
      vertex 19.8025 -13.9112 1.5
      vertex 19.8025 -13.9112 0
    endloop
  endfacet
  facet normal 0.941497 -0.33702 0
    outer loop
      vertex 19.5892 -14.3621 1.5
      vertex 19.6454 -14.2051 0
      vertex 19.6454 -14.2051 1.5
    endloop
  endfacet
  facet normal 0.941497 -0.33702 0
    outer loop
      vertex 19.6454 -14.2051 0
      vertex 19.5892 -14.3621 1.5
      vertex 19.5892 -14.3621 0
    endloop
  endfacet
  facet normal -0.427621 -0.903958 0
    outer loop
      vertex 21.8666 -13.285 0
      vertex 21.9 -13.3008 1.5
      vertex 21.8666 -13.285 1.5
    endloop
  endfacet
  facet normal -0.427621 -0.903958 -0
    outer loop
      vertex 21.9 -13.3008 1.5
      vertex 21.8666 -13.285 0
      vertex 21.9 -13.3008 0
    endloop
  endfacet
  facet normal 0.941566 0.33683 0
    outer loop
      vertex 19.6454 -15.5062 1.5
      vertex 19.5892 -15.3491 0
      vertex 19.5892 -15.3491 1.5
    endloop
  endfacet
  facet normal 0.941566 0.33683 0
    outer loop
      vertex 19.5892 -15.3491 0
      vertex 19.6454 -15.5062 1.5
      vertex 19.6454 -15.5062 0
    endloop
  endfacet
  facet normal 0.0491602 -0.998791 0
    outer loop
      vertex 21.0494 -13.1638 0
      vertex 21.216 -13.1556 1.5
      vertex 21.0494 -13.1638 1.5
    endloop
  endfacet
  facet normal 0.0491602 -0.998791 0
    outer loop
      vertex 21.216 -13.1556 1.5
      vertex 21.0494 -13.1638 0
      vertex 21.216 -13.1556 0
    endloop
  endfacet
  facet normal 0.427932 -0.903811 0
    outer loop
      vertex 20.4147 -13.3564 0
      vertex 20.5655 -13.285 1.5
      vertex 20.4147 -13.3564 1.5
    endloop
  endfacet
  facet normal 0.427932 -0.903811 0
    outer loop
      vertex 20.5655 -13.285 1.5
      vertex 20.4147 -13.3564 0
      vertex 20.5655 -13.285 0
    endloop
  endfacet
  facet normal 0.671478 -0.741024 0
    outer loop
      vertex 20.014 -13.6535 0
      vertex 20.1376 -13.5415 1.5
      vertex 20.014 -13.6535 1.5
    endloop
  endfacet
  facet normal 0.671478 -0.741024 0
    outer loop
      vertex 20.1376 -13.5415 1.5
      vertex 20.014 -13.6535 0
      vertex 20.1376 -13.5415 0
    endloop
  endfacet
  facet normal -0.33683 0.941566 0
    outer loop
      vertex 21.8666 -16.4262 0
      vertex 21.7095 -16.4824 1.5
      vertex 21.8666 -16.4262 1.5
    endloop
  endfacet
  facet normal -0.33683 0.941566 0
    outer loop
      vertex 21.7095 -16.4824 1.5
      vertex 21.8666 -16.4262 0
      vertex 21.7095 -16.4824 0
    endloop
  endfacet
  facet normal 0.33683 -0.941566 0
    outer loop
      vertex 20.5655 -13.285 0
      vertex 20.7226 -13.2288 1.5
      vertex 20.5655 -13.285 1.5
    endloop
  endfacet
  facet normal 0.33683 -0.941566 0
    outer loop
      vertex 20.7226 -13.2288 1.5
      vertex 20.5655 -13.285 0
      vertex 20.7226 -13.2288 0
    endloop
  endfacet
  facet normal 0.857916 -0.51379 0
    outer loop
      vertex 19.7168 -14.0543 1.5
      vertex 19.8025 -13.9112 0
      vertex 19.8025 -13.9112 1.5
    endloop
  endfacet
  facet normal 0.857916 -0.51379 0
    outer loop
      vertex 19.8025 -13.9112 0
      vertex 19.7168 -14.0543 1.5
      vertex 19.7168 -14.0543 0
    endloop
  endfacet
  facet normal 0.671478 0.741024 -0
    outer loop
      vertex 20.1376 -16.1697 0
      vertex 20.014 -16.0577 1.5
      vertex 20.1376 -16.1697 1.5
    endloop
  endfacet
  facet normal 0.671478 0.741024 0
    outer loop
      vertex 20.014 -16.0577 1.5
      vertex 20.1376 -16.1697 0
      vertex 20.014 -16.0577 0
    endloop
  endfacet
  facet normal 0.514231 0.857652 -0
    outer loop
      vertex 20.4147 -16.3549 0
      vertex 20.2716 -16.2691 1.5
      vertex 20.4147 -16.3549 1.5
    endloop
  endfacet
  facet normal 0.514231 0.857652 0
    outer loop
      vertex 20.2716 -16.2691 1.5
      vertex 20.4147 -16.3549 0
      vertex 20.2716 -16.2691 0
    endloop
  endfacet
  facet normal -0.146288 0.989242 0
    outer loop
      vertex 21.5477 -16.523 0
      vertex 21.3827 -16.5474 1.5
      vertex 21.5477 -16.523 1.5
    endloop
  endfacet
  facet normal -0.146288 0.989242 0
    outer loop
      vertex 21.3827 -16.5474 1.5
      vertex 21.5477 -16.523 0
      vertex 21.3827 -16.5474 0
    endloop
  endfacet
  facet normal 0.998792 0.0491308 0
    outer loop
      vertex 19.5242 -15.0223 1.5
      vertex 19.516 -14.8556 0
      vertex 19.516 -14.8556 1.5
    endloop
  endfacet
  facet normal 0.998792 0.0491308 0
    outer loop
      vertex 19.516 -14.8556 0
      vertex 19.5242 -15.0223 1.5
      vertex 19.5242 -15.0223 0
    endloop
  endfacet
  facet normal -0.0491308 -0.998792 0
    outer loop
      vertex 21.216 -13.1556 0
      vertex 21.3827 -13.1638 1.5
      vertex 21.216 -13.1556 1.5
    endloop
  endfacet
  facet normal -0.0491308 -0.998792 -0
    outer loop
      vertex 21.3827 -13.1638 1.5
      vertex 21.216 -13.1556 0
      vertex 21.3827 -13.1638 0
    endloop
  endfacet
  facet normal 0.146288 0.989242 -0
    outer loop
      vertex 21.0494 -16.5474 0
      vertex 20.8844 -16.523 1.5
      vertex 21.0494 -16.5474 1.5
    endloop
  endfacet
  facet normal 0.146288 0.989242 0
    outer loop
      vertex 20.8844 -16.523 1.5
      vertex 21.0494 -16.5474 0
      vertex 20.8844 -16.523 0
    endloop
  endfacet
  facet normal 0.0491602 0.998791 -0
    outer loop
      vertex 21.216 -16.5556 0
      vertex 21.0494 -16.5474 1.5
      vertex 21.216 -16.5556 1.5
    endloop
  endfacet
  facet normal 0.0491602 0.998791 0
    outer loop
      vertex 21.0494 -16.5474 1.5
      vertex 21.216 -16.5556 0
      vertex 21.0494 -16.5474 0
    endloop
  endfacet
  facet normal 0.740996 -0.671509 0
    outer loop
      vertex 19.9019 -13.7772 1.5
      vertex 20.014 -13.6535 0
      vertex 20.014 -13.6535 1.5
    endloop
  endfacet
  facet normal 0.740996 -0.671509 0
    outer loop
      vertex 20.014 -13.6535 0
      vertex 19.9019 -13.7772 1.5
      vertex 19.9019 -13.7772 0
    endloop
  endfacet
  facet normal 0.146875 -0.989155 0
    outer loop
      vertex 20.8844 -13.1883 0
      vertex 21.0494 -13.1638 1.5
      vertex 20.8844 -13.1883 1.5
    endloop
  endfacet
  facet normal 0.146875 -0.989155 0
    outer loop
      vertex 21.0494 -13.1638 1.5
      vertex 20.8844 -13.1883 0
      vertex 21.0494 -13.1638 0
    endloop
  endfacet
  facet normal 0.903811 -0.427932 0
    outer loop
      vertex 19.6454 -14.2051 1.5
      vertex 19.7168 -14.0543 0
      vertex 19.7168 -14.0543 1.5
    endloop
  endfacet
  facet normal 0.903811 -0.427932 0
    outer loop
      vertex 19.7168 -14.0543 0
      vertex 19.6454 -14.2051 1.5
      vertex 19.6454 -14.2051 0
    endloop
  endfacet
  facet normal 0.970107 -0.242677 0
    outer loop
      vertex 19.5487 -14.524 1.5
      vertex 19.5892 -14.3621 0
      vertex 19.5892 -14.3621 1.5
    endloop
  endfacet
  facet normal 0.970107 -0.242677 0
    outer loop
      vertex 19.5892 -14.3621 0
      vertex 19.5487 -14.524 1.5
      vertex 19.5487 -14.524 0
    endloop
  endfacet
  facet normal -0.242818 -0.970072 0
    outer loop
      vertex 21.5477 -13.1883 0
      vertex 21.7095 -13.2288 1.5
      vertex 21.5477 -13.1883 1.5
    endloop
  endfacet
  facet normal -0.242818 -0.970072 -0
    outer loop
      vertex 21.7095 -13.2288 1.5
      vertex 21.5477 -13.1883 0
      vertex 21.7095 -13.2288 0
    endloop
  endfacet
  facet normal 0.970072 0.242818 0
    outer loop
      vertex 19.5892 -15.3491 1.5
      vertex 19.5487 -15.1873 0
      vertex 19.5487 -15.1873 1.5
    endloop
  endfacet
  facet normal 0.970072 0.242818 0
    outer loop
      vertex 19.5487 -15.1873 0
      vertex 19.5892 -15.3491 1.5
      vertex 19.5892 -15.3491 0
    endloop
  endfacet
  facet normal 0.427442 0.904043 -0
    outer loop
      vertex 20.5655 -16.4262 0
      vertex 20.4147 -16.3549 1.5
      vertex 20.5655 -16.4262 1.5
    endloop
  endfacet
  facet normal 0.427442 0.904043 0
    outer loop
      vertex 20.4147 -16.3549 1.5
      vertex 20.5655 -16.4262 0
      vertex 20.4147 -16.3549 0
    endloop
  endfacet
  facet normal 0.740726 0.671807 0
    outer loop
      vertex 20.014 -16.0577 1.5
      vertex 19.9019 -15.9341 0
      vertex 19.9019 -15.9341 1.5
    endloop
  endfacet
  facet normal 0.740726 0.671807 0
    outer loop
      vertex 19.9019 -15.9341 0
      vertex 20.014 -16.0577 1.5
      vertex 20.014 -16.0577 0
    endloop
  endfacet
  facet normal -0.0491308 0.998792 0
    outer loop
      vertex 21.3827 -16.5474 0
      vertex 21.216 -16.5556 1.5
      vertex 21.3827 -16.5474 1.5
    endloop
  endfacet
  facet normal -0.0491308 0.998792 0
    outer loop
      vertex 21.216 -16.5556 1.5
      vertex 21.3827 -16.5474 0
      vertex 21.216 -16.5556 0
    endloop
  endfacet
  facet normal 0.989155 0.146875 0
    outer loop
      vertex 19.5487 -15.1873 1.5
      vertex 19.5242 -15.0223 0
      vertex 19.5242 -15.0223 1.5
    endloop
  endfacet
  facet normal 0.989155 0.146875 0
    outer loop
      vertex 19.5242 -15.0223 0
      vertex 19.5487 -15.1873 1.5
      vertex 19.5487 -15.1873 0
    endloop
  endfacet
  facet normal 0.803154 0.595772 0
    outer loop
      vertex 19.9019 -15.9341 1.5
      vertex 19.8025 -15.8001 0
      vertex 19.8025 -15.8001 1.5
    endloop
  endfacet
  facet normal 0.803154 0.595772 0
    outer loop
      vertex 19.8025 -15.8001 0
      vertex 19.9019 -15.9341 1.5
      vertex 19.9019 -15.9341 0
    endloop
  endfacet
  facet normal 0.998791 -0.0491602 0
    outer loop
      vertex 19.516 -14.8556 1.5
      vertex 19.5242 -14.689 0
      vertex 19.5242 -14.689 1.5
    endloop
  endfacet
  facet normal 0.998791 -0.0491602 0
    outer loop
      vertex 19.5242 -14.689 0
      vertex 19.516 -14.8556 1.5
      vertex 19.516 -14.8556 0
    endloop
  endfacet
  facet normal 0.303274 -0.641812 0.704346
    outer loop
      vertex 20.4147 -13.3564 1.5
      vertex 19.9943 -11.9089 3
      vertex 19.7122 -12.0422 3
    endloop
  endfacet
  facet normal 0.172491 -0.688599 0.704328
    outer loop
      vertex 20.7226 -13.2288 1.5
      vertex 20.5926 -11.7271 3
      vertex 20.29 -11.8029 3
    endloop
  endfacet
  facet normal 0.52604 -0.476666 0.704323
    outer loop
      vertex 19.9019 -13.7772 1.5
      vertex 18.9596 -12.6007 3
      vertex 18.7501 -12.8319 3
    endloop
  endfacet
  facet normal 0.608997 -0.364717 0.704347
    outer loop
      vertex 18.4032 -13.3509 3
      vertex 19.7168 -14.0543 1.5
      vertex 19.8025 -13.9112 1.5
    endloop
  endfacet
  facet normal 0.591661 -0.39444 0.703103
    outer loop
      vertex 19.7168 -14.0543 1.5
      vertex 18.4032 -13.3509 3
      vertex 18.4026 -13.3518 3
    endloop
  endfacet
  facet normal -0.237095 0.668904 0.704524
    outer loop
      vertex 21.9 -16.6052 1.68119
      vertex 21.9 -16.5069 1.58786
      vertex 21.8666 -16.4262 1.5
    endloop
  endfacet
  facet normal 0.422889 0.570149 0.704341
    outer loop
      vertex 19.4428 -17.5074 3
      vertex 20.1376 -16.1697 1.5
      vertex 19.1923 -17.3216 3
    endloop
  endfacet
  facet normal 0.688609 -0.172494 0.704318
    outer loop
      vertex 19.5487 -14.524 1.5
      vertex 18.1631 -13.9307 3
      vertex 18.0873 -14.2333 3
    endloop
  endfacet
  facet normal 0.641768 -0.303361 0.704348
    outer loop
      vertex 19.7168 -14.0543 1.5
      vertex 18.4026 -13.3518 3
      vertex 18.2693 -13.6338 3
    endloop
  endfacet
  facet normal -0.126921 0.698064 0.704697
    outer loop
      vertex 21.5477 -16.523 1.5
      vertex 21.8373 -17.9846 3
      vertex 21.8384 -17.9844 3
    endloop
  endfacet
  facet normal -0.103847 0.702247 0.704319
    outer loop
      vertex 21.8373 -17.9846 3
      vertex 21.5477 -16.523 1.5
      vertex 21.3827 -16.5474 1.5
    endloop
  endfacet
  facet normal 0.668401 -0.239105 0.704322
    outer loop
      vertex 19.6454 -14.2051 1.5
      vertex 18.2688 -13.6348 3
      vertex 18.1637 -13.9286 3
    endloop
  endfacet
  facet normal -0.172161 0.688644 0.704365
    outer loop
      vertex 21.9 -17.3458 2.39071
      vertex 21.8384 -17.9844 3
      vertex 21.9 -17.969 3
    endloop
  endfacet
  facet normal -0.172421 0.688625 0.70432
    outer loop
      vertex 21.8384 -17.9844 3
      vertex 21.9 -17.3458 2.39071
      vertex 21.5477 -16.523 1.5
    endloop
  endfacet
  facet normal 0.303428 0.641753 0.704333
    outer loop
      vertex 19.9943 -17.8024 3
      vertex 20.5655 -16.4262 1.5
      vertex 20.4147 -16.3549 1.5
    endloop
  endfacet
  facet normal 0.317669 0.635338 0.70387
    outer loop
      vertex 20.5655 -16.4262 1.5
      vertex 19.9943 -17.8024 3
      vertex 19.9953 -17.8029 3
    endloop
  endfacet
  facet normal 0.688619 0.172368 0.704338
    outer loop
      vertex 19.5487 -15.1873 1.5
      vertex 18.0875 -15.4791 3
      vertex 19.5892 -15.3491 1.5
    endloop
  endfacet
  facet normal 0.698064 0.126921 0.704697
    outer loop
      vertex 18.0875 -15.4791 3
      vertex 19.5487 -15.1873 1.5
      vertex 18.0873 -15.478 3
    endloop
  endfacet
  facet normal 0.365045 0.608834 0.704318
    outer loop
      vertex 19.7113 -17.6684 3
      vertex 20.4147 -16.3549 1.5
      vertex 20.2716 -16.2691 1.5
    endloop
  endfacet
  facet normal 0.394451 0.591677 0.703083
    outer loop
      vertex 20.4147 -16.3549 1.5
      vertex 19.7113 -17.6684 3
      vertex 19.7122 -17.669 3
    endloop
  endfacet
  facet normal -0.239139 -0.668391 0.70432
    outer loop
      vertex 21.9 -12.8824 1.89341
      vertex 21.9 -12.6009 2.16055
      vertex 21.7095 -13.2288 1.5
    endloop
  endfacet
  facet normal 0.103847 0.702247 0.704319
    outer loop
      vertex 20.8844 -16.523 1.5
      vertex 20.5948 -17.9846 3
      vertex 21.0494 -16.5474 1.5
    endloop
  endfacet
  facet normal 0.126921 0.698064 0.704697
    outer loop
      vertex 20.5948 -17.9846 3
      vertex 20.8844 -16.523 1.5
      vertex 20.5937 -17.9844 3
    endloop
  endfacet
  facet normal 0.668381 0.239179 0.704315
    outer loop
      vertex 18.2688 -16.0764 3
      vertex 19.6454 -15.5062 1.5
      vertex 18.1637 -15.7827 3
    endloop
  endfacet
  facet normal 0.239174 -0.668368 0.704329
    outer loop
      vertex 20.7226 -13.2288 1.5
      vertex 20.29 -11.8029 3
      vertex 19.9963 -11.908 3
    endloop
  endfacet
  facet normal -0.10399 0.702214 0.704331
    outer loop
      vertex 21.5287 -18.0303 3
      vertex 21.8373 -17.9846 3
      vertex 21.3827 -16.5474 1.5
    endloop
  endfacet
  facet normal 0.10399 0.702214 0.704331
    outer loop
      vertex 20.9034 -18.0303 3
      vertex 21.0494 -16.5474 1.5
      vertex 20.5948 -17.9846 3
    endloop
  endfacet
  facet normal 0.476655 0.526027 0.704341
    outer loop
      vertex 19.1923 -17.3216 3
      vertex 20.1376 -16.1697 1.5
      vertex 18.9611 -17.1121 3
    endloop
  endfacet
  facet normal -0.172991 -0.688548 0.704256
    outer loop
      vertex 21.8395 -11.7271 3
      vertex 21.9 -12.6009 2.16055
      vertex 21.9 -11.7423 3
    endloop
  endfacet
  facet normal -0.172588 -0.688583 0.704321
    outer loop
      vertex 21.9 -12.6009 2.16055
      vertex 21.8395 -11.7271 3
      vertex 21.7095 -13.2288 1.5
    endloop
  endfacet
  facet normal 0.303467 0.641739 0.704329
    outer loop
      vertex 19.9943 -17.8024 3
      vertex 20.4147 -16.3549 1.5
      vertex 19.7122 -17.669 3
    endloop
  endfacet
  facet normal -0.239096 0.668364 0.70436
    outer loop
      vertex 21.7095 -16.4824 1.5
      vertex 21.9 -16.6052 1.68119
      vertex 21.8666 -16.4262 1.5
    endloop
  endfacet
  facet normal -0.23912 0.668344 0.704371
    outer loop
      vertex 21.9 -16.6052 1.68119
      vertex 21.7095 -16.4824 1.5
      vertex 21.9 -17.1104 2.16055
    endloop
  endfacet
  facet normal 0.700292 -0.127326 0.70241
    outer loop
      vertex 18.1631 -13.9307 3
      vertex 19.5892 -14.3621 1.5
      vertex 18.1633 -13.9296 3
    endloop
  endfacet
  facet normal 0.688682 -0.172277 0.7043
    outer loop
      vertex 19.5892 -14.3621 1.5
      vertex 18.1631 -13.9307 3
      vertex 19.5487 -14.524 1.5
    endloop
  endfacet
  facet normal -0.0348147 -0.709038 0.704311
    outer loop
      vertex 21.5276 -11.6809 3
      vertex 21.216 -11.6656 3
      vertex 21.216 -13.1556 1.5
    endloop
  endfacet
  facet normal 0.709468 0 0.704738
    outer loop
      vertex 19.516 -14.8556 1.5
      vertex 18.026 -14.8545 3
      vertex 18.026 -14.8556 3
    endloop
  endfacet
  facet normal 0.709023 -0.0348979 0.704322
    outer loop
      vertex 18.026 -14.8545 3
      vertex 19.516 -14.8556 1.5
      vertex 19.5242 -14.689 1.5
    endloop
  endfacet
  facet normal 0 -0.711149 0.703042
    outer loop
      vertex 21.0494 -13.1638 1.5
      vertex 20.9045 -11.6809 3
      vertex 20.9034 -11.6809 3
    endloop
  endfacet
  facet normal 0.0348981 -0.709028 0.704316
    outer loop
      vertex 20.9045 -11.6809 3
      vertex 21.0494 -13.1638 1.5
      vertex 21.216 -13.1556 1.5
    endloop
  endfacet
  facet normal 0.104214 -0.702192 0.704319
    outer loop
      vertex 20.8844 -13.1883 1.5
      vertex 20.9023 -11.6811 3
      vertex 20.5937 -11.7269 3
    endloop
  endfacet
  facet normal 0.127121 -0.699165 0.703568
    outer loop
      vertex 20.9023 -11.6811 3
      vertex 21.0494 -13.1638 1.5
      vertex 20.9034 -11.6809 3
    endloop
  endfacet
  facet normal 0.104264 -0.702189 0.704315
    outer loop
      vertex 21.0494 -13.1638 1.5
      vertex 20.9023 -11.6811 3
      vertex 20.8844 -13.1883 1.5
    endloop
  endfacet
  facet normal -0.172759 0.688481 0.704378
    outer loop
      vertex 21.5477 -16.523 1.5
      vertex 21.9 -17.1104 2.16055
      vertex 21.7095 -16.4824 1.5
    endloop
  endfacet
  facet normal -0.172382 0.688638 0.704316
    outer loop
      vertex 21.9 -17.1104 2.16055
      vertex 21.5477 -16.523 1.5
      vertex 21.9 -17.3458 2.39071
    endloop
  endfacet
  facet normal 0.702175 0.104262 0.704329
    outer loop
      vertex 18.0871 -15.4769 3
      vertex 19.5487 -15.1873 1.5
      vertex 19.5242 -15.0223 1.5
    endloop
  endfacet
  facet normal 0.698064 0.126921 0.704697
    outer loop
      vertex 19.5487 -15.1873 1.5
      vertex 18.0871 -15.4769 3
      vertex 18.0873 -15.478 3
    endloop
  endfacet
  facet normal 0.525819 0.476896 0.704333
    outer loop
      vertex 18.9596 -17.1105 3
      vertex 20.014 -16.0577 1.5
      vertex 19.9019 -15.9341 1.5
    endloop
  endfacet
  facet normal 0.5345 0.467688 0.703973
    outer loop
      vertex 20.014 -16.0577 1.5
      vertex 18.9596 -17.1105 3
      vertex 18.9603 -17.1113 3
    endloop
  endfacet
  facet normal 0.668362 -0.239248 0.70431
    outer loop
      vertex 18.1637 -13.9286 3
      vertex 19.5892 -14.3621 1.5
      vertex 19.6454 -14.2051 1.5
    endloop
  endfacet
  facet normal 0.659924 -0.26397 0.703435
    outer loop
      vertex 19.5892 -14.3621 1.5
      vertex 18.1637 -13.9286 3
      vertex 18.1633 -13.9296 3
    endloop
  endfacet
  facet normal 0.560107 -0.435639 0.704627
    outer loop
      vertex 18.7494 -12.8328 3
      vertex 19.9019 -13.7772 1.5
      vertex 18.7501 -12.8319 3
    endloop
  endfacet
  facet normal 0.570138 -0.422923 0.704328
    outer loop
      vertex 19.9019 -13.7772 1.5
      vertex 18.7494 -12.8328 3
      vertex 19.8025 -13.9112 1.5
    endloop
  endfacet
  facet normal 0.476657 0.526025 0.704341
    outer loop
      vertex 20.014 -16.0577 1.5
      vertex 18.9611 -17.1121 3
      vertex 20.1376 -16.1697 1.5
    endloop
  endfacet
  facet normal 0.501655 0.501655 0.704758
    outer loop
      vertex 18.9611 -17.1121 3
      vertex 20.014 -16.0577 1.5
      vertex 18.9603 -17.1113 3
    endloop
  endfacet
  facet normal 0.364732 -0.609021 0.704319
    outer loop
      vertex 19.4447 -12.2026 3
      vertex 20.2716 -13.4421 1.5
      vertex 20.4147 -13.3564 1.5
    endloop
  endfacet
  facet normal 0.365225 -0.608709 0.704333
    outer loop
      vertex 20.2716 -13.4421 1.5
      vertex 19.4447 -12.2026 3
      vertex 19.4437 -12.2032 3
    endloop
  endfacet
  facet normal 0.476668 -0.526038 0.704324
    outer loop
      vertex 18.9611 -12.5992 3
      vertex 20.014 -13.6535 1.5
      vertex 20.1376 -13.5415 1.5
    endloop
  endfacet
  facet normal 0.467689 -0.534502 0.70397
    outer loop
      vertex 20.014 -13.6535 1.5
      vertex 18.9611 -12.5992 3
      vertex 18.9603 -12.5999 3
    endloop
  endfacet
  facet normal 0.688599 0.172491 0.704328
    outer loop
      vertex 18.1633 -15.7817 3
      vertex 19.5892 -15.3491 1.5
      vertex 18.0875 -15.4791 3
    endloop
  endfacet
  facet normal 0.6684 0.239109 0.704321
    outer loop
      vertex 19.5892 -15.3491 1.5
      vertex 18.1637 -15.7827 3
      vertex 19.6454 -15.5062 1.5
    endloop
  endfacet
  facet normal 0.659916 0.263966 0.703444
    outer loop
      vertex 18.1637 -15.7827 3
      vertex 19.5892 -15.3491 1.5
      vertex 18.1633 -15.7817 3
    endloop
  endfacet
  facet normal 0.52594 0.476782 0.70432
    outer loop
      vertex 18.9596 -17.1105 3
      vertex 19.9019 -15.9341 1.5
      vertex 18.7501 -16.8794 3
    endloop
  endfacet
  facet normal 0.70902 -0.0348139 0.704328
    outer loop
      vertex 19.5242 -14.689 1.5
      vertex 18.0413 -14.5429 3
      vertex 18.026 -14.8545 3
    endloop
  endfacet
  facet normal 0.172776 0.688551 0.704305
    outer loop
      vertex 20.5926 -17.9841 3
      vertex 20.8844 -16.523 1.5
      vertex 20.7226 -16.4824 1.5
    endloop
  endfacet
  facet normal 0.186898 0.685292 0.703878
    outer loop
      vertex 20.8844 -16.523 1.5
      vertex 20.5926 -17.9841 3
      vertex 20.5937 -17.9844 3
    endloop
  endfacet
  facet normal -0.034877 0.709023 0.704322
    outer loop
      vertex 21.216 -16.5556 1.5
      vertex 21.2171 -18.0456 3
      vertex 21.3827 -16.5474 1.5
    endloop
  endfacet
  facet normal -0.0643612 0.707973 0.703301
    outer loop
      vertex 21.2171 -18.0456 3
      vertex 21.216 -16.5556 1.5
      vertex 21.216 -18.0457 3
    endloop
  endfacet
  facet normal 0.608823 0.365066 0.704316
    outer loop
      vertex 18.5636 -16.6279 3
      vertex 19.8025 -15.8001 1.5
      vertex 18.4032 -16.3604 3
    endloop
  endfacet
  facet normal 0.702187 0.104213 0.704325
    outer loop
      vertex 18.0871 -15.4769 3
      vertex 19.5242 -15.0223 1.5
      vertex 18.0413 -15.1683 3
    endloop
  endfacet
  facet normal -0.303456 0.641484 0.704566
    outer loop
      vertex 21.9 -16.5069 1.58786
      vertex 21.9 -16.4104 1.5
      vertex 21.8666 -16.4262 1.5
    endloop
  endfacet
  facet normal 0.0348259 -0.709037 0.70431
    outer loop
      vertex 21.216 -13.1556 1.5
      vertex 21.216 -11.6656 3
      vertex 20.9045 -11.6809 3
    endloop
  endfacet
  facet normal 0.641777 0.303365 0.704338
    outer loop
      vertex 18.4026 -16.3594 3
      vertex 19.7168 -15.657 1.5
      vertex 18.2693 -16.0774 3
    endloop
  endfacet
  facet normal 0.570247 0.422793 0.704318
    outer loop
      vertex 18.7501 -16.8794 3
      vertex 19.9019 -15.9341 1.5
      vertex 18.5643 -16.6288 3
    endloop
  endfacet
  facet normal 0.239109 -0.668398 0.704323
    outer loop
      vertex 19.9963 -11.908 3
      vertex 20.5655 -13.285 1.5
      vertex 20.7226 -13.2288 1.5
    endloop
  endfacet
  facet normal 0.263498 -0.658744 0.704716
    outer loop
      vertex 20.5655 -13.285 1.5
      vertex 19.9963 -11.908 3
      vertex 19.9953 -11.9084 3
    endloop
  endfacet
  facet normal 0.641616 0.303789 0.704302
    outer loop
      vertex 19.6454 -15.5062 1.5
      vertex 18.2693 -16.0774 3
      vertex 19.7168 -15.657 1.5
    endloop
  endfacet
  facet normal 0.635357 0.317678 0.703848
    outer loop
      vertex 18.2693 -16.0774 3
      vertex 19.6454 -15.5062 1.5
      vertex 18.2688 -16.0764 3
    endloop
  endfacet
  facet normal -0.034814 0.709021 0.704327
    outer loop
      vertex 21.5287 -18.0303 3
      vertex 21.3827 -16.5474 1.5
      vertex 21.2171 -18.0456 3
    endloop
  endfacet
  facet normal 0.709021 0.034814 0.704327
    outer loop
      vertex 18.0413 -15.1683 3
      vertex 19.5242 -15.0223 1.5
      vertex 18.026 -14.8567 3
    endloop
  endfacet
  facet normal 0.698064 -0.126921 0.704697
    outer loop
      vertex 18.0871 -14.2344 3
      vertex 19.5487 -14.524 1.5
      vertex 18.0873 -14.2333 3
    endloop
  endfacet
  facet normal 0.702175 -0.104262 0.704329
    outer loop
      vertex 19.5487 -14.524 1.5
      vertex 18.0871 -14.2344 3
      vertex 19.5242 -14.689 1.5
    endloop
  endfacet
  facet normal -0.239237 -0.668346 0.704328
    outer loop
      vertex 21.7095 -13.2288 1.5
      vertex 21.9 -13.2044 1.58786
      vertex 21.9 -12.8824 1.89341
    endloop
  endfacet
  facet normal -0.239152 -0.66852 0.704193
    outer loop
      vertex 21.9 -13.2044 1.58786
      vertex 21.7095 -13.2288 1.5
      vertex 21.8666 -13.285 1.5
    endloop
  endfacet
  facet normal 0.172491 0.688599 0.704328
    outer loop
      vertex 20.5926 -17.9841 3
      vertex 20.7226 -16.4824 1.5
      vertex 20.29 -17.9083 3
    endloop
  endfacet
  facet normal 0.0643612 0.707973 0.703301
    outer loop
      vertex 21.216 -16.5556 1.5
      vertex 21.2149 -18.0456 3
      vertex 21.216 -18.0457 3
    endloop
  endfacet
  facet normal 0.0348979 0.709023 0.704322
    outer loop
      vertex 21.2149 -18.0456 3
      vertex 21.216 -16.5556 1.5
      vertex 21.0494 -16.5474 1.5
    endloop
  endfacet
  facet normal -0.303612 -0.641814 0.704198
    outer loop
      vertex 21.9 -13.3008 1.5
      vertex 21.9 -13.2044 1.58786
      vertex 21.8666 -13.285 1.5
    endloop
  endfacet
  facet normal -0.127121 -0.699165 0.703568
    outer loop
      vertex 21.3827 -13.1638 1.5
      vertex 21.5298 -11.6811 3
      vertex 21.5287 -11.6809 3
    endloop
  endfacet
  facet normal -0.104264 -0.702189 0.704315
    outer loop
      vertex 21.5298 -11.6811 3
      vertex 21.3827 -13.1638 1.5
      vertex 21.5477 -13.1883 1.5
    endloop
  endfacet
  facet normal 0.0348251 0.709021 0.704327
    outer loop
      vertex 21.2149 -18.0456 3
      vertex 21.0494 -16.5474 1.5
      vertex 20.9034 -18.0303 3
    endloop
  endfacet
  facet normal -0.104214 -0.702192 0.704319
    outer loop
      vertex 21.5477 -13.1883 1.5
      vertex 21.8384 -11.7269 3
      vertex 21.5298 -11.6811 3
    endloop
  endfacet
  facet normal 0.5345 -0.467688 0.703973
    outer loop
      vertex 18.9596 -12.6007 3
      vertex 20.014 -13.6535 1.5
      vertex 18.9603 -12.5999 3
    endloop
  endfacet
  facet normal 0.526016 -0.476689 0.704326
    outer loop
      vertex 20.014 -13.6535 1.5
      vertex 18.9596 -12.6007 3
      vertex 19.9019 -13.7772 1.5
    endloop
  endfacet
  facet normal 0.393534 -0.5903 0.704753
    outer loop
      vertex 19.4428 -12.2038 3
      vertex 20.2716 -13.4421 1.5
      vertex 19.4437 -12.2032 3
    endloop
  endfacet
  facet normal 0.422918 -0.570131 0.704338
    outer loop
      vertex 20.2716 -13.4421 1.5
      vertex 19.4428 -12.2038 3
      vertex 20.1376 -13.5415 1.5
    endloop
  endfacet
  facet normal 0.239102 0.668379 0.704344
    outer loop
      vertex 20.289 -17.908 3
      vertex 20.7226 -16.4824 1.5
      vertex 20.5655 -16.4262 1.5
    endloop
  endfacet
  facet normal 0.203859 0.679531 0.704755
    outer loop
      vertex 20.7226 -16.4824 1.5
      vertex 20.289 -17.908 3
      vertex 20.29 -17.9083 3
    endloop
  endfacet
  facet normal -0.126921 -0.698064 0.704697
    outer loop
      vertex 21.5477 -13.1883 1.5
      vertex 21.8395 -11.7271 3
      vertex 21.8384 -11.7269 3
    endloop
  endfacet
  facet normal -0.172368 -0.688619 0.704338
    outer loop
      vertex 21.8395 -11.7271 3
      vertex 21.5477 -13.1883 1.5
      vertex 21.7095 -13.2288 1.5
    endloop
  endfacet
  facet normal 0.641607 -0.303785 0.704312
    outer loop
      vertex 18.2693 -13.6338 3
      vertex 19.6454 -14.2051 1.5
      vertex 19.7168 -14.0543 1.5
    endloop
  endfacet
  facet normal 0.635347 -0.317674 0.703859
    outer loop
      vertex 19.6454 -14.2051 1.5
      vertex 18.2693 -13.6338 3
      vertex 18.2688 -13.6348 3
    endloop
  endfacet
  facet normal 0.476666 -0.52604 0.704323
    outer loop
      vertex 20.1376 -13.5415 1.5
      vertex 19.1923 -12.3897 3
      vertex 18.9611 -12.5992 3
    endloop
  endfacet
  facet normal 0.608876 -0.364961 0.704325
    outer loop
      vertex 19.8025 -13.9112 1.5
      vertex 18.5636 -13.0833 3
      vertex 18.4032 -13.3509 3
    endloop
  endfacet
  facet normal 0.570157 0.422937 0.704305
    outer loop
      vertex 19.8025 -15.8001 1.5
      vertex 18.5643 -16.6288 3
      vertex 19.9019 -15.9341 1.5
    endloop
  endfacet
  facet normal 0.560739 0.436131 0.703819
    outer loop
      vertex 18.5643 -16.6288 3
      vertex 19.8025 -15.8001 1.5
      vertex 18.5636 -16.6279 3
    endloop
  endfacet
  facet normal 0.608997 0.364717 0.704347
    outer loop
      vertex 19.7168 -15.657 1.5
      vertex 18.4032 -16.3604 3
      vertex 19.8025 -15.8001 1.5
    endloop
  endfacet
  facet normal 0.608709 0.365225 0.704333
    outer loop
      vertex 18.4032 -16.3604 3
      vertex 19.7168 -15.657 1.5
      vertex 18.4026 -16.3594 3
    endloop
  endfacet
  facet normal 0.423044 -0.570051 0.704326
    outer loop
      vertex 20.1376 -13.5415 1.5
      vertex 19.4428 -12.2038 3
      vertex 19.1923 -12.3897 3
    endloop
  endfacet
  facet normal 0.364786 0.608963 0.704341
    outer loop
      vertex 19.7113 -17.6684 3
      vertex 20.2716 -16.2691 1.5
      vertex 19.4437 -17.5081 3
    endloop
  endfacet
  facet normal 0.422918 0.570131 0.704338
    outer loop
      vertex 19.4428 -17.5074 3
      vertex 20.2716 -16.2691 1.5
      vertex 20.1376 -16.1697 1.5
    endloop
  endfacet
  facet normal 0.43611 0.560713 0.703853
    outer loop
      vertex 20.2716 -16.2691 1.5
      vertex 19.4428 -17.5074 3
      vertex 19.4437 -17.5081 3
    endloop
  endfacet
  facet normal 0.126921 -0.698064 0.704697
    outer loop
      vertex 20.5926 -11.7271 3
      vertex 20.8844 -13.1883 1.5
      vertex 20.5937 -11.7269 3
    endloop
  endfacet
  facet normal 0.172368 -0.688619 0.704338
    outer loop
      vertex 20.8844 -13.1883 1.5
      vertex 20.5926 -11.7271 3
      vertex 20.7226 -13.2288 1.5
    endloop
  endfacet
  facet normal 0.57016 -0.422897 0.704326
    outer loop
      vertex 19.8025 -13.9112 1.5
      vertex 18.7494 -12.8328 3
      vertex 18.5636 -13.0833 3
    endloop
  endfacet
  facet normal 0.365049 -0.608794 0.70435
    outer loop
      vertex 20.4147 -13.3564 1.5
      vertex 19.7122 -12.0422 3
      vertex 19.4447 -12.2026 3
    endloop
  endfacet
  facet normal 0.702179 -0.104246 0.704328
    outer loop
      vertex 19.5242 -14.689 1.5
      vertex 18.0871 -14.2344 3
      vertex 18.0413 -14.5429 3
    endloop
  endfacet
  facet normal -0.0348773 -0.70903 0.704316
    outer loop
      vertex 21.3827 -13.1638 1.5
      vertex 21.5276 -11.6809 3
      vertex 21.216 -13.1556 1.5
    endloop
  endfacet
  facet normal 0 -0.711149 0.703042
    outer loop
      vertex 21.5276 -11.6809 3
      vertex 21.3827 -13.1638 1.5
      vertex 21.5287 -11.6809 3
    endloop
  endfacet
  facet normal 0.317678 -0.635357 0.703848
    outer loop
      vertex 19.9943 -11.9089 3
      vertex 20.5655 -13.285 1.5
      vertex 19.9953 -11.9084 3
    endloop
  endfacet
  facet normal 0.303789 -0.641616 0.704302
    outer loop
      vertex 20.5655 -13.285 1.5
      vertex 19.9943 -11.9089 3
      vertex 20.4147 -13.3564 1.5
    endloop
  endfacet
  facet normal 0.709468 -0 0.704738
    outer loop
      vertex 18.026 -14.8567 3
      vertex 19.516 -14.8556 1.5
      vertex 18.026 -14.8556 3
    endloop
  endfacet
  facet normal 0.709023 0.034877 0.704322
    outer loop
      vertex 19.516 -14.8556 1.5
      vertex 18.026 -14.8567 3
      vertex 19.5242 -15.0223 1.5
    endloop
  endfacet
  facet normal 0.239171 0.66836 0.704338
    outer loop
      vertex 20.289 -17.908 3
      vertex 20.5655 -16.4262 1.5
      vertex 19.9953 -17.8029 3
    endloop
  endfacet
  facet normal -1 0 0
    outer loop
      vertex -21.9 24.4999 0
      vertex -21.9 21.1991 3
      vertex -21.9 24.4999 6.5
    endloop
  endfacet
  facet normal -1 0 0
    outer loop
      vertex -21.9 -13.3008 0
      vertex -21.9 21.1991 3
      vertex -21.9 24.4999 0
    endloop
  endfacet
  facet normal -1 -0 0
    outer loop
      vertex -21.9 21.1991 3
      vertex -21.9 -13.3008 0
      vertex -21.9 -11.7423 3
    endloop
  endfacet
  facet normal -1 0 0
    outer loop
      vertex -21.9 -11.7423 3
      vertex -21.9 -13.3008 0
      vertex -21.9 -12.6009 2.16055
    endloop
  endfacet
  facet normal -1 0 0
    outer loop
      vertex -21.9 -12.6009 2.16055
      vertex -21.9 -13.3008 0
      vertex -21.9 -12.8824 1.89341
    endloop
  endfacet
  facet normal -1 0 0
    outer loop
      vertex -21.9 -12.8824 1.89341
      vertex -21.9 -13.3008 0
      vertex -21.9 -13.2044 1.58786
    endloop
  endfacet
  facet normal -1 0 0
    outer loop
      vertex -21.9 -13.2044 1.58786
      vertex -21.9 -13.3008 0
      vertex -21.9 -13.3008 1.5
    endloop
  endfacet
  facet normal -1 -0 0
    outer loop
      vertex -21.9 24.4999 6.5
      vertex -21.9 21.1991 3
      vertex -21.9 21.1991 6.5
    endloop
  endfacet
  facet normal -1 0 0
    outer loop
      vertex -21.9 -16.4104 0
      vertex -21.9 -16.5069 1.58786
      vertex -21.9 -16.4104 1.5
    endloop
  endfacet
  facet normal -1 0 0
    outer loop
      vertex -21.9 -16.4104 0
      vertex -21.9 -16.6052 1.68119
      vertex -21.9 -16.5069 1.58786
    endloop
  endfacet
  facet normal -1 0 0
    outer loop
      vertex -21.9 -16.4104 0
      vertex -21.9 -17.1104 2.16055
      vertex -21.9 -16.6052 1.68119
    endloop
  endfacet
  facet normal -1 0 0
    outer loop
      vertex -21.9 -16.4104 0
      vertex -21.9 -17.3458 2.39071
      vertex -21.9 -17.1104 2.16055
    endloop
  endfacet
  facet normal -1 0 0
    outer loop
      vertex -21.9 -21.1991 3
      vertex -21.9 -17.3458 2.39071
      vertex -21.9 -16.4104 0
    endloop
  endfacet
  facet normal -1 0 0
    outer loop
      vertex -21.9 -17.3458 2.39071
      vertex -21.9 -21.1991 3
      vertex -21.9 -17.969 3
    endloop
  endfacet
  facet normal -1 0 0
    outer loop
      vertex -21.9 -24.4999 0
      vertex -21.9 -21.1991 3
      vertex -21.9 -16.4104 0
    endloop
  endfacet
  facet normal -1 0 0
    outer loop
      vertex -21.9 -24.4999 6.5
      vertex -21.9 -21.1991 3
      vertex -21.9 -24.4999 0
    endloop
  endfacet
  facet normal -1 0 0
    outer loop
      vertex -21.9 -21.1991 3
      vertex -21.9 -24.4999 6.5
      vertex -21.9 -21.1991 6.5
    endloop
  endfacet
  facet normal 0 0 -1
    outer loop
      vertex -21.9 21.1991 6.5
      vertex -23.2638 23.2638 6.5
      vertex -21.9 24.4999 6.5
    endloop
  endfacet
  facet normal 0 0 -1
    outer loop
      vertex -25.432 20.8715 6.5
      vertex -21.9 21.1991 6.5
      vertex -23.5768 19.349 6.5
    endloop
  endfacet
  facet normal 0 0 -1
    outer loop
      vertex -25.9 20.2406 6.5
      vertex -23.5768 19.349 6.5
      vertex -25.3598 16.9449 6.5
    endloop
  endfacet
  facet normal -0 0 -1
    outer loop
      vertex -21.9 21.1991 6.5
      vertex -25.432 20.8715 6.5
      vertex -23.2638 23.2638 6.5
    endloop
  endfacet
  facet normal 0 0 -1
    outer loop
      vertex -25.9 20.2406 6.5
      vertex -25.3598 16.9449 6.5
      vertex -25.9 16.0437 6.5
    endloop
  endfacet
  facet normal 0 0 -1
    outer loop
      vertex -23.5768 19.349 6.5
      vertex -25.9 20.2406 6.5
      vertex -25.432 20.8715 6.5
    endloop
  endfacet
  facet normal 0 0 -1
    outer loop
      vertex -23.2638 -23.2638 6.5
      vertex -21.9 -21.1991 6.5
      vertex -21.9 -24.4999 6.5
    endloop
  endfacet
  facet normal 0 0 -1
    outer loop
      vertex -25.432 -20.8715 6.5
      vertex -21.9 -21.1991 6.5
      vertex -23.2638 -23.2638 6.5
    endloop
  endfacet
  facet normal 0 0 -1
    outer loop
      vertex -21.9 -21.1991 6.5
      vertex -25.432 -20.8715 6.5
      vertex -23.5768 -19.349 6.5
    endloop
  endfacet
  facet normal 0 0 -1
    outer loop
      vertex -25.9 -20.2406 6.5
      vertex -23.5768 -19.349 6.5
      vertex -25.432 -20.8715 6.5
    endloop
  endfacet
  facet normal -0 0 -1
    outer loop
      vertex -23.5768 -19.349 6.5
      vertex -25.9 -20.2406 6.5
      vertex -25.3598 -16.9449 6.5
    endloop
  endfacet
  facet normal -0 0 -1
    outer loop
      vertex -25.3598 -16.9449 6.5
      vertex -25.9 -20.2406 6.5
      vertex -25.9 -16.0437 6.5
    endloop
  endfacet
  facet normal 1 0 0
    outer loop
      vertex -25.9 -16.0437 6.5
      vertex -25.9 -20.2406 6.5
      vertex -25.9 -16.0437 3
    endloop
  endfacet
  facet normal 1 0 0
    outer loop
      vertex -25.9 16.0437 3
      vertex -25.9 20.2406 6.5
      vertex -25.9 16.0437 6.5
    endloop
  endfacet
  facet normal 1 0 0
    outer loop
      vertex -25.9 20.2406 6.5
      vertex -25.9 16.0437 3
      vertex -25.9 20.2406 0
    endloop
  endfacet
  facet normal 1 -0 0
    outer loop
      vertex -25.9 -16.0437 3
      vertex -25.9 20.2406 0
      vertex -25.9 16.0437 3
    endloop
  endfacet
  facet normal 1 0 0
    outer loop
      vertex -25.9 -16.0437 3
      vertex -25.9 -20.2406 0
      vertex -25.9 20.2406 0
    endloop
  endfacet
  facet normal 1 0 0
    outer loop
      vertex -25.9 -20.2406 0
      vertex -25.9 -16.0437 3
      vertex -25.9 -20.2406 6.5
    endloop
  endfacet
  facet normal -1 0 0
    outer loop
      vertex 25.9 20.2406 0
      vertex 25.9 16.0437 3
      vertex 25.9 20.2406 6.5
    endloop
  endfacet
  facet normal -1 0 0
    outer loop
      vertex 25.9 20.2406 0
      vertex 25.9 -16.0437 3
      vertex 25.9 16.0437 3
    endloop
  endfacet
  facet normal -1 0 0
    outer loop
      vertex 25.9 -20.2406 0
      vertex 25.9 -16.0437 3
      vertex 25.9 20.2406 0
    endloop
  endfacet
  facet normal -1 0 0
    outer loop
      vertex 25.9 -20.2406 6.5
      vertex 25.9 -16.0437 3
      vertex 25.9 -20.2406 0
    endloop
  endfacet
  facet normal -1 0 0
    outer loop
      vertex 25.9 -16.0437 3
      vertex 25.9 -20.2406 6.5
      vertex 25.9 -16.0437 6.5
    endloop
  endfacet
  facet normal -1 -0 0
    outer loop
      vertex 25.9 20.2406 6.5
      vertex 25.9 16.0437 3
      vertex 25.9 16.0437 6.5
    endloop
  endfacet
  facet normal 0 0 -1
    outer loop
      vertex 23.5768 -19.349 6.5
      vertex 25.9 -20.2406 6.5
      vertex 25.432 -20.8715 6.5
    endloop
  endfacet
  facet normal 0 0 -1
    outer loop
      vertex 25.9 -20.2406 6.5
      vertex 25.3598 -16.9449 6.5
      vertex 25.9 -16.0437 6.5
    endloop
  endfacet
  facet normal 0 0 -1
    outer loop
      vertex 25.9 -20.2406 6.5
      vertex 23.5768 -19.349 6.5
      vertex 25.3598 -16.9449 6.5
    endloop
  endfacet
  facet normal 0 0 -1
    outer loop
      vertex 21.9 -21.1991 6.5
      vertex 25.432 -20.8715 6.5
      vertex 23.2638 -23.2638 6.5
    endloop
  endfacet
  facet normal 0 0 -1
    outer loop
      vertex 21.9 -21.1991 6.5
      vertex 23.2638 -23.2638 6.5
      vertex 21.9 -24.4999 6.5
    endloop
  endfacet
  facet normal -0 0 -1
    outer loop
      vertex 25.432 -20.8715 6.5
      vertex 21.9 -21.1991 6.5
      vertex 23.5768 -19.349 6.5
    endloop
  endfacet
  facet normal 0 0 -1
    outer loop
      vertex 25.3598 16.9449 6.5
      vertex 25.9 20.2406 6.5
      vertex 25.9 16.0437 6.5
    endloop
  endfacet
  facet normal 0 0 -1
    outer loop
      vertex 23.5768 19.349 6.5
      vertex 25.9 20.2406 6.5
      vertex 25.3598 16.9449 6.5
    endloop
  endfacet
  facet normal -0 0 -1
    outer loop
      vertex 25.9 20.2406 6.5
      vertex 23.5768 19.349 6.5
      vertex 25.432 20.8715 6.5
    endloop
  endfacet
  facet normal 0 0 -1
    outer loop
      vertex 21.9 21.1991 6.5
      vertex 25.432 20.8715 6.5
      vertex 23.5768 19.349 6.5
    endloop
  endfacet
  facet normal 0 0 -1
    outer loop
      vertex 25.432 20.8715 6.5
      vertex 21.9 21.1991 6.5
      vertex 23.2638 23.2638 6.5
    endloop
  endfacet
  facet normal -0 0 -1
    outer loop
      vertex 23.2638 23.2638 6.5
      vertex 21.9 21.1991 6.5
      vertex 21.9 24.4999 6.5
    endloop
  endfacet
  facet normal 1 0 0
    outer loop
      vertex 21.9 -21.1991 6.5
      vertex 21.9 -24.4999 6.5
      vertex 21.9 -21.1991 3
    endloop
  endfacet
  facet normal 1 0 0
    outer loop
      vertex 21.9 -16.5069 1.58786
      vertex 21.9 -16.4104 0
      vertex 21.9 -16.4104 1.5
    endloop
  endfacet
  facet normal 1 0 0
    outer loop
      vertex 21.9 -16.6052 1.68119
      vertex 21.9 -16.4104 0
      vertex 21.9 -16.5069 1.58786
    endloop
  endfacet
  facet normal 1 0 0
    outer loop
      vertex 21.9 -17.1104 2.16055
      vertex 21.9 -16.4104 0
      vertex 21.9 -16.6052 1.68119
    endloop
  endfacet
  facet normal 1 0 0
    outer loop
      vertex 21.9 -17.3458 2.39071
      vertex 21.9 -16.4104 0
      vertex 21.9 -17.1104 2.16055
    endloop
  endfacet
  facet normal 1 -0 0
    outer loop
      vertex 21.9 -21.1991 3
      vertex 21.9 -17.3458 2.39071
      vertex 21.9 -17.969 3
    endloop
  endfacet
  facet normal 1 0 0
    outer loop
      vertex 21.9 -17.3458 2.39071
      vertex 21.9 -21.1991 3
      vertex 21.9 -16.4104 0
    endloop
  endfacet
  facet normal 1 0 0
    outer loop
      vertex 21.9 -21.1991 3
      vertex 21.9 -24.4999 0
      vertex 21.9 -16.4104 0
    endloop
  endfacet
  facet normal 1 0 0
    outer loop
      vertex 21.9 -24.4999 0
      vertex 21.9 -21.1991 3
      vertex 21.9 -24.4999 6.5
    endloop
  endfacet
  facet normal 1 0 0
    outer loop
      vertex 21.9 21.1991 3
      vertex 21.9 24.4999 6.5
      vertex 21.9 21.1991 6.5
    endloop
  endfacet
  facet normal 1 0 0
    outer loop
      vertex 21.9 24.4999 6.5
      vertex 21.9 21.1991 3
      vertex 21.9 24.4999 0
    endloop
  endfacet
  facet normal 1 0 0
    outer loop
      vertex 21.9 -13.3008 0
      vertex 21.9 21.1991 3
      vertex 21.9 -11.7423 3
    endloop
  endfacet
  facet normal 1 0 0
    outer loop
      vertex 21.9 -13.3008 0
      vertex 21.9 -11.7423 3
      vertex 21.9 -12.6009 2.16055
    endloop
  endfacet
  facet normal 1 0 0
    outer loop
      vertex 21.9 -13.3008 0
      vertex 21.9 -12.6009 2.16055
      vertex 21.9 -12.8824 1.89341
    endloop
  endfacet
  facet normal 1 0 0
    outer loop
      vertex 21.9 -13.3008 0
      vertex 21.9 -12.8824 1.89341
      vertex 21.9 -13.2044 1.58786
    endloop
  endfacet
  facet normal 1 0 0
    outer loop
      vertex 21.9 -13.3008 0
      vertex 21.9 -13.2044 1.58786
      vertex 21.9 -13.3008 1.5
    endloop
  endfacet
  facet normal 1 0 0
    outer loop
      vertex 21.9 21.1991 3
      vertex 21.9 -13.3008 0
      vertex 21.9 24.4999 0
    endloop
  endfacet
  facet normal 0.989174 0.146748 0
    outer loop
      vertex 32.7416 3.22476 18
      vertex 32.2678 6.41847 0
      vertex 32.2678 6.41847 18
    endloop
  endfacet
  facet normal 0.989174 0.146748 0
    outer loop
      vertex 32.2678 6.41847 0
      vertex 32.7416 3.22476 18
      vertex 32.7416 3.22476 0
    endloop
  endfacet
  facet normal 0.998796 0.0490608 0
    outer loop
      vertex 32.9 0 18
      vertex 32.7416 3.22476 0
      vertex 32.7416 3.22476 18
    endloop
  endfacet
  facet normal 0.998796 0.0490608 0
    outer loop
      vertex 32.7416 3.22476 0
      vertex 32.9 0 18
      vertex 32.9 0 0
    endloop
  endfacet
  facet normal 0.970031 0.24298 0
    outer loop
      vertex 32.2678 6.41847 18
      vertex 31.4833 9.55037 0
      vertex 31.4833 9.55037 18
    endloop
  endfacet
  facet normal 0.970031 0.24298 0
    outer loop
      vertex 31.4833 9.55037 0
      vertex 32.2678 6.41847 18
      vertex 32.2678 6.41847 0
    endloop
  endfacet
  facet normal 0.51409 -0.857736 0
    outer loop
      vertex 15.509 -29.0152 0
      vertex 18.2783 -27.3554 18
      vertex 15.509 -29.0152 18
    endloop
  endfacet
  facet normal 0.51409 -0.857736 0
    outer loop
      vertex 18.2783 -27.3554 18
      vertex 15.509 -29.0152 0
      vertex 18.2783 -27.3554 0
    endloop
  endfacet
  facet normal 0.803196 -0.595715 0
    outer loop
      vertex 27.3554 -18.2783 18
      vertex 25.9 -20.2406 6.5
      vertex 27.3554 -18.2783 0
    endloop
  endfacet
  facet normal 0.803185 -0.59573 3.89287e-06
    outer loop
      vertex 25.432 -20.8715 18
      vertex 25.9 -20.2406 6.5
      vertex 27.3554 -18.2783 18
    endloop
  endfacet
  facet normal 0.803151 -0.595775 0
    outer loop
      vertex 25.9 -20.2406 6.5
      vertex 25.432 -20.8715 18
      vertex 25.432 -20.8715 6.5
    endloop
  endfacet
  facet normal 0.803196 -0.595715 0
    outer loop
      vertex 27.3554 -18.2783 0
      vertex 25.9 -20.2406 6.5
      vertex 25.9 -20.2406 0
    endloop
  endfacet
  facet normal 0.51409 0.857736 -0
    outer loop
      vertex 18.2783 27.3554 0
      vertex 15.509 29.0152 18
      vertex 18.2783 27.3554 18
    endloop
  endfacet
  facet normal 0.51409 0.857736 0
    outer loop
      vertex 15.509 29.0152 18
      vertex 18.2783 27.3554 0
      vertex 15.509 29.0152 0
    endloop
  endfacet
  facet normal -0.0490608 0.998796 0
    outer loop
      vertex 0 32.9 0
      vertex -3.22476 32.7416 18
      vertex 0 32.9 18
    endloop
  endfacet
  facet normal -0.0490608 0.998796 0
    outer loop
      vertex -3.22476 32.7416 18
      vertex 0 32.9 0
      vertex -3.22476 32.7416 0
    endloop
  endfacet
  facet normal -0.146748 0.989174 0
    outer loop
      vertex -3.22476 32.7416 0
      vertex -6.41847 32.2678 18
      vertex -3.22476 32.7416 18
    endloop
  endfacet
  facet normal -0.146748 0.989174 0
    outer loop
      vertex -6.41847 32.2678 18
      vertex -3.22476 32.7416 0
      vertex -6.41847 32.2678 0
    endloop
  endfacet
  facet normal -0.803196 -0.595715 -0
    outer loop
      vertex -25.9 -20.2406 6.5
      vertex -27.3554 -18.2783 0
      vertex -25.9 -20.2406 0
    endloop
  endfacet
  facet normal -0.803196 -0.595715 0
    outer loop
      vertex -27.3554 -18.2783 0
      vertex -25.9 -20.2406 6.5
      vertex -27.3554 -18.2783 18
    endloop
  endfacet
  facet normal -0.803151 -0.595775 -0
    outer loop
      vertex -25.432 -20.8715 18
      vertex -25.9 -20.2406 6.5
      vertex -25.432 -20.8715 6.5
    endloop
  endfacet
  facet normal -0.803185 -0.59573 3.89287e-06
    outer loop
      vertex -25.9 -20.2406 6.5
      vertex -25.432 -20.8715 18
      vertex -27.3554 -18.2783 18
    endloop
  endfacet
  facet normal 0.941544 0.336889 0
    outer loop
      vertex 31.4833 9.55037 18
      vertex 30.3956 12.5903 0
      vertex 30.3956 12.5903 18
    endloop
  endfacet
  facet normal 0.941544 0.336889 0
    outer loop
      vertex 30.3956 12.5903 0
      vertex 31.4833 9.55037 18
      vertex 31.4833 9.55037 0
    endloop
  endfacet
  facet normal 0.427544 -0.903994 0
    outer loop
      vertex 12.5903 -30.3956 0
      vertex 15.509 -29.0152 18
      vertex 12.5903 -30.3956 18
    endloop
  endfacet
  facet normal 0.427544 -0.903994 0
    outer loop
      vertex 15.509 -29.0152 18
      vertex 12.5903 -30.3956 0
      vertex 15.509 -29.0152 0
    endloop
  endfacet
  facet normal 0.67155 -0.740959 3.52469e-06
    outer loop
      vertex 20.8715 -25.432 18
      vertex 21.9 -24.4999 6.5
      vertex 23.2638 -23.2638 18
    endloop
  endfacet
  facet normal 0.671528 -0.740979 0
    outer loop
      vertex 20.8715 -25.432 0
      vertex 21.9 -24.4999 6.5
      vertex 20.8715 -25.432 18
    endloop
  endfacet
  facet normal 0.671528 -0.740979 0
    outer loop
      vertex 21.9 -24.4999 6.5
      vertex 20.8715 -25.432 0
      vertex 21.9 -24.4999 0
    endloop
  endfacet
  facet normal 0.671566 -0.740945 0
    outer loop
      vertex 23.2638 -23.2638 18
      vertex 21.9 -24.4999 6.5
      vertex 23.2638 -23.2638 6.5
    endloop
  endfacet
  facet normal -0.941544 -0.336889 0
    outer loop
      vertex -30.3956 -12.5903 0
      vertex -31.4833 -9.55037 18
      vertex -31.4833 -9.55037 0
    endloop
  endfacet
  facet normal -0.941544 -0.336889 0
    outer loop
      vertex -31.4833 -9.55037 18
      vertex -30.3956 -12.5903 0
      vertex -30.3956 -12.5903 18
    endloop
  endfacet
  facet normal 0.427544 0.903994 -0
    outer loop
      vertex 15.509 29.0152 0
      vertex 12.5903 30.3956 18
      vertex 15.509 29.0152 18
    endloop
  endfacet
  facet normal 0.427544 0.903994 0
    outer loop
      vertex 12.5903 30.3956 18
      vertex 15.509 29.0152 0
      vertex 12.5903 30.3956 0
    endloop
  endfacet
  facet normal -0.970031 0.24298 0
    outer loop
      vertex -32.2678 6.41847 0
      vertex -31.4833 9.55037 18
      vertex -31.4833 9.55037 0
    endloop
  endfacet
  facet normal -0.970031 0.24298 0
    outer loop
      vertex -31.4833 9.55037 18
      vertex -32.2678 6.41847 0
      vertex -32.2678 6.41847 18
    endloop
  endfacet
  facet normal -0.67155 0.740959 3.52469e-06
    outer loop
      vertex -20.8715 25.432 18
      vertex -21.9 24.4999 6.5
      vertex -23.2638 23.2638 18
    endloop
  endfacet
  facet normal -0.671528 0.740979 0
    outer loop
      vertex -20.8715 25.432 0
      vertex -21.9 24.4999 6.5
      vertex -20.8715 25.432 18
    endloop
  endfacet
  facet normal -0.671528 0.740979 0
    outer loop
      vertex -21.9 24.4999 6.5
      vertex -20.8715 25.432 0
      vertex -21.9 24.4999 0
    endloop
  endfacet
  facet normal -0.671566 0.740945 0
    outer loop
      vertex -23.2638 23.2638 18
      vertex -21.9 24.4999 6.5
      vertex -23.2638 23.2638 6.5
    endloop
  endfacet
  facet normal 0.998796 -0.0490608 0
    outer loop
      vertex 32.7416 -3.22476 18
      vertex 32.9 0 0
      vertex 32.9 0 18
    endloop
  endfacet
  facet normal 0.998796 -0.0490608 0
    outer loop
      vertex 32.9 0 0
      vertex 32.7416 -3.22476 18
      vertex 32.7416 -3.22476 0
    endloop
  endfacet
  facet normal -0.59573 0.803185 0
    outer loop
      vertex -18.2783 27.3554 0
      vertex -20.8715 25.432 18
      vertex -18.2783 27.3554 18
    endloop
  endfacet
  facet normal -0.59573 0.803185 0
    outer loop
      vertex -20.8715 25.432 18
      vertex -18.2783 27.3554 0
      vertex -20.8715 25.432 0
    endloop
  endfacet
  facet normal 0.59573 0.803185 -0
    outer loop
      vertex 20.8715 25.432 0
      vertex 18.2783 27.3554 18
      vertex 20.8715 25.432 18
    endloop
  endfacet
  facet normal 0.59573 0.803185 0
    outer loop
      vertex 18.2783 27.3554 18
      vertex 20.8715 25.432 0
      vertex 18.2783 27.3554 0
    endloop
  endfacet
  facet normal 0.941544 -0.336889 0
    outer loop
      vertex 30.3956 -12.5903 18
      vertex 31.4833 -9.55037 0
      vertex 31.4833 -9.55037 18
    endloop
  endfacet
  facet normal 0.941544 -0.336889 0
    outer loop
      vertex 31.4833 -9.55037 0
      vertex 30.3956 -12.5903 18
      vertex 30.3956 -12.5903 0
    endloop
  endfacet
  facet normal -0.857736 -0.51409 0
    outer loop
      vertex -27.3554 -18.2783 0
      vertex -29.0152 -15.509 18
      vertex -29.0152 -15.509 0
    endloop
  endfacet
  facet normal -0.857736 -0.51409 0
    outer loop
      vertex -29.0152 -15.509 18
      vertex -27.3554 -18.2783 0
      vertex -27.3554 -18.2783 18
    endloop
  endfacet
  facet normal 0.989174 -0.146748 0
    outer loop
      vertex 32.2678 -6.41847 18
      vertex 32.7416 -3.22476 0
      vertex 32.7416 -3.22476 18
    endloop
  endfacet
  facet normal 0.989174 -0.146748 0
    outer loop
      vertex 32.7416 -3.22476 0
      vertex 32.2678 -6.41847 18
      vertex 32.2678 -6.41847 0
    endloop
  endfacet
  facet normal 0 0 1
    outer loop
      vertex 30.5 0 18
      vertex 32.9 0 18
      vertex 32.7416 3.22476 18
    endloop
  endfacet
  facet normal 0 0 1
    outer loop
      vertex 30.3531 2.98952 18
      vertex 32.7416 3.22476 18
      vertex 32.2678 6.41847 18
    endloop
  endfacet
  facet normal 0 0 1
    outer loop
      vertex 32.9 0 18
      vertex 30.5 0 18
      vertex 32.7416 -3.22476 18
    endloop
  endfacet
  facet normal 0 0 1
    outer loop
      vertex 29.914 5.95025 18
      vertex 32.2678 6.41847 18
      vertex 31.4833 9.55037 18
    endloop
  endfacet
  facet normal -0 0 1
    outer loop
      vertex 30.3531 -2.98952 18
      vertex 32.7416 -3.22476 18
      vertex 30.5 0 18
    endloop
  endfacet
  facet normal 0 0 1
    outer loop
      vertex 32.7416 -3.22476 18
      vertex 30.3531 -2.98952 18
      vertex 32.2678 -6.41847 18
    endloop
  endfacet
  facet normal 0 0 1
    outer loop
      vertex 29.1867 8.85368 18
      vertex 31.4833 9.55037 18
      vertex 30.3956 12.5903 18
    endloop
  endfacet
  facet normal 0 0 1
    outer loop
      vertex 32.7416 3.22476 18
      vertex 30.3531 2.98952 18
      vertex 30.5 0 18
    endloop
  endfacet
  facet normal 0 0 1
    outer loop
      vertex 32.2678 6.41847 18
      vertex 29.914 5.95025 18
      vertex 30.3531 2.98952 18
    endloop
  endfacet
  facet normal 0 0 1
    outer loop
      vertex 31.4833 9.55037 18
      vertex 29.1867 8.85368 18
      vertex 29.914 5.95025 18
    endloop
  endfacet
  facet normal 0 0 1
    outer loop
      vertex 28.1783 11.6718 18
      vertex 30.3956 12.5903 18
      vertex 29.0152 15.509 18
    endloop
  endfacet
  facet normal 0 0 1
    outer loop
      vertex 30.3956 12.5903 18
      vertex 28.1783 11.6718 18
      vertex 29.1867 8.85368 18
    endloop
  endfacet
  facet normal 0 0 1
    outer loop
      vertex 26.8986 14.3776 18
      vertex 29.0152 15.509 18
      vertex 27.3554 18.2783 18
    endloop
  endfacet
  facet normal 0 0 1
    outer loop
      vertex 29.0152 15.509 18
      vertex 26.8986 14.3776 18
      vertex 28.1783 11.6718 18
    endloop
  endfacet
  facet normal 0 0 1
    outer loop
      vertex 25.3598 16.9449 18
      vertex 27.3554 18.2783 18
      vertex 25.432 20.8715 18
    endloop
  endfacet
  facet normal 0 0 1
    outer loop
      vertex 27.3554 18.2783 18
      vertex 25.3598 16.9449 18
      vertex 26.8986 14.3776 18
    endloop
  endfacet
  facet normal 0 0 1
    outer loop
      vertex 25.432 20.8715 18
      vertex 23.5768 19.349 18
      vertex 25.3598 16.9449 18
    endloop
  endfacet
  facet normal 0 0 1
    outer loop
      vertex 23.2638 23.2638 18
      vertex 23.5768 19.349 18
      vertex 25.432 20.8715 18
    endloop
  endfacet
  facet normal 0 0 1
    outer loop
      vertex 23.2638 23.2638 18
      vertex 21.5668 21.5668 18
      vertex 23.5768 19.349 18
    endloop
  endfacet
  facet normal 0 0 1
    outer loop
      vertex 20.8715 25.432 18
      vertex 21.5668 21.5668 18
      vertex 23.2638 23.2638 18
    endloop
  endfacet
  facet normal 0 0 1
    outer loop
      vertex 20.8715 25.432 18
      vertex 19.349 23.5768 18
      vertex 21.5668 21.5668 18
    endloop
  endfacet
  facet normal 0 0 1
    outer loop
      vertex 18.2783 27.3554 18
      vertex 19.349 23.5768 18
      vertex 20.8715 25.432 18
    endloop
  endfacet
  facet normal 0 0 1
    outer loop
      vertex 18.2783 27.3554 18
      vertex 16.9449 25.3598 18
      vertex 19.349 23.5768 18
    endloop
  endfacet
  facet normal 0 0 1
    outer loop
      vertex 15.509 29.0152 18
      vertex 16.9449 25.3598 18
      vertex 18.2783 27.3554 18
    endloop
  endfacet
  facet normal 0 0 1
    outer loop
      vertex 15.509 29.0152 18
      vertex 14.3776 26.8986 18
      vertex 16.9449 25.3598 18
    endloop
  endfacet
  facet normal 0 0 1
    outer loop
      vertex 12.5903 30.3956 18
      vertex 14.3776 26.8986 18
      vertex 15.509 29.0152 18
    endloop
  endfacet
  facet normal 0 0 1
    outer loop
      vertex 12.5903 30.3956 18
      vertex 11.6718 28.1783 18
      vertex 14.3776 26.8986 18
    endloop
  endfacet
  facet normal 0 0 1
    outer loop
      vertex 9.55037 31.4833 18
      vertex 11.6718 28.1783 18
      vertex 12.5903 30.3956 18
    endloop
  endfacet
  facet normal 0 0 1
    outer loop
      vertex 9.55037 31.4833 18
      vertex 8.85368 29.1867 18
      vertex 11.6718 28.1783 18
    endloop
  endfacet
  facet normal 0 0 1
    outer loop
      vertex 6.41847 32.2678 18
      vertex 8.85368 29.1867 18
      vertex 9.55037 31.4833 18
    endloop
  endfacet
  facet normal 0 0 1
    outer loop
      vertex 6.41847 32.2678 18
      vertex 5.95025 29.914 18
      vertex 8.85368 29.1867 18
    endloop
  endfacet
  facet normal 0 0 1
    outer loop
      vertex 3.22476 32.7416 18
      vertex 5.95025 29.914 18
      vertex 6.41847 32.2678 18
    endloop
  endfacet
  facet normal 0 0 1
    outer loop
      vertex 3.22476 32.7416 18
      vertex 2.98952 30.3531 18
      vertex 5.95025 29.914 18
    endloop
  endfacet
  facet normal 0 0 1
    outer loop
      vertex 0 32.9 18
      vertex 2.98952 30.3531 18
      vertex 3.22476 32.7416 18
    endloop
  endfacet
  facet normal 0 0 1
    outer loop
      vertex 0 32.9 18
      vertex 0 30.5 18
      vertex 2.98952 30.3531 18
    endloop
  endfacet
  facet normal 0 0 1
    outer loop
      vertex 0 32.9 18
      vertex -2.98952 30.3531 18
      vertex 0 30.5 18
    endloop
  endfacet
  facet normal -0 0 1
    outer loop
      vertex -3.22476 32.7416 18
      vertex -2.98952 30.3531 18
      vertex 0 32.9 18
    endloop
  endfacet
  facet normal 0 0 1
    outer loop
      vertex -3.22476 32.7416 18
      vertex -5.95025 29.914 18
      vertex -2.98952 30.3531 18
    endloop
  endfacet
  facet normal -0 0 1
    outer loop
      vertex -6.41847 32.2678 18
      vertex -5.95025 29.914 18
      vertex -3.22476 32.7416 18
    endloop
  endfacet
  facet normal 0 0 1
    outer loop
      vertex -6.41847 32.2678 18
      vertex -8.85368 29.1867 18
      vertex -5.95025 29.914 18
    endloop
  endfacet
  facet normal -0 0 1
    outer loop
      vertex -9.55037 31.4833 18
      vertex -8.85368 29.1867 18
      vertex -6.41847 32.2678 18
    endloop
  endfacet
  facet normal 0 0 1
    outer loop
      vertex -9.55037 31.4833 18
      vertex -11.6718 28.1783 18
      vertex -8.85368 29.1867 18
    endloop
  endfacet
  facet normal -0 0 1
    outer loop
      vertex -12.5903 30.3956 18
      vertex -11.6718 28.1783 18
      vertex -9.55037 31.4833 18
    endloop
  endfacet
  facet normal 0 0 1
    outer loop
      vertex -12.5903 30.3956 18
      vertex -14.3776 26.8986 18
      vertex -11.6718 28.1783 18
    endloop
  endfacet
  facet normal -0 0 1
    outer loop
      vertex -15.509 29.0152 18
      vertex -14.3776 26.8986 18
      vertex -12.5903 30.3956 18
    endloop
  endfacet
  facet normal 0 0 1
    outer loop
      vertex -15.509 29.0152 18
      vertex -16.9449 25.3598 18
      vertex -14.3776 26.8986 18
    endloop
  endfacet
  facet normal -0 0 1
    outer loop
      vertex -18.2783 27.3554 18
      vertex -16.9449 25.3598 18
      vertex -15.509 29.0152 18
    endloop
  endfacet
  facet normal 0 0 1
    outer loop
      vertex -18.2783 27.3554 18
      vertex -19.349 23.5768 18
      vertex -16.9449 25.3598 18
    endloop
  endfacet
  facet normal -0 0 1
    outer loop
      vertex -20.8715 25.432 18
      vertex -19.349 23.5768 18
      vertex -18.2783 27.3554 18
    endloop
  endfacet
  facet normal 0 0 1
    outer loop
      vertex -20.8715 25.432 18
      vertex -21.5668 21.5668 18
      vertex -19.349 23.5768 18
    endloop
  endfacet
  facet normal -0 0 1
    outer loop
      vertex -23.2638 23.2638 18
      vertex -21.5668 21.5668 18
      vertex -20.8715 25.432 18
    endloop
  endfacet
  facet normal 0 0 1
    outer loop
      vertex -23.2638 23.2638 18
      vertex -23.5768 19.349 18
      vertex -21.5668 21.5668 18
    endloop
  endfacet
  facet normal -0 0 1
    outer loop
      vertex -25.432 20.8715 18
      vertex -23.5768 19.349 18
      vertex -23.2638 23.2638 18
    endloop
  endfacet
  facet normal 0 0 1
    outer loop
      vertex -23.5768 19.349 18
      vertex -25.432 20.8715 18
      vertex -25.3598 16.9449 18
    endloop
  endfacet
  facet normal -0 0 1
    outer loop
      vertex -27.3554 18.2783 18
      vertex -25.3598 16.9449 18
      vertex -25.432 20.8715 18
    endloop
  endfacet
  facet normal 0 0 1
    outer loop
      vertex -25.3598 16.9449 18
      vertex -27.3554 18.2783 18
      vertex -26.8986 14.3776 18
    endloop
  endfacet
  facet normal -0 0 1
    outer loop
      vertex -29.0152 15.509 18
      vertex -26.8986 14.3776 18
      vertex -27.3554 18.2783 18
    endloop
  endfacet
  facet normal 0 0 1
    outer loop
      vertex -26.8986 14.3776 18
      vertex -29.0152 15.509 18
      vertex -28.1783 11.6718 18
    endloop
  endfacet
  facet normal -0 0 1
    outer loop
      vertex -30.3956 12.5903 18
      vertex -28.1783 11.6718 18
      vertex -29.0152 15.509 18
    endloop
  endfacet
  facet normal 0 0 1
    outer loop
      vertex -28.1783 11.6718 18
      vertex -30.3956 12.5903 18
      vertex -29.1867 8.85368 18
    endloop
  endfacet
  facet normal -0 0 1
    outer loop
      vertex -31.4833 9.55037 18
      vertex -29.1867 8.85368 18
      vertex -30.3956 12.5903 18
    endloop
  endfacet
  facet normal 0 0 1
    outer loop
      vertex -29.1867 8.85368 18
      vertex -31.4833 9.55037 18
      vertex -29.914 5.95025 18
    endloop
  endfacet
  facet normal -0 0 1
    outer loop
      vertex -32.2678 6.41847 18
      vertex -29.914 5.95025 18
      vertex -31.4833 9.55037 18
    endloop
  endfacet
  facet normal 0 0 1
    outer loop
      vertex -29.914 5.95025 18
      vertex -32.2678 6.41847 18
      vertex -30.3531 2.98952 18
    endloop
  endfacet
  facet normal -0 0 1
    outer loop
      vertex 29.914 -5.95025 18
      vertex 32.2678 -6.41847 18
      vertex 30.3531 -2.98952 18
    endloop
  endfacet
  facet normal 0 0 1
    outer loop
      vertex 32.2678 -6.41847 18
      vertex 29.914 -5.95025 18
      vertex 31.4833 -9.55037 18
    endloop
  endfacet
  facet normal -0 0 1
    outer loop
      vertex 29.1867 -8.85368 18
      vertex 31.4833 -9.55037 18
      vertex 29.914 -5.95025 18
    endloop
  endfacet
  facet normal 0 0 1
    outer loop
      vertex 31.4833 -9.55037 18
      vertex 29.1867 -8.85368 18
      vertex 30.3956 -12.5903 18
    endloop
  endfacet
  facet normal -0 0 1
    outer loop
      vertex 28.1783 -11.6718 18
      vertex 30.3956 -12.5903 18
      vertex 29.1867 -8.85368 18
    endloop
  endfacet
  facet normal 0 0 1
    outer loop
      vertex 30.3956 -12.5903 18
      vertex 28.1783 -11.6718 18
      vertex 29.0152 -15.509 18
    endloop
  endfacet
  facet normal -0 0 1
    outer loop
      vertex 26.8986 -14.3776 18
      vertex 29.0152 -15.509 18
      vertex 28.1783 -11.6718 18
    endloop
  endfacet
  facet normal 0 0 1
    outer loop
      vertex 29.0152 -15.509 18
      vertex 26.8986 -14.3776 18
      vertex 27.3554 -18.2783 18
    endloop
  endfacet
  facet normal -0 0 1
    outer loop
      vertex 25.3598 -16.9449 18
      vertex 27.3554 -18.2783 18
      vertex 26.8986 -14.3776 18
    endloop
  endfacet
  facet normal 0 0 1
    outer loop
      vertex 27.3554 -18.2783 18
      vertex 25.3598 -16.9449 18
      vertex 25.432 -20.8715 18
    endloop
  endfacet
  facet normal -0 0 1
    outer loop
      vertex 23.5768 -19.349 18
      vertex 25.432 -20.8715 18
      vertex 25.3598 -16.9449 18
    endloop
  endfacet
  facet normal 0 0 1
    outer loop
      vertex 23.5768 -19.349 18
      vertex 23.2638 -23.2638 18
      vertex 25.432 -20.8715 18
    endloop
  endfacet
  facet normal -0 0 1
    outer loop
      vertex 21.5668 -21.5668 18
      vertex 23.2638 -23.2638 18
      vertex 23.5768 -19.349 18
    endloop
  endfacet
  facet normal 0 0 1
    outer loop
      vertex 21.5668 -21.5668 18
      vertex 20.8715 -25.432 18
      vertex 23.2638 -23.2638 18
    endloop
  endfacet
  facet normal -0 0 1
    outer loop
      vertex 19.349 -23.5768 18
      vertex 20.8715 -25.432 18
      vertex 21.5668 -21.5668 18
    endloop
  endfacet
  facet normal 0 0 1
    outer loop
      vertex 19.349 -23.5768 18
      vertex 18.2783 -27.3554 18
      vertex 20.8715 -25.432 18
    endloop
  endfacet
  facet normal -0 0 1
    outer loop
      vertex 16.9449 -25.3598 18
      vertex 18.2783 -27.3554 18
      vertex 19.349 -23.5768 18
    endloop
  endfacet
  facet normal 0 0 1
    outer loop
      vertex 16.9449 -25.3598 18
      vertex 15.509 -29.0152 18
      vertex 18.2783 -27.3554 18
    endloop
  endfacet
  facet normal -0 0 1
    outer loop
      vertex 14.3776 -26.8986 18
      vertex 15.509 -29.0152 18
      vertex 16.9449 -25.3598 18
    endloop
  endfacet
  facet normal 0 0 1
    outer loop
      vertex 14.3776 -26.8986 18
      vertex 12.5903 -30.3956 18
      vertex 15.509 -29.0152 18
    endloop
  endfacet
  facet normal -0 0 1
    outer loop
      vertex 11.6718 -28.1783 18
      vertex 12.5903 -30.3956 18
      vertex 14.3776 -26.8986 18
    endloop
  endfacet
  facet normal 0 0 1
    outer loop
      vertex 11.6718 -28.1783 18
      vertex 9.55037 -31.4833 18
      vertex 12.5903 -30.3956 18
    endloop
  endfacet
  facet normal -0 0 1
    outer loop
      vertex 8.85368 -29.1867 18
      vertex 9.55037 -31.4833 18
      vertex 11.6718 -28.1783 18
    endloop
  endfacet
  facet normal 0 0 1
    outer loop
      vertex 8.85368 -29.1867 18
      vertex 6.41847 -32.2678 18
      vertex 9.55037 -31.4833 18
    endloop
  endfacet
  facet normal -0 0 1
    outer loop
      vertex 5.95025 -29.914 18
      vertex 6.41847 -32.2678 18
      vertex 8.85368 -29.1867 18
    endloop
  endfacet
  facet normal 0 0 1
    outer loop
      vertex 5.95025 -29.914 18
      vertex 3.22476 -32.7416 18
      vertex 6.41847 -32.2678 18
    endloop
  endfacet
  facet normal -0 0 1
    outer loop
      vertex 2.98952 -30.3531 18
      vertex 3.22476 -32.7416 18
      vertex 5.95025 -29.914 18
    endloop
  endfacet
  facet normal -0 0 1
    outer loop
      vertex 0 -30.5 18
      vertex 3.22476 -32.7416 18
      vertex 2.98952 -30.3531 18
    endloop
  endfacet
  facet normal 0 0 1
    outer loop
      vertex 0 -30.5 18
      vertex 0 -32.9 18
      vertex 3.22476 -32.7416 18
    endloop
  endfacet
  facet normal 0 0 1
    outer loop
      vertex -2.98952 -30.3531 18
      vertex 0 -32.9 18
      vertex 0 -30.5 18
    endloop
  endfacet
  facet normal 0 0 1
    outer loop
      vertex -2.98952 -30.3531 18
      vertex -3.22476 -32.7416 18
      vertex 0 -32.9 18
    endloop
  endfacet
  facet normal 0 0 1
    outer loop
      vertex -5.95025 -29.914 18
      vertex -3.22476 -32.7416 18
      vertex -2.98952 -30.3531 18
    endloop
  endfacet
  facet normal 0 0 1
    outer loop
      vertex -5.95025 -29.914 18
      vertex -6.41847 -32.2678 18
      vertex -3.22476 -32.7416 18
    endloop
  endfacet
  facet normal 0 0 1
    outer loop
      vertex -8.85368 -29.1867 18
      vertex -6.41847 -32.2678 18
      vertex -5.95025 -29.914 18
    endloop
  endfacet
  facet normal 0 0 1
    outer loop
      vertex -8.85368 -29.1867 18
      vertex -9.55037 -31.4833 18
      vertex -6.41847 -32.2678 18
    endloop
  endfacet
  facet normal 0 0 1
    outer loop
      vertex -11.6718 -28.1783 18
      vertex -9.55037 -31.4833 18
      vertex -8.85368 -29.1867 18
    endloop
  endfacet
  facet normal 0 0 1
    outer loop
      vertex -11.6718 -28.1783 18
      vertex -12.5903 -30.3956 18
      vertex -9.55037 -31.4833 18
    endloop
  endfacet
  facet normal 0 0 1
    outer loop
      vertex -14.3776 -26.8986 18
      vertex -12.5903 -30.3956 18
      vertex -11.6718 -28.1783 18
    endloop
  endfacet
  facet normal 0 0 1
    outer loop
      vertex -14.3776 -26.8986 18
      vertex -15.509 -29.0152 18
      vertex -12.5903 -30.3956 18
    endloop
  endfacet
  facet normal 0 0 1
    outer loop
      vertex -16.9449 -25.3598 18
      vertex -15.509 -29.0152 18
      vertex -14.3776 -26.8986 18
    endloop
  endfacet
  facet normal 0 0 1
    outer loop
      vertex -16.9449 -25.3598 18
      vertex -18.2783 -27.3554 18
      vertex -15.509 -29.0152 18
    endloop
  endfacet
  facet normal 0 0 1
    outer loop
      vertex -19.349 -23.5768 18
      vertex -18.2783 -27.3554 18
      vertex -16.9449 -25.3598 18
    endloop
  endfacet
  facet normal 0 0 1
    outer loop
      vertex -19.349 -23.5768 18
      vertex -20.8715 -25.432 18
      vertex -18.2783 -27.3554 18
    endloop
  endfacet
  facet normal 0 0 1
    outer loop
      vertex -21.5668 -21.5668 18
      vertex -20.8715 -25.432 18
      vertex -19.349 -23.5768 18
    endloop
  endfacet
  facet normal 0 0 1
    outer loop
      vertex -21.5668 -21.5668 18
      vertex -23.2638 -23.2638 18
      vertex -20.8715 -25.432 18
    endloop
  endfacet
  facet normal 0 0 1
    outer loop
      vertex -23.5768 -19.349 18
      vertex -23.2638 -23.2638 18
      vertex -21.5668 -21.5668 18
    endloop
  endfacet
  facet normal 0 0 1
    outer loop
      vertex -25.432 -20.8715 18
      vertex -23.5768 -19.349 18
      vertex -25.3598 -16.9449 18
    endloop
  endfacet
  facet normal 0 0 1
    outer loop
      vertex -23.5768 -19.349 18
      vertex -25.432 -20.8715 18
      vertex -23.2638 -23.2638 18
    endloop
  endfacet
  facet normal 0 0 1
    outer loop
      vertex -27.3554 -18.2783 18
      vertex -25.3598 -16.9449 18
      vertex -26.8986 -14.3776 18
    endloop
  endfacet
  facet normal 0 0 1
    outer loop
      vertex -25.3598 -16.9449 18
      vertex -27.3554 -18.2783 18
      vertex -25.432 -20.8715 18
    endloop
  endfacet
  facet normal 0 0 1
    outer loop
      vertex -29.0152 -15.509 18
      vertex -26.8986 -14.3776 18
      vertex -28.1783 -11.6718 18
    endloop
  endfacet
  facet normal 0 0 1
    outer loop
      vertex -26.8986 -14.3776 18
      vertex -29.0152 -15.509 18
      vertex -27.3554 -18.2783 18
    endloop
  endfacet
  facet normal 0 0 1
    outer loop
      vertex -30.3956 -12.5903 18
      vertex -28.1783 -11.6718 18
      vertex -29.1867 -8.85368 18
    endloop
  endfacet
  facet normal 0 0 1
    outer loop
      vertex -31.4833 -9.55037 18
      vertex -29.1867 -8.85368 18
      vertex -29.914 -5.95025 18
    endloop
  endfacet
  facet normal 0 0 1
    outer loop
      vertex -32.2678 -6.41847 18
      vertex -29.914 -5.95025 18
      vertex -30.3531 -2.98952 18
    endloop
  endfacet
  facet normal 0 0 1
    outer loop
      vertex -28.1783 -11.6718 18
      vertex -30.3956 -12.5903 18
      vertex -29.0152 -15.509 18
    endloop
  endfacet
  facet normal 0 0 1
    outer loop
      vertex -32.7416 -3.22476 18
      vertex -30.3531 -2.98952 18
      vertex -30.5 0 18
    endloop
  endfacet
  facet normal -0 0 1
    outer loop
      vertex -32.7416 3.22476 18
      vertex -30.3531 2.98952 18
      vertex -32.2678 6.41847 18
    endloop
  endfacet
  facet normal 0 0 1
    outer loop
      vertex -29.1867 -8.85368 18
      vertex -31.4833 -9.55037 18
      vertex -30.3956 -12.5903 18
    endloop
  endfacet
  facet normal 0 0 1
    outer loop
      vertex -30.3531 2.98952 18
      vertex -32.7416 3.22476 18
      vertex -30.5 0 18
    endloop
  endfacet
  facet normal 0 0 1
    outer loop
      vertex -29.914 -5.95025 18
      vertex -32.2678 -6.41847 18
      vertex -31.4833 -9.55037 18
    endloop
  endfacet
  facet normal 0 0 1
    outer loop
      vertex -32.9 0 18
      vertex -30.5 0 18
      vertex -32.7416 3.22476 18
    endloop
  endfacet
  facet normal 0 0 1
    outer loop
      vertex -30.3531 -2.98952 18
      vertex -32.7416 -3.22476 18
      vertex -32.2678 -6.41847 18
    endloop
  endfacet
  facet normal 0 0 1
    outer loop
      vertex -30.5 0 18
      vertex -32.9 0 18
      vertex -32.7416 -3.22476 18
    endloop
  endfacet
  facet normal -0.941544 0.336889 0
    outer loop
      vertex -31.4833 9.55037 0
      vertex -30.3956 12.5903 18
      vertex -30.3956 12.5903 0
    endloop
  endfacet
  facet normal -0.941544 0.336889 0
    outer loop
      vertex -30.3956 12.5903 18
      vertex -31.4833 9.55037 0
      vertex -31.4833 9.55037 18
    endloop
  endfacet
  facet normal -0.24298 0.970031 0
    outer loop
      vertex -6.41847 32.2678 0
      vertex -9.55037 31.4833 18
      vertex -6.41847 32.2678 18
    endloop
  endfacet
  facet normal -0.24298 0.970031 0
    outer loop
      vertex -9.55037 31.4833 18
      vertex -6.41847 32.2678 0
      vertex -9.55037 31.4833 0
    endloop
  endfacet
  facet normal -0.989174 0.146748 0
    outer loop
      vertex -32.7416 3.22476 0
      vertex -32.2678 6.41847 18
      vertex -32.2678 6.41847 0
    endloop
  endfacet
  facet normal -0.989174 0.146748 0
    outer loop
      vertex -32.2678 6.41847 18
      vertex -32.7416 3.22476 0
      vertex -32.7416 3.22476 18
    endloop
  endfacet
  facet normal -0.671566 -0.740945 0
    outer loop
      vertex -21.9 -24.4999 6.5
      vertex -23.2638 -23.2638 18
      vertex -23.2638 -23.2638 6.5
    endloop
  endfacet
  facet normal -0.67155 -0.740959 3.52469e-06
    outer loop
      vertex -23.2638 -23.2638 18
      vertex -21.9 -24.4999 6.5
      vertex -20.8715 -25.432 18
    endloop
  endfacet
  facet normal -0.671528 -0.740979 0
    outer loop
      vertex -20.8715 -25.432 0
      vertex -21.9 -24.4999 6.5
      vertex -21.9 -24.4999 0
    endloop
  endfacet
  facet normal -0.671528 -0.740979 0
    outer loop
      vertex -21.9 -24.4999 6.5
      vertex -20.8715 -25.432 0
      vertex -20.8715 -25.432 18
    endloop
  endfacet
  facet normal 0.0490608 0.998796 -0
    outer loop
      vertex 3.22476 32.7416 0
      vertex 0 32.9 18
      vertex 3.22476 32.7416 18
    endloop
  endfacet
  facet normal 0.0490608 0.998796 0
    outer loop
      vertex 0 32.9 18
      vertex 3.22476 32.7416 0
      vertex 0 32.9 0
    endloop
  endfacet
  facet normal 0.970031 -0.24298 0
    outer loop
      vertex 31.4833 -9.55037 18
      vertex 32.2678 -6.41847 0
      vertex 32.2678 -6.41847 18
    endloop
  endfacet
  facet normal 0.970031 -0.24298 0
    outer loop
      vertex 32.2678 -6.41847 0
      vertex 31.4833 -9.55037 18
      vertex 31.4833 -9.55037 0
    endloop
  endfacet
  facet normal 0.903994 -0.427544 0
    outer loop
      vertex 29.0152 -15.509 18
      vertex 30.3956 -12.5903 0
      vertex 30.3956 -12.5903 18
    endloop
  endfacet
  facet normal 0.903994 -0.427544 0
    outer loop
      vertex 30.3956 -12.5903 0
      vertex 29.0152 -15.509 18
      vertex 29.0152 -15.509 0
    endloop
  endfacet
  facet normal -0.998796 -0.0490608 0
    outer loop
      vertex -32.7416 -3.22476 0
      vertex -32.9 0 18
      vertex -32.9 0 0
    endloop
  endfacet
  facet normal -0.998796 -0.0490608 0
    outer loop
      vertex -32.9 0 18
      vertex -32.7416 -3.22476 0
      vertex -32.7416 -3.22476 18
    endloop
  endfacet
  facet normal -0.336889 0.941544 0
    outer loop
      vertex -9.55037 31.4833 0
      vertex -12.5903 30.3956 18
      vertex -9.55037 31.4833 18
    endloop
  endfacet
  facet normal -0.336889 0.941544 0
    outer loop
      vertex -12.5903 30.3956 18
      vertex -9.55037 31.4833 0
      vertex -12.5903 30.3956 0
    endloop
  endfacet
  facet normal 0.146748 0.989174 -0
    outer loop
      vertex 6.41847 32.2678 0
      vertex 3.22476 32.7416 18
      vertex 6.41847 32.2678 18
    endloop
  endfacet
  facet normal 0.146748 0.989174 0
    outer loop
      vertex 3.22476 32.7416 18
      vertex 6.41847 32.2678 0
      vertex 3.22476 32.7416 0
    endloop
  endfacet
  facet normal -0.427544 -0.903994 0
    outer loop
      vertex -15.509 -29.0152 0
      vertex -12.5903 -30.3956 18
      vertex -15.509 -29.0152 18
    endloop
  endfacet
  facet normal -0.427544 -0.903994 -0
    outer loop
      vertex -12.5903 -30.3956 18
      vertex -15.509 -29.0152 0
      vertex -12.5903 -30.3956 0
    endloop
  endfacet
  facet normal 0.146748 -0.989174 0
    outer loop
      vertex 3.22476 -32.7416 0
      vertex 6.41847 -32.2678 18
      vertex 3.22476 -32.7416 18
    endloop
  endfacet
  facet normal 0.146748 -0.989174 0
    outer loop
      vertex 6.41847 -32.2678 18
      vertex 3.22476 -32.7416 0
      vertex 6.41847 -32.2678 0
    endloop
  endfacet
  facet normal 0.803151 0.595775 0
    outer loop
      vertex 25.432 20.8715 18
      vertex 25.9 20.2406 6.5
      vertex 25.432 20.8715 6.5
    endloop
  endfacet
  facet normal 0.803185 0.59573 3.89287e-06
    outer loop
      vertex 27.3554 18.2783 18
      vertex 25.9 20.2406 6.5
      vertex 25.432 20.8715 18
    endloop
  endfacet
  facet normal 0.803196 0.595715 -0
    outer loop
      vertex 27.3554 18.2783 0
      vertex 25.9 20.2406 6.5
      vertex 27.3554 18.2783 18
    endloop
  endfacet
  facet normal 0.803196 0.595715 0
    outer loop
      vertex 25.9 20.2406 6.5
      vertex 27.3554 18.2783 0
      vertex 25.9 20.2406 0
    endloop
  endfacet
  facet normal -0.989174 -0.146748 0
    outer loop
      vertex -32.2678 -6.41847 0
      vertex -32.7416 -3.22476 18
      vertex -32.7416 -3.22476 0
    endloop
  endfacet
  facet normal -0.989174 -0.146748 0
    outer loop
      vertex -32.7416 -3.22476 18
      vertex -32.2678 -6.41847 0
      vertex -32.2678 -6.41847 18
    endloop
  endfacet
  facet normal 0.671566 0.740945 0
    outer loop
      vertex 21.9 24.4999 6.5
      vertex 23.2638 23.2638 18
      vertex 23.2638 23.2638 6.5
    endloop
  endfacet
  facet normal 0.67155 0.740959 3.52469e-06
    outer loop
      vertex 23.2638 23.2638 18
      vertex 21.9 24.4999 6.5
      vertex 20.8715 25.432 18
    endloop
  endfacet
  facet normal 0.671528 0.740979 0
    outer loop
      vertex 20.8715 25.432 0
      vertex 21.9 24.4999 6.5
      vertex 21.9 24.4999 0
    endloop
  endfacet
  facet normal 0.671528 0.740979 0
    outer loop
      vertex 21.9 24.4999 6.5
      vertex 20.8715 25.432 0
      vertex 20.8715 25.432 18
    endloop
  endfacet
  facet normal 0.336889 -0.941544 0
    outer loop
      vertex 9.55037 -31.4833 0
      vertex 12.5903 -30.3956 18
      vertex 9.55037 -31.4833 18
    endloop
  endfacet
  facet normal 0.336889 -0.941544 0
    outer loop
      vertex 12.5903 -30.3956 18
      vertex 9.55037 -31.4833 0
      vertex 12.5903 -30.3956 0
    endloop
  endfacet
  facet normal 0.903994 0.427544 0
    outer loop
      vertex 30.3956 12.5903 18
      vertex 29.0152 15.509 0
      vertex 29.0152 15.509 18
    endloop
  endfacet
  facet normal 0.903994 0.427544 0
    outer loop
      vertex 29.0152 15.509 0
      vertex 30.3956 12.5903 18
      vertex 30.3956 12.5903 0
    endloop
  endfacet
  facet normal 0.857736 -0.51409 0
    outer loop
      vertex 27.3554 -18.2783 18
      vertex 29.0152 -15.509 0
      vertex 29.0152 -15.509 18
    endloop
  endfacet
  facet normal 0.857736 -0.51409 0
    outer loop
      vertex 29.0152 -15.509 0
      vertex 27.3554 -18.2783 18
      vertex 27.3554 -18.2783 0
    endloop
  endfacet
  facet normal 0.336889 0.941544 -0
    outer loop
      vertex 12.5903 30.3956 0
      vertex 9.55037 31.4833 18
      vertex 12.5903 30.3956 18
    endloop
  endfacet
  facet normal 0.336889 0.941544 0
    outer loop
      vertex 9.55037 31.4833 18
      vertex 12.5903 30.3956 0
      vertex 9.55037 31.4833 0
    endloop
  endfacet
  facet normal -0.740959 0.67155 0
    outer loop
      vertex -25.432 20.8715 6.5
      vertex -23.2638 23.2638 18
      vertex -23.2638 23.2638 6.5
    endloop
  endfacet
  facet normal -0.740959 0.67155 0
    outer loop
      vertex -23.2638 23.2638 18
      vertex -25.432 20.8715 6.5
      vertex -25.432 20.8715 18
    endloop
  endfacet
  facet normal -0.51409 0.857736 0
    outer loop
      vertex -15.509 29.0152 0
      vertex -18.2783 27.3554 18
      vertex -15.509 29.0152 18
    endloop
  endfacet
  facet normal -0.51409 0.857736 0
    outer loop
      vertex -18.2783 27.3554 18
      vertex -15.509 29.0152 0
      vertex -18.2783 27.3554 0
    endloop
  endfacet
  facet normal 0.0490608 -0.998796 0
    outer loop
      vertex 0 -32.9 0
      vertex 3.22476 -32.7416 18
      vertex 0 -32.9 18
    endloop
  endfacet
  facet normal 0.0490608 -0.998796 0
    outer loop
      vertex 3.22476 -32.7416 18
      vertex 0 -32.9 0
      vertex 3.22476 -32.7416 0
    endloop
  endfacet
  facet normal -0.0490608 -0.998796 0
    outer loop
      vertex -3.22476 -32.7416 0
      vertex 0 -32.9 18
      vertex -3.22476 -32.7416 18
    endloop
  endfacet
  facet normal -0.0490608 -0.998796 -0
    outer loop
      vertex 0 -32.9 18
      vertex -3.22476 -32.7416 0
      vertex 0 -32.9 0
    endloop
  endfacet
  facet normal -0.427544 0.903994 0
    outer loop
      vertex -12.5903 30.3956 0
      vertex -15.509 29.0152 18
      vertex -12.5903 30.3956 18
    endloop
  endfacet
  facet normal -0.427544 0.903994 0
    outer loop
      vertex -15.509 29.0152 18
      vertex -12.5903 30.3956 0
      vertex -15.509 29.0152 0
    endloop
  endfacet
  facet normal -0.59573 -0.803185 0
    outer loop
      vertex -20.8715 -25.432 0
      vertex -18.2783 -27.3554 18
      vertex -20.8715 -25.432 18
    endloop
  endfacet
  facet normal -0.59573 -0.803185 -0
    outer loop
      vertex -18.2783 -27.3554 18
      vertex -20.8715 -25.432 0
      vertex -18.2783 -27.3554 0
    endloop
  endfacet
  facet normal 0.740959 -0.67155 0
    outer loop
      vertex 23.2638 -23.2638 18
      vertex 25.432 -20.8715 6.5
      vertex 25.432 -20.8715 18
    endloop
  endfacet
  facet normal 0.740959 -0.67155 0
    outer loop
      vertex 25.432 -20.8715 6.5
      vertex 23.2638 -23.2638 18
      vertex 23.2638 -23.2638 6.5
    endloop
  endfacet
  facet normal 0.857736 0.51409 0
    outer loop
      vertex 29.0152 15.509 18
      vertex 27.3554 18.2783 0
      vertex 27.3554 18.2783 18
    endloop
  endfacet
  facet normal 0.857736 0.51409 0
    outer loop
      vertex 27.3554 18.2783 0
      vertex 29.0152 15.509 18
      vertex 29.0152 15.509 0
    endloop
  endfacet
  facet normal -0.740959 -0.67155 0
    outer loop
      vertex -23.2638 -23.2638 6.5
      vertex -25.432 -20.8715 18
      vertex -25.432 -20.8715 6.5
    endloop
  endfacet
  facet normal -0.740959 -0.67155 0
    outer loop
      vertex -25.432 -20.8715 18
      vertex -23.2638 -23.2638 6.5
      vertex -23.2638 -23.2638 18
    endloop
  endfacet
  facet normal 0.24298 0.970031 -0
    outer loop
      vertex 9.55037 31.4833 0
      vertex 6.41847 32.2678 18
      vertex 9.55037 31.4833 18
    endloop
  endfacet
  facet normal 0.24298 0.970031 0
    outer loop
      vertex 6.41847 32.2678 18
      vertex 9.55037 31.4833 0
      vertex 6.41847 32.2678 0
    endloop
  endfacet
  facet normal -0.903994 0.427544 0
    outer loop
      vertex -30.3956 12.5903 0
      vertex -29.0152 15.509 18
      vertex -29.0152 15.509 0
    endloop
  endfacet
  facet normal -0.903994 0.427544 0
    outer loop
      vertex -29.0152 15.509 18
      vertex -30.3956 12.5903 0
      vertex -30.3956 12.5903 18
    endloop
  endfacet
  facet normal -0.970031 -0.24298 0
    outer loop
      vertex -31.4833 -9.55037 0
      vertex -32.2678 -6.41847 18
      vertex -32.2678 -6.41847 0
    endloop
  endfacet
  facet normal -0.970031 -0.24298 0
    outer loop
      vertex -32.2678 -6.41847 18
      vertex -31.4833 -9.55037 0
      vertex -31.4833 -9.55037 18
    endloop
  endfacet
  facet normal 0.740959 0.67155 0
    outer loop
      vertex 25.432 20.8715 18
      vertex 23.2638 23.2638 6.5
      vertex 23.2638 23.2638 18
    endloop
  endfacet
  facet normal 0.740959 0.67155 0
    outer loop
      vertex 23.2638 23.2638 6.5
      vertex 25.432 20.8715 18
      vertex 25.432 20.8715 6.5
    endloop
  endfacet
  facet normal -0.336889 -0.941544 0
    outer loop
      vertex -12.5903 -30.3956 0
      vertex -9.55037 -31.4833 18
      vertex -12.5903 -30.3956 18
    endloop
  endfacet
  facet normal -0.336889 -0.941544 -0
    outer loop
      vertex -9.55037 -31.4833 18
      vertex -12.5903 -30.3956 0
      vertex -9.55037 -31.4833 0
    endloop
  endfacet
  facet normal -0.803196 0.595715 0
    outer loop
      vertex -25.9 20.2406 0
      vertex -27.3554 18.2783 0
      vertex -25.9 20.2406 6.5
    endloop
  endfacet
  facet normal -0.803151 0.595775 0
    outer loop
      vertex -25.9 20.2406 6.5
      vertex -25.432 20.8715 18
      vertex -25.432 20.8715 6.5
    endloop
  endfacet
  facet normal -0.803196 0.595715 0
    outer loop
      vertex -27.3554 18.2783 18
      vertex -25.9 20.2406 6.5
      vertex -27.3554 18.2783 0
    endloop
  endfacet
  facet normal -0.803185 0.59573 3.89287e-06
    outer loop
      vertex -25.9 20.2406 6.5
      vertex -27.3554 18.2783 18
      vertex -25.432 20.8715 18
    endloop
  endfacet
  facet normal 0.59573 -0.803185 0
    outer loop
      vertex 18.2783 -27.3554 0
      vertex 20.8715 -25.432 18
      vertex 18.2783 -27.3554 18
    endloop
  endfacet
  facet normal 0.59573 -0.803185 0
    outer loop
      vertex 20.8715 -25.432 18
      vertex 18.2783 -27.3554 0
      vertex 20.8715 -25.432 0
    endloop
  endfacet
  facet normal -0.903994 -0.427544 0
    outer loop
      vertex -29.0152 -15.509 0
      vertex -30.3956 -12.5903 18
      vertex -30.3956 -12.5903 0
    endloop
  endfacet
  facet normal -0.903994 -0.427544 0
    outer loop
      vertex -30.3956 -12.5903 18
      vertex -29.0152 -15.509 0
      vertex -29.0152 -15.509 18
    endloop
  endfacet
  facet normal 0.24298 -0.970031 0
    outer loop
      vertex 6.41847 -32.2678 0
      vertex 9.55037 -31.4833 18
      vertex 6.41847 -32.2678 18
    endloop
  endfacet
  facet normal 0.24298 -0.970031 0
    outer loop
      vertex 9.55037 -31.4833 18
      vertex 6.41847 -32.2678 0
      vertex 9.55037 -31.4833 0
    endloop
  endfacet
  facet normal -0.998796 0.0490608 0
    outer loop
      vertex -32.9 0 0
      vertex -32.7416 3.22476 18
      vertex -32.7416 3.22476 0
    endloop
  endfacet
  facet normal -0.998796 0.0490608 0
    outer loop
      vertex -32.7416 3.22476 18
      vertex -32.9 0 0
      vertex -32.9 0 18
    endloop
  endfacet
  facet normal -0.24298 -0.970031 0
    outer loop
      vertex -9.55037 -31.4833 0
      vertex -6.41847 -32.2678 18
      vertex -9.55037 -31.4833 18
    endloop
  endfacet
  facet normal -0.24298 -0.970031 -0
    outer loop
      vertex -6.41847 -32.2678 18
      vertex -9.55037 -31.4833 0
      vertex -6.41847 -32.2678 0
    endloop
  endfacet
  facet normal -0.146748 -0.989174 0
    outer loop
      vertex -6.41847 -32.2678 0
      vertex -3.22476 -32.7416 18
      vertex -6.41847 -32.2678 18
    endloop
  endfacet
  facet normal -0.146748 -0.989174 -0
    outer loop
      vertex -3.22476 -32.7416 18
      vertex -6.41847 -32.2678 0
      vertex -3.22476 -32.7416 0
    endloop
  endfacet
  facet normal -0.51409 -0.857736 0
    outer loop
      vertex -18.2783 -27.3554 0
      vertex -15.509 -29.0152 18
      vertex -18.2783 -27.3554 18
    endloop
  endfacet
  facet normal -0.51409 -0.857736 -0
    outer loop
      vertex -15.509 -29.0152 18
      vertex -18.2783 -27.3554 0
      vertex -15.509 -29.0152 0
    endloop
  endfacet
  facet normal 0 0 -1
    outer loop
      vertex 32.7416 -3.22476 0
      vertex 32.7416 3.22476 0
      vertex 32.9 0 0
    endloop
  endfacet
  facet normal 0 0 -1
    outer loop
      vertex 32.2678 -6.41847 0
      vertex 32.7416 3.22476 0
      vertex 32.7416 -3.22476 0
    endloop
  endfacet
  facet normal 0 0 -1
    outer loop
      vertex 32.2678 -6.41847 0
      vertex 32.2678 6.41847 0
      vertex 32.7416 3.22476 0
    endloop
  endfacet
  facet normal 0 0 -1
    outer loop
      vertex 31.4833 -9.55037 0
      vertex 32.2678 6.41847 0
      vertex 32.2678 -6.41847 0
    endloop
  endfacet
  facet normal 0 0 -1
    outer loop
      vertex 31.4833 -9.55037 0
      vertex 31.4833 9.55037 0
      vertex 32.2678 6.41847 0
    endloop
  endfacet
  facet normal 0 0 -1
    outer loop
      vertex 30.3956 -12.5903 0
      vertex 31.4833 9.55037 0
      vertex 31.4833 -9.55037 0
    endloop
  endfacet
  facet normal 0 0 -1
    outer loop
      vertex 30.3956 -12.5903 0
      vertex 30.3956 12.5903 0
      vertex 31.4833 9.55037 0
    endloop
  endfacet
  facet normal 0 0 -1
    outer loop
      vertex 29.0152 -15.509 0
      vertex 30.3956 12.5903 0
      vertex 30.3956 -12.5903 0
    endloop
  endfacet
  facet normal 0 0 -1
    outer loop
      vertex 29.0152 -15.509 0
      vertex 29.0152 15.509 0
      vertex 30.3956 12.5903 0
    endloop
  endfacet
  facet normal 0 0 -1
    outer loop
      vertex 25.9 -20.2406 0
      vertex 29.0152 -15.509 0
      vertex 27.3554 -18.2783 0
    endloop
  endfacet
  facet normal -0 0 -1
    outer loop
      vertex 29.0152 -15.509 0
      vertex 25.9 -20.2406 0
      vertex 29.0152 15.509 0
    endloop
  endfacet
  facet normal 0 0 -1
    outer loop
      vertex 25.9 20.2406 0
      vertex 29.0152 15.509 0
      vertex 25.9 -20.2406 0
    endloop
  endfacet
  facet normal 0 0 -1
    outer loop
      vertex 29.0152 15.509 0
      vertex 25.9 20.2406 0
      vertex 27.3554 18.2783 0
    endloop
  endfacet
  facet normal 0 0 -1
    outer loop
      vertex -29.0152 -15.509 0
      vertex -25.9 -20.2406 0
      vertex -27.3554 -18.2783 0
    endloop
  endfacet
  facet normal 0 0 -1
    outer loop
      vertex -25.9 -20.2406 0
      vertex -29.0152 -15.509 0
      vertex -25.9 20.2406 0
    endloop
  endfacet
  facet normal 0 0 -1
    outer loop
      vertex -29.0152 15.509 0
      vertex -25.9 20.2406 0
      vertex -29.0152 -15.509 0
    endloop
  endfacet
  facet normal 0 0 -1
    outer loop
      vertex -25.9 20.2406 0
      vertex -29.0152 15.509 0
      vertex -27.3554 18.2783 0
    endloop
  endfacet
  facet normal 0 0 -1
    outer loop
      vertex -30.3956 -12.5903 0
      vertex -29.0152 15.509 0
      vertex -29.0152 -15.509 0
    endloop
  endfacet
  facet normal 0 0 -1
    outer loop
      vertex -30.3956 -12.5903 0
      vertex -30.3956 12.5903 0
      vertex -29.0152 15.509 0
    endloop
  endfacet
  facet normal 0 0 -1
    outer loop
      vertex -31.4833 -9.55037 0
      vertex -30.3956 12.5903 0
      vertex -30.3956 -12.5903 0
    endloop
  endfacet
  facet normal 0 0 -1
    outer loop
      vertex -31.4833 -9.55037 0
      vertex -31.4833 9.55037 0
      vertex -30.3956 12.5903 0
    endloop
  endfacet
  facet normal 0 0 -1
    outer loop
      vertex -32.2678 -6.41847 0
      vertex -31.4833 9.55037 0
      vertex -31.4833 -9.55037 0
    endloop
  endfacet
  facet normal 0 0 -1
    outer loop
      vertex -32.2678 -6.41847 0
      vertex -32.2678 6.41847 0
      vertex -31.4833 9.55037 0
    endloop
  endfacet
  facet normal 0 0 -1
    outer loop
      vertex -32.7416 -3.22476 0
      vertex -32.2678 6.41847 0
      vertex -32.2678 -6.41847 0
    endloop
  endfacet
  facet normal 0 0 -1
    outer loop
      vertex -32.7416 -3.22476 0
      vertex -32.7416 3.22476 0
      vertex -32.2678 6.41847 0
    endloop
  endfacet
  facet normal 0 -0 -1
    outer loop
      vertex -32.7416 3.22476 0
      vertex -32.7416 -3.22476 0
      vertex -32.9 0 0
    endloop
  endfacet
  facet normal 0 0 -1
    outer loop
      vertex 21.9 -24.4999 0
      vertex 21.8666 -16.4262 0
      vertex 21.9 -16.4104 0
    endloop
  endfacet
  facet normal 0 0 -1
    outer loop
      vertex 21.9 -24.4999 0
      vertex 21.7095 -16.4824 0
      vertex 21.8666 -16.4262 0
    endloop
  endfacet
  facet normal 0 0 -1
    outer loop
      vertex 21.9 -24.4999 0
      vertex 21.5477 -16.523 0
      vertex 21.7095 -16.4824 0
    endloop
  endfacet
  facet normal 0 0 -1
    outer loop
      vertex 21.9 -24.4999 0
      vertex 21.3827 -16.5474 0
      vertex 21.5477 -16.523 0
    endloop
  endfacet
  facet normal 0 0 -1
    outer loop
      vertex 21.9 -24.4999 0
      vertex 21.216 -16.5556 0
      vertex 21.3827 -16.5474 0
    endloop
  endfacet
  facet normal 0 0 -1
    outer loop
      vertex 21.9 -24.4999 0
      vertex 21.0494 -16.5474 0
      vertex 21.216 -16.5556 0
    endloop
  endfacet
  facet normal 0 0 -1
    outer loop
      vertex 21.9 -24.4999 0
      vertex 20.8844 -16.523 0
      vertex 21.0494 -16.5474 0
    endloop
  endfacet
  facet normal 0 0 -1
    outer loop
      vertex 20.4147 -16.3549 0
      vertex 21.9 -24.4999 0
      vertex 20.8715 -25.432 0
    endloop
  endfacet
  facet normal 0 0 -1
    outer loop
      vertex 21.9 -24.4999 0
      vertex 20.7226 -16.4824 0
      vertex 20.8844 -16.523 0
    endloop
  endfacet
  facet normal 0 0 -1
    outer loop
      vertex 21.9 -24.4999 0
      vertex 20.5655 -16.4262 0
      vertex 20.7226 -16.4824 0
    endloop
  endfacet
  facet normal 0 0 -1
    outer loop
      vertex 21.9 -24.4999 0
      vertex 20.4147 -16.3549 0
      vertex 20.5655 -16.4262 0
    endloop
  endfacet
  facet normal 0 0 -1
    outer loop
      vertex 20.8715 -25.432 0
      vertex 20.2716 -16.2691 0
      vertex 20.4147 -16.3549 0
    endloop
  endfacet
  facet normal 0 0 -1
    outer loop
      vertex 20.8715 -25.432 0
      vertex 20.1376 -16.1697 0
      vertex 20.2716 -16.2691 0
    endloop
  endfacet
  facet normal 0 0 -1
    outer loop
      vertex 10.4289 -23.6875 0
      vertex 20.1376 -16.1697 0
      vertex 20.8715 -25.432 0
    endloop
  endfacet
  facet normal 0 0 -1
    outer loop
      vertex 10.3576 -23.5367 0
      vertex 20.1376 -16.1697 0
      vertex 10.4289 -23.6875 0
    endloop
  endfacet
  facet normal -0 0 -1
    outer loop
      vertex 20.1376 -16.1697 0
      vertex 10.3576 -23.5367 0
      vertex 20.014 -16.0577 0
    endloop
  endfacet
  facet normal 0 0 -1
    outer loop
      vertex 10.2718 -23.3936 0
      vertex 20.014 -16.0577 0
      vertex 10.3576 -23.5367 0
    endloop
  endfacet
  facet normal -0 0 -1
    outer loop
      vertex 20.014 -16.0577 0
      vertex 10.2718 -23.3936 0
      vertex 19.9019 -15.9341 0
    endloop
  endfacet
  facet normal 0 0 -1
    outer loop
      vertex 10.1724 -23.2596 0
      vertex 19.9019 -15.9341 0
      vertex 10.2718 -23.3936 0
    endloop
  endfacet
  facet normal 0 0 -1
    outer loop
      vertex 10.0604 -23.136 0
      vertex 19.8025 -15.8001 0
      vertex 10.1724 -23.2596 0
    endloop
  endfacet
  facet normal -0 0 -1
    outer loop
      vertex 19.8025 -15.8001 0
      vertex 10.0604 -23.136 0
      vertex 19.7168 -15.657 0
    endloop
  endfacet
  facet normal -0 0 -1
    outer loop
      vertex 19.9019 -15.9341 0
      vertex 10.1724 -23.2596 0
      vertex 19.8025 -15.8001 0
    endloop
  endfacet
  facet normal 0 0 -1
    outer loop
      vertex 10.4289 -23.6875 0
      vertex 20.8715 -25.432 0
      vertex 18.2783 -27.3554 0
    endloop
  endfacet
  facet normal 0 0 -1
    outer loop
      vertex 21.8666 -13.285 0
      vertex 21.9 24.4999 0
      vertex 21.9 -13.3008 0
    endloop
  endfacet
  facet normal 0 0 -1
    outer loop
      vertex 21.7095 -13.2288 0
      vertex 21.9 24.4999 0
      vertex 21.8666 -13.285 0
    endloop
  endfacet
  facet normal 0 0 -1
    outer loop
      vertex 21.5477 -13.1883 0
      vertex 21.9 24.4999 0
      vertex 21.7095 -13.2288 0
    endloop
  endfacet
  facet normal 0 0 -1
    outer loop
      vertex 21.3827 -13.1638 0
      vertex 21.9 24.4999 0
      vertex 21.5477 -13.1883 0
    endloop
  endfacet
  facet normal 0 0 -1
    outer loop
      vertex 21.216 -13.1556 0
      vertex 21.9 24.4999 0
      vertex 21.3827 -13.1638 0
    endloop
  endfacet
  facet normal 0 0 -1
    outer loop
      vertex 21.0494 -13.1638 0
      vertex 21.9 24.4999 0
      vertex 21.216 -13.1556 0
    endloop
  endfacet
  facet normal 0 0 -1
    outer loop
      vertex 20.8844 -13.1883 0
      vertex 21.9 24.4999 0
      vertex 21.0494 -13.1638 0
    endloop
  endfacet
  facet normal 0 0 -1
    outer loop
      vertex 20.7226 -13.2288 0
      vertex 21.9 24.4999 0
      vertex 20.8844 -13.1883 0
    endloop
  endfacet
  facet normal 0 0 -1
    outer loop
      vertex 20.5655 -13.285 0
      vertex 21.9 24.4999 0
      vertex 20.7226 -13.2288 0
    endloop
  endfacet
  facet normal 0 0 -1
    outer loop
      vertex 20.4147 -13.3564 0
      vertex 21.9 24.4999 0
      vertex 20.5655 -13.285 0
    endloop
  endfacet
  facet normal 0 0 -1
    outer loop
      vertex 20.2716 -13.4421 0
      vertex 21.9 24.4999 0
      vertex 20.4147 -13.3564 0
    endloop
  endfacet
  facet normal 0 0 -1
    outer loop
      vertex 20.1376 -13.5415 0
      vertex 21.9 24.4999 0
      vertex 20.2716 -13.4421 0
    endloop
  endfacet
  facet normal -0 0 -1
    outer loop
      vertex 21.9 24.4999 0
      vertex 20.1376 -13.5415 0
      vertex 20.8715 25.432 0
    endloop
  endfacet
  facet normal 0 0 -1
    outer loop
      vertex 12.5903 30.3956 0
      vertex 20.1376 -13.5415 0
      vertex 20.014 -13.6535 0
    endloop
  endfacet
  facet normal 0 0 -1
    outer loop
      vertex -20.014 -13.6535 0
      vertex 20.014 -13.6535 0
      vertex 19.9019 -13.7772 0
    endloop
  endfacet
  facet normal 0 0 -1
    outer loop
      vertex -19.9019 -13.7772 0
      vertex 19.9019 -13.7772 0
      vertex 19.8025 -13.9112 0
    endloop
  endfacet
  facet normal 0 0 -1
    outer loop
      vertex 8.36484 -22.7112 0
      vertex 19.8025 -13.9112 0
      vertex 19.7168 -14.0543 0
    endloop
  endfacet
  facet normal 0 0 -1
    outer loop
      vertex 8.52667 -22.6707 0
      vertex 19.7168 -14.0543 0
      vertex 19.6454 -14.2051 0
    endloop
  endfacet
  facet normal 0 0 -1
    outer loop
      vertex 8.69169 -22.6462 0
      vertex 19.6454 -14.2051 0
      vertex 19.5892 -14.3621 0
    endloop
  endfacet
  facet normal 0 0 -1
    outer loop
      vertex 8.85832 -22.638 0
      vertex 19.5892 -14.3621 0
      vertex 19.5487 -14.524 0
    endloop
  endfacet
  facet normal 0 0 -1
    outer loop
      vertex 9.02495 -22.6462 0
      vertex 19.5487 -14.524 0
      vertex 19.5242 -14.689 0
    endloop
  endfacet
  facet normal 0 0 -1
    outer loop
      vertex 9.18997 -22.6707 0
      vertex 19.5242 -14.689 0
      vertex 19.516 -14.8556 0
    endloop
  endfacet
  facet normal 0 0 -1
    outer loop
      vertex 9.93679 -23.0239 0
      vertex 19.7168 -15.657 0
      vertex 10.0604 -23.136 0
    endloop
  endfacet
  facet normal 0 0 -1
    outer loop
      vertex 9.50888 -22.7674 0
      vertex 19.5487 -15.1873 0
      vertex 9.6597 -22.8388 0
    endloop
  endfacet
  facet normal 0 0 -1
    outer loop
      vertex 10.5501 -24.5047 0
      vertex 18.2783 -27.3554 0
      vertex 15.509 -29.0152 0
    endloop
  endfacet
  facet normal 0 0 -1
    outer loop
      vertex 9.6597 -22.8388 0
      vertex 19.5892 -15.3491 0
      vertex 9.80279 -22.9245 0
    endloop
  endfacet
  facet normal 0 0 -1
    outer loop
      vertex 10.2718 -25.2825 0
      vertex 15.509 -29.0152 0
      vertex 12.5903 -30.3956 0
    endloop
  endfacet
  facet normal 0 0 -1
    outer loop
      vertex 18.2783 -27.3554 0
      vertex 10.4851 -23.8446 0
      vertex 10.4289 -23.6875 0
    endloop
  endfacet
  facet normal 0 0 -1
    outer loop
      vertex 18.2783 -27.3554 0
      vertex 10.5583 -24.338 0
      vertex 10.5501 -24.1714 0
    endloop
  endfacet
  facet normal 0 0 -1
    outer loop
      vertex 18.2783 -27.3554 0
      vertex 10.5501 -24.5047 0
      vertex 10.5583 -24.338 0
    endloop
  endfacet
  facet normal 0 0 -1
    outer loop
      vertex 15.509 -29.0152 0
      vertex 10.5257 -24.6697 0
      vertex 10.5501 -24.5047 0
    endloop
  endfacet
  facet normal 0 0 -1
    outer loop
      vertex 15.509 -29.0152 0
      vertex 10.4851 -24.8315 0
      vertex 10.5257 -24.6697 0
    endloop
  endfacet
  facet normal 0 0 -1
    outer loop
      vertex 15.509 -29.0152 0
      vertex 10.4289 -24.9886 0
      vertex 10.4851 -24.8315 0
    endloop
  endfacet
  facet normal 0 0 -1
    outer loop
      vertex 15.509 -29.0152 0
      vertex 10.3576 -25.1394 0
      vertex 10.4289 -24.9886 0
    endloop
  endfacet
  facet normal 0 0 -1
    outer loop
      vertex 15.509 -29.0152 0
      vertex 10.2718 -25.2825 0
      vertex 10.3576 -25.1394 0
    endloop
  endfacet
  facet normal 0 0 -1
    outer loop
      vertex 12.5903 -30.3956 0
      vertex 10.1724 -25.4165 0
      vertex 10.2718 -25.2825 0
    endloop
  endfacet
  facet normal 0 0 -1
    outer loop
      vertex 12.5903 -30.3956 0
      vertex 10.0604 -25.5401 0
      vertex 10.1724 -25.4165 0
    endloop
  endfacet
  facet normal 0 0 -1
    outer loop
      vertex 12.5903 -30.3956 0
      vertex 9.93679 -25.6522 0
      vertex 10.0604 -25.5401 0
    endloop
  endfacet
  facet normal 0 0 -1
    outer loop
      vertex 12.5903 -30.3956 0
      vertex 9.80279 -25.7515 0
      vertex 9.93679 -25.6522 0
    endloop
  endfacet
  facet normal 0 0 -1
    outer loop
      vertex 12.5903 -30.3956 0
      vertex 9.6597 -25.8373 0
      vertex 9.80279 -25.7515 0
    endloop
  endfacet
  facet normal 0 0 -1
    outer loop
      vertex 9.3518 -25.9648 0
      vertex 12.5903 -30.3956 0
      vertex 9.55037 -31.4833 0
    endloop
  endfacet
  facet normal 0 0 -1
    outer loop
      vertex 12.5903 -30.3956 0
      vertex 9.50888 -25.9086 0
      vertex 9.6597 -25.8373 0
    endloop
  endfacet
  facet normal 0 0 -1
    outer loop
      vertex 12.5903 -30.3956 0
      vertex 9.3518 -25.9648 0
      vertex 9.50888 -25.9086 0
    endloop
  endfacet
  facet normal 0 0 -1
    outer loop
      vertex 9.55037 -31.4833 0
      vertex 9.18997 -26.0054 0
      vertex 9.3518 -25.9648 0
    endloop
  endfacet
  facet normal 0 0 -1
    outer loop
      vertex 9.55037 -31.4833 0
      vertex 9.02495 -26.0299 0
      vertex 9.18997 -26.0054 0
    endloop
  endfacet
  facet normal 0 0 -1
    outer loop
      vertex 9.55037 -31.4833 0
      vertex 8.85832 -26.038 0
      vertex 9.02495 -26.0299 0
    endloop
  endfacet
  facet normal 0 0 -1
    outer loop
      vertex 9.55037 -31.4833 0
      vertex 8.69169 -26.0299 0
      vertex 8.85832 -26.038 0
    endloop
  endfacet
  facet normal 0 0 -1
    outer loop
      vertex 9.55037 -31.4833 0
      vertex 8.52667 -26.0054 0
      vertex 8.69169 -26.0299 0
    endloop
  endfacet
  facet normal 0 0 -1
    outer loop
      vertex 9.55037 -31.4833 0
      vertex 8.36484 -25.9648 0
      vertex 8.52667 -26.0054 0
    endloop
  endfacet
  facet normal 0 0 -1
    outer loop
      vertex 6.41847 -32.2678 0
      vertex 8.36484 -25.9648 0
      vertex 9.55037 -31.4833 0
    endloop
  endfacet
  facet normal -0 0 -1
    outer loop
      vertex 8.36484 -25.9648 0
      vertex 6.41847 -32.2678 0
      vertex 8.20776 -25.9086 0
    endloop
  endfacet
  facet normal -0 0 -1
    outer loop
      vertex 8.20776 -25.9086 0
      vertex 6.41847 -32.2678 0
      vertex 8.05695 -25.8373 0
    endloop
  endfacet
  facet normal -0 0 -1
    outer loop
      vertex 8.05695 -25.8373 0
      vertex 6.41847 -32.2678 0
      vertex 7.91385 -25.7515 0
    endloop
  endfacet
  facet normal -0 0 -1
    outer loop
      vertex 7.91385 -25.7515 0
      vertex 6.41847 -32.2678 0
      vertex 7.77985 -25.6522 0
    endloop
  endfacet
  facet normal -0 0 -1
    outer loop
      vertex 7.77985 -25.6522 0
      vertex 6.41847 -32.2678 0
      vertex 7.65624 -25.5401 0
    endloop
  endfacet
  facet normal -0 0 -1
    outer loop
      vertex 7.65624 -25.5401 0
      vertex 6.41847 -32.2678 0
      vertex 7.5442 -25.4165 0
    endloop
  endfacet
  facet normal 0 0 -1
    outer loop
      vertex 3.22476 -32.7416 0
      vertex 7.5442 -25.4165 0
      vertex 6.41847 -32.2678 0
    endloop
  endfacet
  facet normal -0 0 -1
    outer loop
      vertex 7.5442 -25.4165 0
      vertex 3.22476 -32.7416 0
      vertex 7.44482 -25.2825 0
    endloop
  endfacet
  facet normal -0 0 -1
    outer loop
      vertex 7.44482 -25.2825 0
      vertex 3.22476 -32.7416 0
      vertex 7.35906 -25.1394 0
    endloop
  endfacet
  facet normal -0 0 -1
    outer loop
      vertex 7.23152 -24.8315 0
      vertex 0 -32.9 0
      vertex 7.19099 -24.6697 0
    endloop
  endfacet
  facet normal 0 0 -1
    outer loop
      vertex 0 -32.9 0
      vertex 7.23152 -24.8315 0
      vertex 3.22476 -32.7416 0
    endloop
  endfacet
  facet normal -0 0 -1
    outer loop
      vertex 7.28773 -24.9886 0
      vertex 3.22476 -32.7416 0
      vertex 7.23152 -24.8315 0
    endloop
  endfacet
  facet normal -0 0 -1
    outer loop
      vertex 7.35906 -25.1394 0
      vertex 3.22476 -32.7416 0
      vertex 7.28773 -24.9886 0
    endloop
  endfacet
  facet normal 0 0 -1
    outer loop
      vertex 20.014 -13.6535 0
      vertex -20.014 -13.6535 0
      vertex 3.22476 32.7416 0
    endloop
  endfacet
  facet normal -0 0 -1
    outer loop
      vertex 3.22476 32.7416 0
      vertex -20.014 -13.6535 0
      vertex 0 32.9 0
    endloop
  endfacet
  facet normal 0 0 -1
    outer loop
      vertex 0 32.9 0
      vertex -20.014 -13.6535 0
      vertex -3.22476 32.7416 0
    endloop
  endfacet
  facet normal 0 0 -1
    outer loop
      vertex -3.22476 32.7416 0
      vertex -20.014 -13.6535 0
      vertex -6.41847 32.2678 0
    endloop
  endfacet
  facet normal 0 0 -1
    outer loop
      vertex -6.41847 32.2678 0
      vertex -20.014 -13.6535 0
      vertex -9.55037 31.4833 0
    endloop
  endfacet
  facet normal 0 0 -1
    outer loop
      vertex -9.55037 31.4833 0
      vertex -20.014 -13.6535 0
      vertex -12.5903 30.3956 0
    endloop
  endfacet
  facet normal 0 0 -1
    outer loop
      vertex -20.1376 -13.5415 0
      vertex -12.5903 30.3956 0
      vertex -20.014 -13.6535 0
    endloop
  endfacet
  facet normal 0 0 -1
    outer loop
      vertex -12.5903 30.3956 0
      vertex -20.1376 -13.5415 0
      vertex -15.509 29.0152 0
    endloop
  endfacet
  facet normal 0 0 -1
    outer loop
      vertex -15.509 29.0152 0
      vertex -20.1376 -13.5415 0
      vertex -18.2783 27.3554 0
    endloop
  endfacet
  facet normal 0 0 -1
    outer loop
      vertex -21.9 24.4999 0
      vertex -20.1376 -13.5415 0
      vertex -20.2716 -13.4421 0
    endloop
  endfacet
  facet normal 0 0 -1
    outer loop
      vertex -21.9 24.4999 0
      vertex -20.2716 -13.4421 0
      vertex -20.4147 -13.3564 0
    endloop
  endfacet
  facet normal 0 0 -1
    outer loop
      vertex -21.9 24.4999 0
      vertex -20.4147 -13.3564 0
      vertex -20.5655 -13.285 0
    endloop
  endfacet
  facet normal 0 0 -1
    outer loop
      vertex -21.9 24.4999 0
      vertex -20.5655 -13.285 0
      vertex -20.7226 -13.2288 0
    endloop
  endfacet
  facet normal 0 0 -1
    outer loop
      vertex -20.1376 -13.5415 0
      vertex -20.8715 25.432 0
      vertex -18.2783 27.3554 0
    endloop
  endfacet
  facet normal 0 0 -1
    outer loop
      vertex -21.9 24.4999 0
      vertex -20.7226 -13.2288 0
      vertex -20.8844 -13.1883 0
    endloop
  endfacet
  facet normal 0 0 -1
    outer loop
      vertex -21.9 24.4999 0
      vertex -20.8844 -13.1883 0
      vertex -21.0494 -13.1638 0
    endloop
  endfacet
  facet normal 0 0 -1
    outer loop
      vertex -21.9 24.4999 0
      vertex -21.0494 -13.1638 0
      vertex -21.216 -13.1556 0
    endloop
  endfacet
  facet normal 0 0 -1
    outer loop
      vertex -21.9 24.4999 0
      vertex -21.216 -13.1556 0
      vertex -21.3827 -13.1638 0
    endloop
  endfacet
  facet normal 0 0 -1
    outer loop
      vertex -21.9 24.4999 0
      vertex -21.3827 -13.1638 0
      vertex -21.5477 -13.1883 0
    endloop
  endfacet
  facet normal 0 0 -1
    outer loop
      vertex -21.9 24.4999 0
      vertex -21.5477 -13.1883 0
      vertex -21.7095 -13.2288 0
    endloop
  endfacet
  facet normal 0 0 -1
    outer loop
      vertex -21.9 24.4999 0
      vertex -21.7095 -13.2288 0
      vertex -21.8666 -13.285 0
    endloop
  endfacet
  facet normal 0 0 -1
    outer loop
      vertex -21.9 24.4999 0
      vertex -21.8666 -13.285 0
      vertex -21.9 -13.3008 0
    endloop
  endfacet
  facet normal 0 0 -1
    outer loop
      vertex -20.1376 -13.5415 0
      vertex -21.9 24.4999 0
      vertex -20.8715 25.432 0
    endloop
  endfacet
  facet normal 0 0 -1
    outer loop
      vertex -7.5442 -23.2596 0
      vertex 7.5442 -23.2596 0
      vertex -7.44482 -23.3936 0
    endloop
  endfacet
  facet normal 0 0 -1
    outer loop
      vertex 7.5442 -23.2596 0
      vertex -7.5442 -23.2596 0
      vertex 7.65624 -23.136 0
    endloop
  endfacet
  facet normal 0 0 -1
    outer loop
      vertex -7.65624 -23.136 0
      vertex 7.65624 -23.136 0
      vertex -7.5442 -23.2596 0
    endloop
  endfacet
  facet normal 0 0 -1
    outer loop
      vertex 7.65624 -23.136 0
      vertex -7.65624 -23.136 0
      vertex 7.77985 -23.0239 0
    endloop
  endfacet
  facet normal 0 0 -1
    outer loop
      vertex -7.77985 -23.0239 0
      vertex 7.77985 -23.0239 0
      vertex -7.65624 -23.136 0
    endloop
  endfacet
  facet normal 0 0 -1
    outer loop
      vertex 7.77985 -23.0239 0
      vertex -7.77985 -23.0239 0
      vertex 7.91385 -22.9245 0
    endloop
  endfacet
  facet normal 0 0 -1
    outer loop
      vertex -7.91385 -22.9245 0
      vertex 7.91385 -22.9245 0
      vertex -7.77985 -23.0239 0
    endloop
  endfacet
  facet normal 0 0 -1
    outer loop
      vertex 7.91385 -22.9245 0
      vertex -7.91385 -22.9245 0
      vertex 8.05695 -22.8388 0
    endloop
  endfacet
  facet normal 0 0 -1
    outer loop
      vertex -8.05695 -22.8388 0
      vertex 8.05695 -22.8388 0
      vertex -7.91385 -22.9245 0
    endloop
  endfacet
  facet normal 0 0 -1
    outer loop
      vertex 8.05695 -22.8388 0
      vertex -8.05695 -22.8388 0
      vertex 8.20776 -22.7674 0
    endloop
  endfacet
  facet normal 0 0 -1
    outer loop
      vertex -8.20776 -22.7674 0
      vertex 8.20776 -22.7674 0
      vertex -8.05695 -22.8388 0
    endloop
  endfacet
  facet normal 0 0 -1
    outer loop
      vertex -19.6454 -14.2051 0
      vertex -8.69169 -22.6462 0
      vertex -19.5892 -14.3621 0
    endloop
  endfacet
  facet normal 0 0 -1
    outer loop
      vertex -8.85832 -22.638 0
      vertex -19.5892 -14.3621 0
      vertex -8.69169 -22.6462 0
    endloop
  endfacet
  facet normal 0 0 -1
    outer loop
      vertex -19.5892 -14.3621 0
      vertex -8.85832 -22.638 0
      vertex -19.5487 -14.524 0
    endloop
  endfacet
  facet normal 0 0 -1
    outer loop
      vertex -9.02495 -22.6462 0
      vertex -19.5487 -14.524 0
      vertex -8.85832 -22.638 0
    endloop
  endfacet
  facet normal 0 0 -1
    outer loop
      vertex -19.5487 -14.524 0
      vertex -9.02495 -22.6462 0
      vertex -19.5242 -14.689 0
    endloop
  endfacet
  facet normal 0 0 -1
    outer loop
      vertex -9.18997 -22.6707 0
      vertex -19.5242 -14.689 0
      vertex -9.02495 -22.6462 0
    endloop
  endfacet
  facet normal 0 0 -1
    outer loop
      vertex -19.5242 -14.689 0
      vertex -9.18997 -22.6707 0
      vertex -19.516 -14.8556 0
    endloop
  endfacet
  facet normal 0 0 -1
    outer loop
      vertex -19.516 -14.8556 0
      vertex -9.18997 -22.6707 0
      vertex -9.3518 -22.7112 0
    endloop
  endfacet
  facet normal 0 0 -1
    outer loop
      vertex -19.5242 -15.0223 0
      vertex -9.3518 -22.7112 0
      vertex -9.50888 -22.7674 0
    endloop
  endfacet
  facet normal 0 0 -1
    outer loop
      vertex -8.69169 -22.6462 0
      vertex -19.6454 -14.2051 0
      vertex -8.52667 -22.6707 0
    endloop
  endfacet
  facet normal 0 0 -1
    outer loop
      vertex -19.5487 -15.1873 0
      vertex -9.50888 -22.7674 0
      vertex -9.6597 -22.8388 0
    endloop
  endfacet
  facet normal 0 0 -1
    outer loop
      vertex -19.5892 -15.3491 0
      vertex -9.6597 -22.8388 0
      vertex -9.80279 -22.9245 0
    endloop
  endfacet
  facet normal 0 0 -1
    outer loop
      vertex -19.6454 -15.5062 0
      vertex -9.80279 -22.9245 0
      vertex -9.93679 -23.0239 0
    endloop
  endfacet
  facet normal 0 0 -1
    outer loop
      vertex -19.7168 -15.657 0
      vertex -9.93679 -23.0239 0
      vertex -10.0604 -23.136 0
    endloop
  endfacet
  facet normal 0 0 -1
    outer loop
      vertex -19.8025 -15.8001 0
      vertex -10.0604 -23.136 0
      vertex -10.1724 -23.2596 0
    endloop
  endfacet
  facet normal 0 0 -1
    outer loop
      vertex -19.9019 -15.9341 0
      vertex -10.1724 -23.2596 0
      vertex -10.2718 -23.3936 0
    endloop
  endfacet
  facet normal 0 0 -1
    outer loop
      vertex -20.014 -16.0577 0
      vertex -10.2718 -23.3936 0
      vertex -10.3576 -23.5367 0
    endloop
  endfacet
  facet normal 0 0 -1
    outer loop
      vertex -20.1376 -16.1697 0
      vertex -10.3576 -23.5367 0
      vertex -10.4289 -23.6875 0
    endloop
  endfacet
  facet normal 0 0 -1
    outer loop
      vertex -20.8715 -25.432 0
      vertex -10.4289 -23.6875 0
      vertex -10.4851 -23.8446 0
    endloop
  endfacet
  facet normal 0 0 -1
    outer loop
      vertex -18.2783 -27.3554 0
      vertex -10.4851 -23.8446 0
      vertex -10.5257 -24.0064 0
    endloop
  endfacet
  facet normal 0 0 -1
    outer loop
      vertex -18.2783 -27.3554 0
      vertex -10.5257 -24.0064 0
      vertex -10.5501 -24.1714 0
    endloop
  endfacet
  facet normal 0 0 -1
    outer loop
      vertex -18.2783 -27.3554 0
      vertex -10.5501 -24.1714 0
      vertex -10.5583 -24.338 0
    endloop
  endfacet
  facet normal 0 0 -1
    outer loop
      vertex -18.2783 -27.3554 0
      vertex -10.5501 -24.5047 0
      vertex -15.509 -29.0152 0
    endloop
  endfacet
  facet normal 0 0 -1
    outer loop
      vertex 8.20776 -22.7674 0
      vertex -19.8025 -13.9112 0
      vertex 8.36484 -22.7112 0
    endloop
  endfacet
  facet normal -0 0 -1
    outer loop
      vertex -10.5501 -24.5047 0
      vertex -18.2783 -27.3554 0
      vertex -10.5583 -24.338 0
    endloop
  endfacet
  facet normal 0 0 -1
    outer loop
      vertex 19.8025 -13.9112 0
      vertex -19.8025 -13.9112 0
      vertex -19.9019 -13.7772 0
    endloop
  endfacet
  facet normal 0 0 -1
    outer loop
      vertex -10.4851 -23.8446 0
      vertex -18.2783 -27.3554 0
      vertex -20.8715 -25.432 0
    endloop
  endfacet
  facet normal 0 0 -1
    outer loop
      vertex 20.014 -13.6535 0
      vertex 6.41847 32.2678 0
      vertex 9.55037 31.4833 0
    endloop
  endfacet
  facet normal 0 0 -1
    outer loop
      vertex 20.014 -13.6535 0
      vertex 3.22476 32.7416 0
      vertex 6.41847 32.2678 0
    endloop
  endfacet
  facet normal 0 0 -1
    outer loop
      vertex -9.3518 -22.7112 0
      vertex -19.5242 -15.0223 0
      vertex -19.516 -14.8556 0
    endloop
  endfacet
  facet normal 0 0 -1
    outer loop
      vertex -9.50888 -22.7674 0
      vertex -19.5487 -15.1873 0
      vertex -19.5242 -15.0223 0
    endloop
  endfacet
  facet normal 0 0 -1
    outer loop
      vertex -9.6597 -22.8388 0
      vertex -19.5892 -15.3491 0
      vertex -19.5487 -15.1873 0
    endloop
  endfacet
  facet normal 0 0 -1
    outer loop
      vertex -9.80279 -22.9245 0
      vertex -19.6454 -15.5062 0
      vertex -19.5892 -15.3491 0
    endloop
  endfacet
  facet normal 0 0 -1
    outer loop
      vertex -9.93679 -23.0239 0
      vertex -19.7168 -15.657 0
      vertex -19.6454 -15.5062 0
    endloop
  endfacet
  facet normal 0 0 -1
    outer loop
      vertex -10.0604 -23.136 0
      vertex -19.8025 -15.8001 0
      vertex -19.7168 -15.657 0
    endloop
  endfacet
  facet normal 0 0 -1
    outer loop
      vertex -10.1724 -23.2596 0
      vertex -19.9019 -15.9341 0
      vertex -19.8025 -15.8001 0
    endloop
  endfacet
  facet normal 0 0 -1
    outer loop
      vertex -10.2718 -23.3936 0
      vertex -20.014 -16.0577 0
      vertex -19.9019 -15.9341 0
    endloop
  endfacet
  facet normal 0 0 -1
    outer loop
      vertex -10.3576 -23.5367 0
      vertex -20.1376 -16.1697 0
      vertex -20.014 -16.0577 0
    endloop
  endfacet
  facet normal -0 0 -1
    outer loop
      vertex -10.4289 -23.6875 0
      vertex -20.8715 -25.432 0
      vertex -20.1376 -16.1697 0
    endloop
  endfacet
  facet normal 0 0 -1
    outer loop
      vertex -20.1376 -16.1697 0
      vertex -20.8715 -25.432 0
      vertex -20.2716 -16.2691 0
    endloop
  endfacet
  facet normal 0 0 -1
    outer loop
      vertex -20.2716 -16.2691 0
      vertex -20.8715 -25.432 0
      vertex -20.4147 -16.3549 0
    endloop
  endfacet
  facet normal 0 0 -1
    outer loop
      vertex -21.9 -24.4999 0
      vertex -20.4147 -16.3549 0
      vertex -20.8715 -25.432 0
    endloop
  endfacet
  facet normal 0 0 -1
    outer loop
      vertex -20.4147 -16.3549 0
      vertex -21.9 -24.4999 0
      vertex -20.5655 -16.4262 0
    endloop
  endfacet
  facet normal 0 0 -1
    outer loop
      vertex -20.5655 -16.4262 0
      vertex -21.9 -24.4999 0
      vertex -20.7226 -16.4824 0
    endloop
  endfacet
  facet normal 0 0 -1
    outer loop
      vertex -20.7226 -16.4824 0
      vertex -21.9 -24.4999 0
      vertex -20.8844 -16.523 0
    endloop
  endfacet
  facet normal 0 0 -1
    outer loop
      vertex -20.8844 -16.523 0
      vertex -21.9 -24.4999 0
      vertex -21.0494 -16.5474 0
    endloop
  endfacet
  facet normal 0 0 -1
    outer loop
      vertex -21.0494 -16.5474 0
      vertex -21.9 -24.4999 0
      vertex -21.216 -16.5556 0
    endloop
  endfacet
  facet normal -0 0 -1
    outer loop
      vertex -21.216 -16.5556 0
      vertex -21.9 -24.4999 0
      vertex -21.3827 -16.5474 0
    endloop
  endfacet
  facet normal -0 0 -1
    outer loop
      vertex -21.3827 -16.5474 0
      vertex -21.9 -24.4999 0
      vertex -21.5477 -16.523 0
    endloop
  endfacet
  facet normal -0 0 -1
    outer loop
      vertex -21.5477 -16.523 0
      vertex -21.9 -24.4999 0
      vertex -21.7095 -16.4824 0
    endloop
  endfacet
  facet normal -0 0 -1
    outer loop
      vertex -21.7095 -16.4824 0
      vertex -21.9 -24.4999 0
      vertex -21.8666 -16.4262 0
    endloop
  endfacet
  facet normal -0 0 -1
    outer loop
      vertex -21.8666 -16.4262 0
      vertex -21.9 -24.4999 0
      vertex -21.9 -16.4104 0
    endloop
  endfacet
  facet normal 0 0 -1
    outer loop
      vertex 18.2783 -27.3554 0
      vertex 10.5501 -24.1714 0
      vertex 10.5257 -24.0064 0
    endloop
  endfacet
  facet normal 0 0 -1
    outer loop
      vertex 18.2783 -27.3554 0
      vertex 10.5257 -24.0064 0
      vertex 10.4851 -23.8446 0
    endloop
  endfacet
  facet normal -0 0 -1
    outer loop
      vertex 19.7168 -15.657 0
      vertex 9.93679 -23.0239 0
      vertex 19.6454 -15.5062 0
    endloop
  endfacet
  facet normal 0 0 -1
    outer loop
      vertex 9.80279 -22.9245 0
      vertex 19.6454 -15.5062 0
      vertex 9.93679 -23.0239 0
    endloop
  endfacet
  facet normal -0 0 -1
    outer loop
      vertex 19.6454 -15.5062 0
      vertex 9.80279 -22.9245 0
      vertex 19.5892 -15.3491 0
    endloop
  endfacet
  facet normal -0 0 -1
    outer loop
      vertex 19.5892 -15.3491 0
      vertex 9.6597 -22.8388 0
      vertex 19.5487 -15.1873 0
    endloop
  endfacet
  facet normal -0 0 -1
    outer loop
      vertex 19.5487 -15.1873 0
      vertex 9.50888 -22.7674 0
      vertex 19.5242 -15.0223 0
    endloop
  endfacet
  facet normal 0 0 -1
    outer loop
      vertex 9.3518 -22.7112 0
      vertex 19.5242 -15.0223 0
      vertex 9.50888 -22.7674 0
    endloop
  endfacet
  facet normal -0 0 -1
    outer loop
      vertex 19.5242 -15.0223 0
      vertex 9.3518 -22.7112 0
      vertex 19.516 -14.8556 0
    endloop
  endfacet
  facet normal 0 0 -1
    outer loop
      vertex 9.18997 -22.6707 0
      vertex 19.516 -14.8556 0
      vertex 9.3518 -22.7112 0
    endloop
  endfacet
  facet normal 0 0 -1
    outer loop
      vertex 19.5242 -14.689 0
      vertex 9.18997 -22.6707 0
      vertex 9.02495 -22.6462 0
    endloop
  endfacet
  facet normal 0 0 -1
    outer loop
      vertex 19.5487 -14.524 0
      vertex 9.02495 -22.6462 0
      vertex 8.85832 -22.638 0
    endloop
  endfacet
  facet normal 0 0 -1
    outer loop
      vertex 19.5892 -14.3621 0
      vertex 8.85832 -22.638 0
      vertex 8.69169 -22.6462 0
    endloop
  endfacet
  facet normal 0 0 -1
    outer loop
      vertex 19.6454 -14.2051 0
      vertex 8.69169 -22.6462 0
      vertex 8.52667 -22.6707 0
    endloop
  endfacet
  facet normal 0 0 -1
    outer loop
      vertex 19.7168 -14.0543 0
      vertex 8.52667 -22.6707 0
      vertex 8.36484 -22.7112 0
    endloop
  endfacet
  facet normal 0 0 -1
    outer loop
      vertex 20.1376 -13.5415 0
      vertex 18.2783 27.3554 0
      vertex 20.8715 25.432 0
    endloop
  endfacet
  facet normal 0 0 -1
    outer loop
      vertex 20.1376 -13.5415 0
      vertex 15.509 29.0152 0
      vertex 18.2783 27.3554 0
    endloop
  endfacet
  facet normal 0 0 -1
    outer loop
      vertex 20.1376 -13.5415 0
      vertex 12.5903 30.3956 0
      vertex 15.509 29.0152 0
    endloop
  endfacet
  facet normal 0 0 -1
    outer loop
      vertex 20.014 -13.6535 0
      vertex 9.55037 31.4833 0
      vertex 12.5903 30.3956 0
    endloop
  endfacet
  facet normal -0 0 -1
    outer loop
      vertex 19.8025 -13.9112 0
      vertex 8.36484 -22.7112 0
      vertex -19.8025 -13.9112 0
    endloop
  endfacet
  facet normal 0 0 -1
    outer loop
      vertex -19.7168 -14.0543 0
      vertex -8.52667 -22.6707 0
      vertex -19.6454 -14.2051 0
    endloop
  endfacet
  facet normal 0 0 -1
    outer loop
      vertex -7.44482 -23.3936 0
      vertex 7.44482 -23.3936 0
      vertex -7.35906 -23.5367 0
    endloop
  endfacet
  facet normal 0 0 -1
    outer loop
      vertex 7.35906 -23.5367 0
      vertex -7.35906 -23.5367 0
      vertex 7.44482 -23.3936 0
    endloop
  endfacet
  facet normal 0 0 -1
    outer loop
      vertex -7.35906 -23.5367 0
      vertex 7.35906 -23.5367 0
      vertex -7.28773 -23.6875 0
    endloop
  endfacet
  facet normal 0 0 -1
    outer loop
      vertex 7.28773 -23.6875 0
      vertex -7.28773 -23.6875 0
      vertex 7.35906 -23.5367 0
    endloop
  endfacet
  facet normal 0 0 -1
    outer loop
      vertex -7.28773 -23.6875 0
      vertex 7.28773 -23.6875 0
      vertex -7.23152 -23.8446 0
    endloop
  endfacet
  facet normal 0 0 -1
    outer loop
      vertex 7.23152 -23.8446 0
      vertex -7.23152 -23.8446 0
      vertex 7.28773 -23.6875 0
    endloop
  endfacet
  facet normal 0 0 -1
    outer loop
      vertex -7.23152 -23.8446 0
      vertex 7.23152 -23.8446 0
      vertex -7.19099 -24.0064 0
    endloop
  endfacet
  facet normal 0 0 -1
    outer loop
      vertex 7.19099 -24.0064 0
      vertex -7.19099 -24.0064 0
      vertex 7.23152 -23.8446 0
    endloop
  endfacet
  facet normal 0 0 -1
    outer loop
      vertex -7.19099 -24.0064 0
      vertex 7.19099 -24.0064 0
      vertex -7.16651 -24.1714 0
    endloop
  endfacet
  facet normal 0 0 -1
    outer loop
      vertex 7.16651 -24.1714 0
      vertex -7.16651 -24.1714 0
      vertex 7.19099 -24.0064 0
    endloop
  endfacet
  facet normal 0 0 -1
    outer loop
      vertex -7.16651 -24.1714 0
      vertex 7.16651 -24.1714 0
      vertex -7.15832 -24.338 0
    endloop
  endfacet
  facet normal 0 0 -1
    outer loop
      vertex -7.15832 -24.338 0
      vertex 7.16651 -24.1714 0
      vertex 7.15832 -24.338 0
    endloop
  endfacet
  facet normal -0 0 -1
    outer loop
      vertex 7.19099 -24.6697 0
      vertex 0 -32.9 0
      vertex 7.16651 -24.5047 0
    endloop
  endfacet
  facet normal 0 0 -1
    outer loop
      vertex 7.44482 -23.3936 0
      vertex -7.44482 -23.3936 0
      vertex 7.5442 -23.2596 0
    endloop
  endfacet
  facet normal 0 0 -1
    outer loop
      vertex -7.16651 -24.5047 0
      vertex 7.16651 -24.5047 0
      vertex 0 -32.9 0
    endloop
  endfacet
  facet normal 0 0 -1
    outer loop
      vertex 19.9019 -13.7772 0
      vertex -19.9019 -13.7772 0
      vertex -20.014 -13.6535 0
    endloop
  endfacet
  facet normal 0 0 -1
    outer loop
      vertex 7.16651 -24.5047 0
      vertex -7.16651 -24.5047 0
      vertex 7.15832 -24.338 0
    endloop
  endfacet
  facet normal 0 0 -1
    outer loop
      vertex -8.52667 -22.6707 0
      vertex -19.7168 -14.0543 0
      vertex -8.36484 -22.7112 0
    endloop
  endfacet
  facet normal 0 0 -1
    outer loop
      vertex -7.23152 -24.8315 0
      vertex 0 -32.9 0
      vertex -3.22476 -32.7416 0
    endloop
  endfacet
  facet normal 0 0 -1
    outer loop
      vertex -19.8025 -13.9112 0
      vertex -8.36484 -22.7112 0
      vertex -19.7168 -14.0543 0
    endloop
  endfacet
  facet normal 0 0 -1
    outer loop
      vertex -7.5442 -25.4165 0
      vertex -3.22476 -32.7416 0
      vertex -6.41847 -32.2678 0
    endloop
  endfacet
  facet normal 0 0 -1
    outer loop
      vertex -8.36484 -22.7112 0
      vertex -19.8025 -13.9112 0
      vertex -8.20776 -22.7674 0
    endloop
  endfacet
  facet normal 0 0 -1
    outer loop
      vertex -8.20776 -22.7674 0
      vertex -19.8025 -13.9112 0
      vertex 8.20776 -22.7674 0
    endloop
  endfacet
  facet normal -0 0 -1
    outer loop
      vertex 7.15832 -24.338 0
      vertex -7.16651 -24.5047 0
      vertex -7.15832 -24.338 0
    endloop
  endfacet
  facet normal 0 0 -1
    outer loop
      vertex 0 -32.9 0
      vertex -7.19099 -24.6697 0
      vertex -7.16651 -24.5047 0
    endloop
  endfacet
  facet normal 0 0 -1
    outer loop
      vertex 0 -32.9 0
      vertex -7.23152 -24.8315 0
      vertex -7.19099 -24.6697 0
    endloop
  endfacet
  facet normal 0 0 -1
    outer loop
      vertex -3.22476 -32.7416 0
      vertex -7.28773 -24.9886 0
      vertex -7.23152 -24.8315 0
    endloop
  endfacet
  facet normal 0 0 -1
    outer loop
      vertex -3.22476 -32.7416 0
      vertex -7.35906 -25.1394 0
      vertex -7.28773 -24.9886 0
    endloop
  endfacet
  facet normal 0 0 -1
    outer loop
      vertex -3.22476 -32.7416 0
      vertex -7.44482 -25.2825 0
      vertex -7.35906 -25.1394 0
    endloop
  endfacet
  facet normal 0 0 -1
    outer loop
      vertex -3.22476 -32.7416 0
      vertex -7.5442 -25.4165 0
      vertex -7.44482 -25.2825 0
    endloop
  endfacet
  facet normal 0 0 -1
    outer loop
      vertex -6.41847 -32.2678 0
      vertex -7.65624 -25.5401 0
      vertex -7.5442 -25.4165 0
    endloop
  endfacet
  facet normal 0 0 -1
    outer loop
      vertex -6.41847 -32.2678 0
      vertex -7.77985 -25.6522 0
      vertex -7.65624 -25.5401 0
    endloop
  endfacet
  facet normal 0 0 -1
    outer loop
      vertex -6.41847 -32.2678 0
      vertex -7.91385 -25.7515 0
      vertex -7.77985 -25.6522 0
    endloop
  endfacet
  facet normal 0 0 -1
    outer loop
      vertex -6.41847 -32.2678 0
      vertex -8.05695 -25.8373 0
      vertex -7.91385 -25.7515 0
    endloop
  endfacet
  facet normal 0 0 -1
    outer loop
      vertex -6.41847 -32.2678 0
      vertex -8.20776 -25.9086 0
      vertex -8.05695 -25.8373 0
    endloop
  endfacet
  facet normal 0 0 -1
    outer loop
      vertex -6.41847 -32.2678 0
      vertex -8.36484 -25.9648 0
      vertex -8.20776 -25.9086 0
    endloop
  endfacet
  facet normal 0 0 -1
    outer loop
      vertex -9.55037 -31.4833 0
      vertex -8.36484 -25.9648 0
      vertex -6.41847 -32.2678 0
    endloop
  endfacet
  facet normal 0 0 -1
    outer loop
      vertex -8.36484 -25.9648 0
      vertex -9.55037 -31.4833 0
      vertex -8.52667 -26.0054 0
    endloop
  endfacet
  facet normal 0 0 -1
    outer loop
      vertex -8.52667 -26.0054 0
      vertex -9.55037 -31.4833 0
      vertex -8.69169 -26.0299 0
    endloop
  endfacet
  facet normal 0 0 -1
    outer loop
      vertex -8.69169 -26.0299 0
      vertex -9.55037 -31.4833 0
      vertex -8.85832 -26.038 0
    endloop
  endfacet
  facet normal -0 0 -1
    outer loop
      vertex -8.85832 -26.038 0
      vertex -9.55037 -31.4833 0
      vertex -9.02495 -26.0299 0
    endloop
  endfacet
  facet normal -0 0 -1
    outer loop
      vertex -9.02495 -26.0299 0
      vertex -9.55037 -31.4833 0
      vertex -9.18997 -26.0054 0
    endloop
  endfacet
  facet normal -0 0 -1
    outer loop
      vertex -9.18997 -26.0054 0
      vertex -9.55037 -31.4833 0
      vertex -9.3518 -25.9648 0
    endloop
  endfacet
  facet normal 0 0 -1
    outer loop
      vertex -12.5903 -30.3956 0
      vertex -9.3518 -25.9648 0
      vertex -9.55037 -31.4833 0
    endloop
  endfacet
  facet normal -0 0 -1
    outer loop
      vertex -9.3518 -25.9648 0
      vertex -12.5903 -30.3956 0
      vertex -9.50888 -25.9086 0
    endloop
  endfacet
  facet normal -0 0 -1
    outer loop
      vertex -9.50888 -25.9086 0
      vertex -12.5903 -30.3956 0
      vertex -9.6597 -25.8373 0
    endloop
  endfacet
  facet normal -0 0 -1
    outer loop
      vertex -9.6597 -25.8373 0
      vertex -12.5903 -30.3956 0
      vertex -9.80279 -25.7515 0
    endloop
  endfacet
  facet normal -0 0 -1
    outer loop
      vertex -9.80279 -25.7515 0
      vertex -12.5903 -30.3956 0
      vertex -9.93679 -25.6522 0
    endloop
  endfacet
  facet normal -0 0 -1
    outer loop
      vertex -9.93679 -25.6522 0
      vertex -12.5903 -30.3956 0
      vertex -10.0604 -25.5401 0
    endloop
  endfacet
  facet normal -0 0 -1
    outer loop
      vertex -10.0604 -25.5401 0
      vertex -12.5903 -30.3956 0
      vertex -10.1724 -25.4165 0
    endloop
  endfacet
  facet normal -0 0 -1
    outer loop
      vertex -10.1724 -25.4165 0
      vertex -12.5903 -30.3956 0
      vertex -10.2718 -25.2825 0
    endloop
  endfacet
  facet normal 0 0 -1
    outer loop
      vertex -15.509 -29.0152 0
      vertex -10.2718 -25.2825 0
      vertex -12.5903 -30.3956 0
    endloop
  endfacet
  facet normal -0 0 -1
    outer loop
      vertex -10.2718 -25.2825 0
      vertex -15.509 -29.0152 0
      vertex -10.3576 -25.1394 0
    endloop
  endfacet
  facet normal -0 0 -1
    outer loop
      vertex -10.3576 -25.1394 0
      vertex -15.509 -29.0152 0
      vertex -10.4289 -24.9886 0
    endloop
  endfacet
  facet normal -0 0 -1
    outer loop
      vertex -10.4289 -24.9886 0
      vertex -15.509 -29.0152 0
      vertex -10.4851 -24.8315 0
    endloop
  endfacet
  facet normal -0 0 -1
    outer loop
      vertex -10.5257 -24.6697 0
      vertex -15.509 -29.0152 0
      vertex -10.5501 -24.5047 0
    endloop
  endfacet
  facet normal -0 0 -1
    outer loop
      vertex -10.4851 -24.8315 0
      vertex -15.509 -29.0152 0
      vertex -10.5257 -24.6697 0
    endloop
  endfacet
  facet normal -0.857736 0.51409 0
    outer loop
      vertex -29.0152 15.509 0
      vertex -27.3554 18.2783 18
      vertex -27.3554 18.2783 0
    endloop
  endfacet
  facet normal -0.857736 0.51409 0
    outer loop
      vertex -27.3554 18.2783 18
      vertex -29.0152 15.509 0
      vertex -29.0152 15.509 18
    endloop
  endfacet
  facet normal -0.741015 -0.671488 -0
    outer loop
      vertex 21.9 21.1991 6.5
      vertex 21.5668 21.5668 3
      vertex 21.9 21.1991 3
    endloop
  endfacet
  facet normal -0.741015 -0.671488 0
    outer loop
      vertex 21.5668 21.5668 3
      vertex 21.9 21.1991 6.5
      vertex 21.5668 21.5668 18
    endloop
  endfacet
  facet normal -0.740958 -0.671552 -0
    outer loop
      vertex 23.5768 19.349 18
      vertex 21.9 21.1991 6.5
      vertex 23.5768 19.349 6.5
    endloop
  endfacet
  facet normal -0.740967 -0.671541 3.08069e-06
    outer loop
      vertex 21.9 21.1991 6.5
      vertex 23.5768 19.349 18
      vertex 21.5668 21.5668 18
    endloop
  endfacet
  facet normal -0.989181 -0.146703 0
    outer loop
      vertex 30.3531 2.98952 3
      vertex 29.914 5.95025 18
      vertex 29.914 5.95025 3
    endloop
  endfacet
  facet normal -0.989181 -0.146703 0
    outer loop
      vertex 29.914 5.95025 18
      vertex 30.3531 2.98952 3
      vertex 30.3531 2.98952 18
    endloop
  endfacet
  facet normal -0.998795 -0.0490791 0
    outer loop
      vertex 30.5 0 3
      vertex 30.3531 2.98952 18
      vertex 30.3531 2.98952 3
    endloop
  endfacet
  facet normal -0.998795 -0.0490791 0
    outer loop
      vertex 30.3531 2.98952 18
      vertex 30.5 0 3
      vertex 30.5 0 18
    endloop
  endfacet
  facet normal -0.595699 -0.803208 0
    outer loop
      vertex 16.9449 25.3598 3
      vertex 19.349 23.5768 18
      vertex 16.9449 25.3598 18
    endloop
  endfacet
  facet normal -0.595699 -0.803208 -0
    outer loop
      vertex 19.349 23.5768 18
      vertex 16.9449 25.3598 3
      vertex 19.349 23.5768 3
    endloop
  endfacet
  facet normal -0.514108 0.857726 0
    outer loop
      vertex 16.9449 -25.3598 3
      vertex 14.3776 -26.8986 18
      vertex 16.9449 -25.3598 18
    endloop
  endfacet
  facet normal -0.514108 0.857726 0
    outer loop
      vertex 14.3776 -26.8986 18
      vertex 16.9449 -25.3598 3
      vertex 14.3776 -26.8986 3
    endloop
  endfacet
  facet normal 0.857711 -0.514132 0
    outer loop
      vertex -25.3598 16.9449 18
      vertex -25.9 16.0437 6.5
      vertex -25.3598 16.9449 6.5
    endloop
  endfacet
  facet normal 0.857726 -0.514108 -2.58271e-06
    outer loop
      vertex -26.8986 14.3776 18
      vertex -25.9 16.0437 6.5
      vertex -25.3598 16.9449 18
    endloop
  endfacet
  facet normal 0.857734 -0.514094 0
    outer loop
      vertex -26.8986 14.3776 3
      vertex -25.9 16.0437 6.5
      vertex -26.8986 14.3776 18
    endloop
  endfacet
  facet normal 0.857734 -0.514094 0
    outer loop
      vertex -25.9 16.0437 6.5
      vertex -26.8986 14.3776 3
      vertex -25.9 16.0437 3
    endloop
  endfacet
  facet normal -0.336908 0.941538 0
    outer loop
      vertex 11.6718 -28.1783 3
      vertex 8.85368 -29.1867 18
      vertex 11.6718 -28.1783 18
    endloop
  endfacet
  facet normal -0.336908 0.941538 0
    outer loop
      vertex 8.85368 -29.1867 18
      vertex 11.6718 -28.1783 3
      vertex 8.85368 -29.1867 3
    endloop
  endfacet
  facet normal 0.998795 0.0490791 0
    outer loop
      vertex -30.3531 -2.98952 18
      vertex -30.5 0 3
      vertex -30.5 0 18
    endloop
  endfacet
  facet normal 0.998795 0.0490791 0
    outer loop
      vertex -30.5 0 3
      vertex -30.3531 -2.98952 18
      vertex -30.3531 -2.98952 3
    endloop
  endfacet
  facet normal 0.671541 -0.740967 0
    outer loop
      vertex -21.5668 21.5668 3
      vertex -19.349 23.5768 18
      vertex -21.5668 21.5668 18
    endloop
  endfacet
  facet normal 0.671541 -0.740967 0
    outer loop
      vertex -19.349 23.5768 18
      vertex -21.5668 21.5668 3
      vertex -19.349 23.5768 3
    endloop
  endfacet
  facet normal 0.970029 0.242989 0
    outer loop
      vertex -29.1867 -8.85368 18
      vertex -29.914 -5.95025 3
      vertex -29.914 -5.95025 18
    endloop
  endfacet
  facet normal 0.970029 0.242989 0
    outer loop
      vertex -29.914 -5.95025 3
      vertex -29.1867 -8.85368 18
      vertex -29.1867 -8.85368 3
    endloop
  endfacet
  facet normal 0 0 1
    outer loop
      vertex 21.9 21.1991 3
      vertex 21.8395 -11.7271 3
      vertex 21.9 -11.7423 3
    endloop
  endfacet
  facet normal 0 0 1
    outer loop
      vertex 21.9 21.1991 3
      vertex 21.8384 -11.7269 3
      vertex 21.8395 -11.7271 3
    endloop
  endfacet
  facet normal 0 0 1
    outer loop
      vertex 19.349 23.5768 3
      vertex 21.9 21.1991 3
      vertex 21.5668 21.5668 3
    endloop
  endfacet
  facet normal 0 0 1
    outer loop
      vertex 21.9 21.1991 3
      vertex 21.5298 -11.6811 3
      vertex 21.8384 -11.7269 3
    endloop
  endfacet
  facet normal 0 0 1
    outer loop
      vertex 21.9 21.1991 3
      vertex 21.5287 -11.6809 3
      vertex 21.5298 -11.6811 3
    endloop
  endfacet
  facet normal 0 0 1
    outer loop
      vertex 21.9 21.1991 3
      vertex 21.5276 -11.6809 3
      vertex 21.5287 -11.6809 3
    endloop
  endfacet
  facet normal 0 0 1
    outer loop
      vertex 21.9 21.1991 3
      vertex 21.216 -11.6656 3
      vertex 21.5276 -11.6809 3
    endloop
  endfacet
  facet normal 0 0 1
    outer loop
      vertex 21.9 21.1991 3
      vertex 20.9045 -11.6809 3
      vertex 21.216 -11.6656 3
    endloop
  endfacet
  facet normal 0 0 1
    outer loop
      vertex 21.9 21.1991 3
      vertex 20.9034 -11.6809 3
      vertex 20.9045 -11.6809 3
    endloop
  endfacet
  facet normal 0 0 1
    outer loop
      vertex 21.9 21.1991 3
      vertex 20.9023 -11.6811 3
      vertex 20.9034 -11.6809 3
    endloop
  endfacet
  facet normal 0 0 1
    outer loop
      vertex 21.9 21.1991 3
      vertex 20.5937 -11.7269 3
      vertex 20.9023 -11.6811 3
    endloop
  endfacet
  facet normal 0 0 1
    outer loop
      vertex 21.9 21.1991 3
      vertex 20.5926 -11.7271 3
      vertex 20.5937 -11.7269 3
    endloop
  endfacet
  facet normal 0 0 1
    outer loop
      vertex 21.9 21.1991 3
      vertex 20.29 -11.8029 3
      vertex 20.5926 -11.7271 3
    endloop
  endfacet
  facet normal 0 0 1
    outer loop
      vertex 21.9 21.1991 3
      vertex 19.9963 -11.908 3
      vertex 20.29 -11.8029 3
    endloop
  endfacet
  facet normal 0 0 1
    outer loop
      vertex 21.9 21.1991 3
      vertex 19.9953 -11.9084 3
      vertex 19.9963 -11.908 3
    endloop
  endfacet
  facet normal 0 0 1
    outer loop
      vertex 21.9 21.1991 3
      vertex 19.9943 -11.9089 3
      vertex 19.9953 -11.9084 3
    endloop
  endfacet
  facet normal 0 0 1
    outer loop
      vertex 21.9 21.1991 3
      vertex 19.7122 -12.0422 3
      vertex 19.9943 -11.9089 3
    endloop
  endfacet
  facet normal 0 0 1
    outer loop
      vertex 21.9 21.1991 3
      vertex 19.4447 -12.2026 3
      vertex 19.7122 -12.0422 3
    endloop
  endfacet
  facet normal 0 0 1
    outer loop
      vertex 21.9 21.1991 3
      vertex 19.4437 -12.2032 3
      vertex 19.4447 -12.2026 3
    endloop
  endfacet
  facet normal 0 0 1
    outer loop
      vertex 21.9 21.1991 3
      vertex 19.4428 -12.2038 3
      vertex 19.4437 -12.2032 3
    endloop
  endfacet
  facet normal 0 0 1
    outer loop
      vertex 21.9 21.1991 3
      vertex 19.349 23.5768 3
      vertex 19.1923 -12.3897 3
    endloop
  endfacet
  facet normal 0 0 1
    outer loop
      vertex 21.9 21.1991 3
      vertex 19.1923 -12.3897 3
      vertex 19.4428 -12.2038 3
    endloop
  endfacet
  facet normal 0 0 1
    outer loop
      vertex 16.9449 25.3598 3
      vertex 19.1923 -12.3897 3
      vertex 19.349 23.5768 3
    endloop
  endfacet
  facet normal 0 0 1
    outer loop
      vertex 14.3776 26.8986 3
      vertex 19.1923 -12.3897 3
      vertex 16.9449 25.3598 3
    endloop
  endfacet
  facet normal 0 0 1
    outer loop
      vertex 19.1923 -12.3897 3
      vertex 14.3776 26.8986 3
      vertex 18.9611 -12.5992 3
    endloop
  endfacet
  facet normal 0 0 1
    outer loop
      vertex 18.9611 -12.5992 3
      vertex 14.3776 26.8986 3
      vertex 18.9603 -12.5999 3
    endloop
  endfacet
  facet normal 0 0 1
    outer loop
      vertex 11.6718 28.1783 3
      vertex 18.9603 -12.5999 3
      vertex 14.3776 26.8986 3
    endloop
  endfacet
  facet normal 0 0 1
    outer loop
      vertex 8.85368 29.1867 3
      vertex 18.9603 -12.5999 3
      vertex 11.6718 28.1783 3
    endloop
  endfacet
  facet normal 0 0 1
    outer loop
      vertex 5.95025 29.914 3
      vertex 18.9603 -12.5999 3
      vertex 8.85368 29.1867 3
    endloop
  endfacet
  facet normal 0 0 1
    outer loop
      vertex 2.98952 30.3531 3
      vertex 18.9603 -12.5999 3
      vertex 5.95025 29.914 3
    endloop
  endfacet
  facet normal 0 0 1
    outer loop
      vertex 0 30.5 3
      vertex 18.9603 -12.5999 3
      vertex 2.98952 30.3531 3
    endloop
  endfacet
  facet normal 0 0 1
    outer loop
      vertex 18.9603 -12.5999 3
      vertex 0 30.5 3
      vertex 18.9596 -12.6007 3
    endloop
  endfacet
  facet normal 0 0 1
    outer loop
      vertex 18.9596 -12.6007 3
      vertex 0 30.5 3
      vertex 18.7501 -12.8319 3
    endloop
  endfacet
  facet normal 0 0 1
    outer loop
      vertex -18.4026 -13.3518 3
      vertex 18.7501 -12.8319 3
      vertex 0 30.5 3
    endloop
  endfacet
  facet normal 0 0 1
    outer loop
      vertex 18.7501 -12.8319 3
      vertex -18.4026 -13.3518 3
      vertex 18.7494 -12.8328 3
    endloop
  endfacet
  facet normal 0 -0 1
    outer loop
      vertex 7.93229 -21.2853 3
      vertex 18.5636 -13.0833 3
      vertex -18.4026 -13.3518 3
    endloop
  endfacet
  facet normal 0 0 1
    outer loop
      vertex 18.5636 -13.0833 3
      vertex 7.93229 -21.2853 3
      vertex 18.4032 -13.3509 3
    endloop
  endfacet
  facet normal 0 0 1
    outer loop
      vertex 18.4032 -13.3509 3
      vertex 7.93229 -21.2853 3
      vertex 18.4026 -13.3518 3
    endloop
  endfacet
  facet normal 0 -0 1
    outer loop
      vertex 8.2349 -21.2095 3
      vertex 18.4026 -13.3518 3
      vertex 7.93229 -21.2853 3
    endloop
  endfacet
  facet normal 0 -0 1
    outer loop
      vertex 8.23597 -21.2093 3
      vertex 18.4026 -13.3518 3
      vertex 8.2349 -21.2095 3
    endloop
  endfacet
  facet normal 0 0 1
    outer loop
      vertex 18.4026 -13.3518 3
      vertex 8.23597 -21.2093 3
      vertex 18.2693 -13.6338 3
    endloop
  endfacet
  facet normal -0 0 1
    outer loop
      vertex 21.8384 -17.9844 3
      vertex 21.9 -21.1991 3
      vertex 21.9 -17.969 3
    endloop
  endfacet
  facet normal -0 0 1
    outer loop
      vertex 21.8373 -17.9846 3
      vertex 21.9 -21.1991 3
      vertex 21.8384 -17.9844 3
    endloop
  endfacet
  facet normal -0 0 1
    outer loop
      vertex 21.5287 -18.0303 3
      vertex 21.9 -21.1991 3
      vertex 21.8373 -17.9846 3
    endloop
  endfacet
  facet normal -0 0 1
    outer loop
      vertex 21.2171 -18.0456 3
      vertex 21.9 -21.1991 3
      vertex 21.5287 -18.0303 3
    endloop
  endfacet
  facet normal -0 0 1
    outer loop
      vertex 21.216 -18.0457 3
      vertex 21.9 -21.1991 3
      vertex 21.2171 -18.0456 3
    endloop
  endfacet
  facet normal 0 0 1
    outer loop
      vertex 21.2149 -18.0456 3
      vertex 21.9 -21.1991 3
      vertex 21.216 -18.0457 3
    endloop
  endfacet
  facet normal 0 0 1
    outer loop
      vertex 20.9034 -18.0303 3
      vertex 21.9 -21.1991 3
      vertex 21.2149 -18.0456 3
    endloop
  endfacet
  facet normal 0 0 1
    outer loop
      vertex 20.5948 -17.9846 3
      vertex 21.9 -21.1991 3
      vertex 20.9034 -18.0303 3
    endloop
  endfacet
  facet normal 0 0 1
    outer loop
      vertex 20.5937 -17.9844 3
      vertex 21.9 -21.1991 3
      vertex 20.5948 -17.9846 3
    endloop
  endfacet
  facet normal 0 0 1
    outer loop
      vertex 21.9 -21.1991 3
      vertex 20.5937 -17.9844 3
      vertex 21.5668 -21.5668 3
    endloop
  endfacet
  facet normal 0 0 1
    outer loop
      vertex 20.5926 -17.9841 3
      vertex 21.5668 -21.5668 3
      vertex 20.5937 -17.9844 3
    endloop
  endfacet
  facet normal 0 0 1
    outer loop
      vertex 20.29 -17.9083 3
      vertex 21.5668 -21.5668 3
      vertex 20.5926 -17.9841 3
    endloop
  endfacet
  facet normal 0 0 1
    outer loop
      vertex 20.289 -17.908 3
      vertex 21.5668 -21.5668 3
      vertex 20.29 -17.9083 3
    endloop
  endfacet
  facet normal 0 0 1
    outer loop
      vertex 19.9953 -17.8029 3
      vertex 21.5668 -21.5668 3
      vertex 20.289 -17.908 3
    endloop
  endfacet
  facet normal 0 0 1
    outer loop
      vertex 19.9943 -17.8024 3
      vertex 21.5668 -21.5668 3
      vertex 19.9953 -17.8029 3
    endloop
  endfacet
  facet normal 0 0 1
    outer loop
      vertex 19.349 -23.5768 3
      vertex 19.9943 -17.8024 3
      vertex 19.7122 -17.669 3
    endloop
  endfacet
  facet normal 0 0 1
    outer loop
      vertex 19.349 -23.5768 3
      vertex 19.7122 -17.669 3
      vertex 19.7113 -17.6684 3
    endloop
  endfacet
  facet normal 0 0 1
    outer loop
      vertex 19.349 -23.5768 3
      vertex 19.7113 -17.6684 3
      vertex 19.4437 -17.5081 3
    endloop
  endfacet
  facet normal 0 0 1
    outer loop
      vertex 19.349 -23.5768 3
      vertex 19.4437 -17.5081 3
      vertex 19.4428 -17.5074 3
    endloop
  endfacet
  facet normal 0 0 1
    outer loop
      vertex 19.9943 -17.8024 3
      vertex 19.349 -23.5768 3
      vertex 21.5668 -21.5668 3
    endloop
  endfacet
  facet normal 0 0 1
    outer loop
      vertex 19.1923 -17.3216 3
      vertex 19.349 -23.5768 3
      vertex 19.4428 -17.5074 3
    endloop
  endfacet
  facet normal 0 0 1
    outer loop
      vertex 18.9611 -17.1121 3
      vertex 19.349 -23.5768 3
      vertex 19.1923 -17.3216 3
    endloop
  endfacet
  facet normal 0 0 1
    outer loop
      vertex 18.9603 -17.1113 3
      vertex 19.349 -23.5768 3
      vertex 18.9611 -17.1121 3
    endloop
  endfacet
  facet normal 0 0 1
    outer loop
      vertex 11.5113 -22.5667 3
      vertex 18.9603 -17.1113 3
      vertex 18.9596 -17.1105 3
    endloop
  endfacet
  facet normal 0 0 1
    outer loop
      vertex 11.5108 -22.5657 3
      vertex 18.9596 -17.1105 3
      vertex 18.7501 -16.8794 3
    endloop
  endfacet
  facet normal 0 0 1
    outer loop
      vertex 11.3243 -22.3143 3
      vertex 18.7501 -16.8794 3
      vertex 18.5643 -16.6288 3
    endloop
  endfacet
  facet normal 0 0 1
    outer loop
      vertex 11.3243 -22.3143 3
      vertex 18.5643 -16.6288 3
      vertex 18.5636 -16.6279 3
    endloop
  endfacet
  facet normal 0 0 1
    outer loop
      vertex 11.114 -22.0823 3
      vertex 18.5636 -16.6279 3
      vertex 18.4032 -16.3604 3
    endloop
  endfacet
  facet normal 0 0 1
    outer loop
      vertex 11.114 -22.0823 3
      vertex 18.4032 -16.3604 3
      vertex 18.4026 -16.3594 3
    endloop
  endfacet
  facet normal 0 0 1
    outer loop
      vertex 10.8821 -21.8721 3
      vertex 18.4026 -16.3594 3
      vertex 18.2693 -16.0774 3
    endloop
  endfacet
  facet normal 0 0 1
    outer loop
      vertex 10.8821 -21.8721 3
      vertex 18.2693 -16.0774 3
      vertex 18.2688 -16.0764 3
    endloop
  endfacet
  facet normal 0 0 1
    outer loop
      vertex 10.6306 -21.6856 3
      vertex 18.2688 -16.0764 3
      vertex 18.1637 -15.7827 3
    endloop
  endfacet
  facet normal 0 0 1
    outer loop
      vertex 10.6306 -21.6856 3
      vertex 18.1637 -15.7827 3
      vertex 18.1633 -15.7817 3
    endloop
  endfacet
  facet normal 0 0 1
    outer loop
      vertex 10.3621 -21.5247 3
      vertex 18.1633 -15.7817 3
      vertex 18.0875 -15.4791 3
    endloop
  endfacet
  facet normal 0 0 1
    outer loop
      vertex 10.3621 -21.5247 3
      vertex 18.0875 -15.4791 3
      vertex 18.0873 -15.478 3
    endloop
  endfacet
  facet normal 0 0 1
    outer loop
      vertex 9.78435 -21.2853 3
      vertex 18.026 -14.8567 3
      vertex 18.026 -14.8556 3
    endloop
  endfacet
  facet normal 0 0 1
    outer loop
      vertex 18.9603 -17.1113 3
      vertex 11.5113 -22.5667 3
      vertex 11.6717 -22.8343 3
    endloop
  endfacet
  facet normal 0 0 1
    outer loop
      vertex 10.0801 -21.3913 3
      vertex 18.0873 -15.478 3
      vertex 18.0871 -15.4769 3
    endloop
  endfacet
  facet normal 0 0 1
    outer loop
      vertex 10.0791 -21.3908 3
      vertex 18.0871 -15.4769 3
      vertex 18.0413 -15.1683 3
    endloop
  endfacet
  facet normal 0 0 1
    outer loop
      vertex 18.026 -14.8567 3
      vertex 9.78435 -21.2853 3
      vertex 18.0413 -15.1683 3
    endloop
  endfacet
  facet normal 0 0 1
    outer loop
      vertex 18.2693 -13.6338 3
      vertex 8.23597 -21.2093 3
      vertex 18.2688 -13.6348 3
    endloop
  endfacet
  facet normal 0 -0 1
    outer loop
      vertex 8.23706 -21.2091 3
      vertex 18.2688 -13.6348 3
      vertex 8.23597 -21.2093 3
    endloop
  endfacet
  facet normal 0 0 1
    outer loop
      vertex 18.4026 -16.3594 3
      vertex 10.8821 -21.8721 3
      vertex 10.8829 -21.8728 3
    endloop
  endfacet
  facet normal 0 0 1
    outer loop
      vertex 19.349 -23.5768 3
      vertex 11.8051 -23.1163 3
      vertex 16.9449 -25.3598 3
    endloop
  endfacet
  facet normal 0 0 1
    outer loop
      vertex 16.9449 -25.3598 3
      vertex 12.0484 -24.338 3
      vertex 14.3776 -26.8986 3
    endloop
  endfacet
  facet normal -0 -0 1
    outer loop
      vertex 12.0484 -24.338 3
      vertex 16.9449 -25.3598 3
      vertex 12.0483 -24.3369 3
    endloop
  endfacet
  facet normal -0 -0 1
    outer loop
      vertex 12.0483 -24.3369 3
      vertex 16.9449 -25.3598 3
      vertex 12.033 -24.0254 3
    endloop
  endfacet
  facet normal -0 -0 1
    outer loop
      vertex 12.033 -24.0254 3
      vertex 16.9449 -25.3598 3
      vertex 11.9873 -23.7168 3
    endloop
  endfacet
  facet normal -0 -0 1
    outer loop
      vertex 11.9873 -23.7168 3
      vertex 16.9449 -25.3598 3
      vertex 11.9871 -23.7157 3
    endloop
  endfacet
  facet normal -0 -0 1
    outer loop
      vertex 11.9871 -23.7157 3
      vertex 16.9449 -25.3598 3
      vertex 11.9868 -23.7146 3
    endloop
  endfacet
  facet normal -0 -0 1
    outer loop
      vertex 11.9868 -23.7146 3
      vertex 16.9449 -25.3598 3
      vertex 11.911 -23.412 3
    endloop
  endfacet
  facet normal -0 -0 1
    outer loop
      vertex 11.911 -23.412 3
      vertex 16.9449 -25.3598 3
      vertex 11.8059 -23.1183 3
    endloop
  endfacet
  facet normal -0 -0 1
    outer loop
      vertex 11.8059 -23.1183 3
      vertex 16.9449 -25.3598 3
      vertex 11.8056 -23.1173 3
    endloop
  endfacet
  facet normal 0 0 1
    outer loop
      vertex 18.2688 -13.6348 3
      vertex 8.54564 -21.1633 3
      vertex 18.1637 -13.9286 3
    endloop
  endfacet
  facet normal -0 -0 1
    outer loop
      vertex 11.8056 -23.1173 3
      vertex 16.9449 -25.3598 3
      vertex 11.8051 -23.1163 3
    endloop
  endfacet
  facet normal -0 -0 1
    outer loop
      vertex 11.8051 -23.1163 3
      vertex 19.349 -23.5768 3
      vertex 11.6717 -22.8343 3
    endloop
  endfacet
  facet normal 0 0 1
    outer loop
      vertex 18.9603 -17.1113 3
      vertex 11.6717 -22.8343 3
      vertex 19.349 -23.5768 3
    endloop
  endfacet
  facet normal 0 0 1
    outer loop
      vertex 18.9596 -17.1105 3
      vertex 11.5108 -22.5657 3
      vertex 11.5113 -22.5667 3
    endloop
  endfacet
  facet normal 0 0 1
    outer loop
      vertex 18.7501 -16.8794 3
      vertex 11.3249 -22.3152 3
      vertex 11.5108 -22.5657 3
    endloop
  endfacet
  facet normal 0 0 1
    outer loop
      vertex 18.7501 -16.8794 3
      vertex 11.3243 -22.3143 3
      vertex 11.3249 -22.3152 3
    endloop
  endfacet
  facet normal 0 0 1
    outer loop
      vertex 18.5636 -16.6279 3
      vertex 11.3235 -22.3135 3
      vertex 11.3243 -22.3143 3
    endloop
  endfacet
  facet normal 0 0 1
    outer loop
      vertex 18.5636 -16.6279 3
      vertex 11.114 -22.0823 3
      vertex 11.3235 -22.3135 3
    endloop
  endfacet
  facet normal 0 0 1
    outer loop
      vertex 18.4026 -16.3594 3
      vertex 10.8829 -21.8728 3
      vertex 11.114 -22.0823 3
    endloop
  endfacet
  facet normal 0 0 1
    outer loop
      vertex 18.2688 -16.0764 3
      vertex 10.8812 -21.8714 3
      vertex 10.8821 -21.8721 3
    endloop
  endfacet
  facet normal 0 0 1
    outer loop
      vertex 18.2688 -16.0764 3
      vertex 10.6306 -21.6856 3
      vertex 10.8812 -21.8714 3
    endloop
  endfacet
  facet normal 0 0 1
    outer loop
      vertex 18.1633 -15.7817 3
      vertex 10.6297 -21.685 3
      vertex 10.6306 -21.6856 3
    endloop
  endfacet
  facet normal 0 0 1
    outer loop
      vertex 18.1633 -15.7817 3
      vertex 10.3621 -21.5247 3
      vertex 10.6297 -21.685 3
    endloop
  endfacet
  facet normal 0 0 1
    outer loop
      vertex 18.0873 -15.478 3
      vertex 10.0801 -21.3913 3
      vertex 10.3621 -21.5247 3
    endloop
  endfacet
  facet normal 0 0 1
    outer loop
      vertex 18.0871 -15.4769 3
      vertex 10.0791 -21.3908 3
      vertex 10.0801 -21.3913 3
    endloop
  endfacet
  facet normal 0 0 1
    outer loop
      vertex 18.0413 -15.1683 3
      vertex 10.0781 -21.3904 3
      vertex 10.0791 -21.3908 3
    endloop
  endfacet
  facet normal 0 0 1
    outer loop
      vertex 18.0413 -15.1683 3
      vertex 9.78435 -21.2853 3
      vertex 10.0781 -21.3904 3
    endloop
  endfacet
  facet normal 0 0 1
    outer loop
      vertex 18.026 -14.8556 3
      vertex 9.48174 -21.2095 3
      vertex 9.78435 -21.2853 3
    endloop
  endfacet
  facet normal 0 0 1
    outer loop
      vertex 18.026 -14.8556 3
      vertex 9.48067 -21.2093 3
      vertex 9.48174 -21.2095 3
    endloop
  endfacet
  facet normal 0 0 1
    outer loop
      vertex 18.026 -14.8545 3
      vertex 9.48067 -21.2093 3
      vertex 18.026 -14.8556 3
    endloop
  endfacet
  facet normal 0 0 1
    outer loop
      vertex 18.0413 -14.5429 3
      vertex 9.48067 -21.2093 3
      vertex 18.026 -14.8545 3
    endloop
  endfacet
  facet normal 0 -0 1
    outer loop
      vertex 9.48067 -21.2093 3
      vertex 18.0413 -14.5429 3
      vertex 9.47958 -21.2091 3
    endloop
  endfacet
  facet normal 0 -0 1
    outer loop
      vertex 9.47958 -21.2091 3
      vertex 18.0413 -14.5429 3
      vertex 9.171 -21.1633 3
    endloop
  endfacet
  facet normal 0 0 1
    outer loop
      vertex 18.0871 -14.2344 3
      vertex 9.171 -21.1633 3
      vertex 18.0413 -14.5429 3
    endloop
  endfacet
  facet normal 0 0 1
    outer loop
      vertex 18.1637 -13.9286 3
      vertex 8.54564 -21.1633 3
      vertex 18.1633 -13.9296 3
    endloop
  endfacet
  facet normal 0 0 1
    outer loop
      vertex 18.0873 -14.2333 3
      vertex 9.171 -21.1633 3
      vertex 18.0871 -14.2344 3
    endloop
  endfacet
  facet normal 0 -0 1
    outer loop
      vertex 9.171 -21.1633 3
      vertex 18.0873 -14.2333 3
      vertex 8.85942 -21.148 3
    endloop
  endfacet
  facet normal 0 -0 1
    outer loop
      vertex 8.85942 -21.148 3
      vertex 18.0873 -14.2333 3
      vertex 8.85832 -21.148 3
    endloop
  endfacet
  facet normal 0 0 1
    outer loop
      vertex 18.1631 -13.9307 3
      vertex 8.85832 -21.148 3
      vertex 18.0873 -14.2333 3
    endloop
  endfacet
  facet normal 0 0 1
    outer loop
      vertex 18.1633 -13.9296 3
      vertex 8.85832 -21.148 3
      vertex 18.1631 -13.9307 3
    endloop
  endfacet
  facet normal 0 -0 1
    outer loop
      vertex 8.85832 -21.148 3
      vertex 18.1633 -13.9296 3
      vertex 8.85722 -21.148 3
    endloop
  endfacet
  facet normal 0 0 1
    outer loop
      vertex 7.93229 -21.2853 3
      vertex -18.4026 -13.3518 3
      vertex 7.63858 -21.3904 3
    endloop
  endfacet
  facet normal 0 0 1
    outer loop
      vertex 7.63858 -21.3904 3
      vertex -18.4026 -13.3518 3
      vertex 7.63754 -21.3908 3
    endloop
  endfacet
  facet normal 0 -0 1
    outer loop
      vertex -7.63754 -21.3908 3
      vertex 7.63754 -21.3908 3
      vertex -18.4026 -13.3518 3
    endloop
  endfacet
  facet normal 0 0 1
    outer loop
      vertex 7.63754 -21.3908 3
      vertex -7.63754 -21.3908 3
      vertex 7.63654 -21.3913 3
    endloop
  endfacet
  facet normal 0 0 1
    outer loop
      vertex 7.63654 -21.3913 3
      vertex -7.63754 -21.3908 3
      vertex 7.35453 -21.5247 3
    endloop
  endfacet
  facet normal -0 -0 1
    outer loop
      vertex -7.63654 -21.3913 3
      vertex 7.35453 -21.5247 3
      vertex -7.63754 -21.3908 3
    endloop
  endfacet
  facet normal 0 -0 1
    outer loop
      vertex -7.35453 -21.5247 3
      vertex 7.35453 -21.5247 3
      vertex -7.63654 -21.3913 3
    endloop
  endfacet
  facet normal 0 0 1
    outer loop
      vertex 7.35453 -21.5247 3
      vertex -7.35453 -21.5247 3
      vertex 7.08696 -21.685 3
    endloop
  endfacet
  facet normal 0 -0 1
    outer loop
      vertex -7.08696 -21.685 3
      vertex 7.08696 -21.685 3
      vertex -7.35453 -21.5247 3
    endloop
  endfacet
  facet normal 0 0 1
    outer loop
      vertex 7.08696 -21.685 3
      vertex -7.08696 -21.685 3
      vertex 7.08602 -21.6856 3
    endloop
  endfacet
  facet normal 0 -0 1
    outer loop
      vertex -7.08602 -21.6856 3
      vertex 7.08602 -21.6856 3
      vertex -7.08696 -21.685 3
    endloop
  endfacet
  facet normal 0 0 1
    outer loop
      vertex 7.08602 -21.6856 3
      vertex -7.08602 -21.6856 3
      vertex 6.83545 -21.8714 3
    endloop
  endfacet
  facet normal 0 -0 1
    outer loop
      vertex -6.83545 -21.8714 3
      vertex 6.83545 -21.8714 3
      vertex -7.08602 -21.6856 3
    endloop
  endfacet
  facet normal 0 0 1
    outer loop
      vertex 6.83545 -21.8714 3
      vertex -6.83545 -21.8714 3
      vertex 6.83456 -21.8721 3
    endloop
  endfacet
  facet normal 0 -0 1
    outer loop
      vertex -6.83456 -21.8721 3
      vertex 6.83456 -21.8721 3
      vertex -6.83545 -21.8714 3
    endloop
  endfacet
  facet normal 0 0 1
    outer loop
      vertex 6.83456 -21.8721 3
      vertex -6.83456 -21.8721 3
      vertex 6.83375 -21.8728 3
    endloop
  endfacet
  facet normal 0 -0 1
    outer loop
      vertex 8.85722 -21.148 3
      vertex 18.1633 -13.9296 3
      vertex 8.54564 -21.1633 3
    endloop
  endfacet
  facet normal 0 -0 1
    outer loop
      vertex -6.83375 -21.8728 3
      vertex 6.83375 -21.8728 3
      vertex -6.83456 -21.8721 3
    endloop
  endfacet
  facet normal 0 -0 1
    outer loop
      vertex -6.6026 -22.0823 3
      vertex 6.6026 -22.0823 3
      vertex -6.83375 -21.8728 3
    endloop
  endfacet
  facet normal 0 0 1
    outer loop
      vertex 6.6026 -22.0823 3
      vertex -6.6026 -22.0823 3
      vertex 6.39311 -22.3135 3
    endloop
  endfacet
  facet normal 0 -0 1
    outer loop
      vertex -6.39311 -22.3135 3
      vertex 6.39311 -22.3135 3
      vertex -6.6026 -22.0823 3
    endloop
  endfacet
  facet normal 0 0 1
    outer loop
      vertex 6.39311 -22.3135 3
      vertex -6.39311 -22.3135 3
      vertex 6.39237 -22.3143 3
    endloop
  endfacet
  facet normal 0 -0 1
    outer loop
      vertex -6.39237 -22.3143 3
      vertex 6.39237 -22.3143 3
      vertex -6.39311 -22.3135 3
    endloop
  endfacet
  facet normal 0 0 1
    outer loop
      vertex 6.39237 -22.3143 3
      vertex -6.39237 -22.3143 3
      vertex 6.39171 -22.3152 3
    endloop
  endfacet
  facet normal 0 -0 1
    outer loop
      vertex -6.20588 -22.5657 3
      vertex 6.20588 -22.5657 3
      vertex -6.39171 -22.3152 3
    endloop
  endfacet
  facet normal 0 0 1
    outer loop
      vertex 6.20588 -22.5657 3
      vertex -6.20588 -22.5657 3
      vertex 6.0455 -22.8333 3
    endloop
  endfacet
  facet normal 0 -0 1
    outer loop
      vertex 8.54564 -21.1633 3
      vertex 18.2688 -13.6348 3
      vertex 8.23706 -21.2091 3
    endloop
  endfacet
  facet normal -0 0 1
    outer loop
      vertex -18.4026 -16.3594 3
      vertex -10.8821 -21.8721 3
      vertex -18.2693 -16.0774 3
    endloop
  endfacet
  facet normal 0 0 1
    outer loop
      vertex -10.8821 -21.8721 3
      vertex -18.4026 -16.3594 3
      vertex -10.8829 -21.8728 3
    endloop
  endfacet
  facet normal 0 0 1
    outer loop
      vertex -10.8829 -21.8728 3
      vertex -18.4026 -16.3594 3
      vertex -11.114 -22.0823 3
    endloop
  endfacet
  facet normal -0 0 1
    outer loop
      vertex -18.4032 -16.3604 3
      vertex -11.114 -22.0823 3
      vertex -18.4026 -16.3594 3
    endloop
  endfacet
  facet normal -0 0 1
    outer loop
      vertex -18.5636 -16.6279 3
      vertex -11.114 -22.0823 3
      vertex -18.4032 -16.3604 3
    endloop
  endfacet
  facet normal 0 0 1
    outer loop
      vertex -11.114 -22.0823 3
      vertex -18.5636 -16.6279 3
      vertex -11.3235 -22.3135 3
    endloop
  endfacet
  facet normal 0 0 1
    outer loop
      vertex -11.3235 -22.3135 3
      vertex -18.5636 -16.6279 3
      vertex -11.3243 -22.3143 3
    endloop
  endfacet
  facet normal -0 0 1
    outer loop
      vertex -18.5643 -16.6288 3
      vertex -11.3243 -22.3143 3
      vertex -18.5636 -16.6279 3
    endloop
  endfacet
  facet normal -0 0 1
    outer loop
      vertex -18.7501 -16.8794 3
      vertex -11.3243 -22.3143 3
      vertex -18.5643 -16.6288 3
    endloop
  endfacet
  facet normal 0 0 1
    outer loop
      vertex -11.3243 -22.3143 3
      vertex -18.7501 -16.8794 3
      vertex -11.3249 -22.3152 3
    endloop
  endfacet
  facet normal 0 0 1
    outer loop
      vertex -11.3249 -22.3152 3
      vertex -18.7501 -16.8794 3
      vertex -11.5108 -22.5657 3
    endloop
  endfacet
  facet normal -0 0 1
    outer loop
      vertex -18.9596 -17.1105 3
      vertex -11.5108 -22.5657 3
      vertex -18.7501 -16.8794 3
    endloop
  endfacet
  facet normal 0 0 1
    outer loop
      vertex -11.5108 -22.5657 3
      vertex -18.9596 -17.1105 3
      vertex -11.5113 -22.5667 3
    endloop
  endfacet
  facet normal -0 0 1
    outer loop
      vertex -18.9603 -17.1113 3
      vertex -11.5113 -22.5667 3
      vertex -18.9596 -17.1105 3
    endloop
  endfacet
  facet normal 0 0 1
    outer loop
      vertex -11.5113 -22.5667 3
      vertex -18.9603 -17.1113 3
      vertex -11.6717 -22.8343 3
    endloop
  endfacet
  facet normal 0 0 1
    outer loop
      vertex -19.349 -23.5768 3
      vertex -11.6717 -22.8343 3
      vertex -18.9603 -17.1113 3
    endloop
  endfacet
  facet normal 0 0 1
    outer loop
      vertex -19.349 -23.5768 3
      vertex -18.9603 -17.1113 3
      vertex -18.9611 -17.1121 3
    endloop
  endfacet
  facet normal 0 0 1
    outer loop
      vertex -19.349 -23.5768 3
      vertex -18.9611 -17.1121 3
      vertex -19.1923 -17.3216 3
    endloop
  endfacet
  facet normal 0 0 1
    outer loop
      vertex -11.6717 -22.8343 3
      vertex -19.349 -23.5768 3
      vertex -16.9449 -25.3598 3
    endloop
  endfacet
  facet normal -0 0 1
    outer loop
      vertex -19.4428 -17.5074 3
      vertex -19.349 -23.5768 3
      vertex -19.1923 -17.3216 3
    endloop
  endfacet
  facet normal -0 0 1
    outer loop
      vertex -19.4437 -17.5081 3
      vertex -19.349 -23.5768 3
      vertex -19.4428 -17.5074 3
    endloop
  endfacet
  facet normal -0 0 1
    outer loop
      vertex -19.7113 -17.6684 3
      vertex -19.349 -23.5768 3
      vertex -19.4437 -17.5081 3
    endloop
  endfacet
  facet normal -0 0 1
    outer loop
      vertex -19.7122 -17.669 3
      vertex -19.349 -23.5768 3
      vertex -19.7113 -17.6684 3
    endloop
  endfacet
  facet normal -0 0 1
    outer loop
      vertex -19.9943 -17.8024 3
      vertex -19.349 -23.5768 3
      vertex -19.7122 -17.669 3
    endloop
  endfacet
  facet normal -0 0 1
    outer loop
      vertex -19.9953 -17.8029 3
      vertex -19.349 -23.5768 3
      vertex -19.9943 -17.8024 3
    endloop
  endfacet
  facet normal 0 0 1
    outer loop
      vertex -21.5668 -21.5668 3
      vertex -19.9953 -17.8029 3
      vertex -20.289 -17.908 3
    endloop
  endfacet
  facet normal 0 0 1
    outer loop
      vertex -21.5668 -21.5668 3
      vertex -20.289 -17.908 3
      vertex -20.29 -17.9083 3
    endloop
  endfacet
  facet normal 0 0 1
    outer loop
      vertex -21.5668 -21.5668 3
      vertex -20.29 -17.9083 3
      vertex -20.5926 -17.9841 3
    endloop
  endfacet
  facet normal 0 0 1
    outer loop
      vertex -21.5668 -21.5668 3
      vertex -20.5926 -17.9841 3
      vertex -20.5937 -17.9844 3
    endloop
  endfacet
  facet normal 0 0 1
    outer loop
      vertex -21.9 -21.1991 3
      vertex -20.5937 -17.9844 3
      vertex -20.5948 -17.9846 3
    endloop
  endfacet
  facet normal 0 0 1
    outer loop
      vertex -21.9 -21.1991 3
      vertex -20.5948 -17.9846 3
      vertex -20.9034 -18.0303 3
    endloop
  endfacet
  facet normal 0 0 1
    outer loop
      vertex -21.9 -21.1991 3
      vertex -20.9034 -18.0303 3
      vertex -21.2149 -18.0456 3
    endloop
  endfacet
  facet normal 0 0 1
    outer loop
      vertex -21.9 -21.1991 3
      vertex -21.2149 -18.0456 3
      vertex -21.216 -18.0457 3
    endloop
  endfacet
  facet normal 0 0 1
    outer loop
      vertex -21.9 -21.1991 3
      vertex -21.216 -18.0457 3
      vertex -21.2171 -18.0456 3
    endloop
  endfacet
  facet normal 0 0 1
    outer loop
      vertex -21.9 -21.1991 3
      vertex -21.2171 -18.0456 3
      vertex -21.5287 -18.0303 3
    endloop
  endfacet
  facet normal 0 0 1
    outer loop
      vertex -19.9953 -17.8029 3
      vertex -21.5668 -21.5668 3
      vertex -19.349 -23.5768 3
    endloop
  endfacet
  facet normal 0 0 1
    outer loop
      vertex -21.9 -21.1991 3
      vertex -21.5287 -18.0303 3
      vertex -21.8373 -17.9846 3
    endloop
  endfacet
  facet normal 0 0 1
    outer loop
      vertex -21.9 -21.1991 3
      vertex -21.8373 -17.9846 3
      vertex -21.8384 -17.9844 3
    endloop
  endfacet
  facet normal 0 0 1
    outer loop
      vertex -21.9 -21.1991 3
      vertex -21.8384 -17.9844 3
      vertex -21.9 -17.969 3
    endloop
  endfacet
  facet normal 0 0 1
    outer loop
      vertex -20.5937 -17.9844 3
      vertex -21.9 -21.1991 3
      vertex -21.5668 -21.5668 3
    endloop
  endfacet
  facet normal -0 0 1
    outer loop
      vertex -5.68362 -24.6507 3
      vertex 0 -30.5 3
      vertex -5.66831 -24.3391 3
    endloop
  endfacet
  facet normal -0 0 1
    outer loop
      vertex -5.72939 -24.9593 3
      vertex 0 -30.5 3
      vertex -5.68362 -24.6507 3
    endloop
  endfacet
  facet normal -0 0 1
    outer loop
      vertex -5.72955 -24.9604 3
      vertex 0 -30.5 3
      vertex -5.72939 -24.9593 3
    endloop
  endfacet
  facet normal 0 0 1
    outer loop
      vertex 0 -30.5 3
      vertex -5.72955 -24.9604 3
      vertex -2.98952 -30.3531 3
    endloop
  endfacet
  facet normal -0 0 1
    outer loop
      vertex -5.72982 -24.9615 3
      vertex -2.98952 -30.3531 3
      vertex -5.72955 -24.9604 3
    endloop
  endfacet
  facet normal -0 0 1
    outer loop
      vertex -5.80562 -25.2641 3
      vertex -2.98952 -30.3531 3
      vertex -5.72982 -24.9615 3
    endloop
  endfacet
  facet normal -0 0 1
    outer loop
      vertex -5.91071 -25.5578 3
      vertex -2.98952 -30.3531 3
      vertex -5.80562 -25.2641 3
    endloop
  endfacet
  facet normal -0 0 1
    outer loop
      vertex -5.91108 -25.5588 3
      vertex -2.98952 -30.3531 3
      vertex -5.91071 -25.5578 3
    endloop
  endfacet
  facet normal -0 0 1
    outer loop
      vertex -6.04446 -25.8408 3
      vertex -2.98952 -30.3531 3
      vertex -5.91108 -25.5588 3
    endloop
  endfacet
  facet normal -0 0 1
    outer loop
      vertex -6.04493 -25.8418 3
      vertex -2.98952 -30.3531 3
      vertex -6.04446 -25.8408 3
    endloop
  endfacet
  facet normal -0 0 1
    outer loop
      vertex -6.0455 -25.8428 3
      vertex -2.98952 -30.3531 3
      vertex -6.04493 -25.8418 3
    endloop
  endfacet
  facet normal -0 0 1
    outer loop
      vertex -6.20588 -26.1103 3
      vertex -2.98952 -30.3531 3
      vertex -6.0455 -25.8428 3
    endloop
  endfacet
  facet normal -0 0 1
    outer loop
      vertex -6.39171 -26.3609 3
      vertex -2.98952 -30.3531 3
      vertex -6.20588 -26.1103 3
    endloop
  endfacet
  facet normal 0 0 1
    outer loop
      vertex -2.98952 -30.3531 3
      vertex -6.39171 -26.3609 3
      vertex -5.95025 -29.914 3
    endloop
  endfacet
  facet normal -0 0 1
    outer loop
      vertex -6.39237 -26.3618 3
      vertex -5.95025 -29.914 3
      vertex -6.39171 -26.3609 3
    endloop
  endfacet
  facet normal -0 0 1
    outer loop
      vertex -6.39311 -26.3626 3
      vertex -5.95025 -29.914 3
      vertex -6.39237 -26.3618 3
    endloop
  endfacet
  facet normal -0 0 1
    outer loop
      vertex -6.6026 -26.5938 3
      vertex -5.95025 -29.914 3
      vertex -6.39311 -26.3626 3
    endloop
  endfacet
  facet normal -0 0 1
    outer loop
      vertex -6.83375 -26.8033 3
      vertex -5.95025 -29.914 3
      vertex -6.6026 -26.5938 3
    endloop
  endfacet
  facet normal -0 0 1
    outer loop
      vertex -6.83456 -26.804 3
      vertex -5.95025 -29.914 3
      vertex -6.83375 -26.8033 3
    endloop
  endfacet
  facet normal -0 0 1
    outer loop
      vertex -6.83545 -26.8047 3
      vertex -5.95025 -29.914 3
      vertex -6.83456 -26.804 3
    endloop
  endfacet
  facet normal -0 0 1
    outer loop
      vertex -7.08602 -26.9905 3
      vertex -5.95025 -29.914 3
      vertex -6.83545 -26.8047 3
    endloop
  endfacet
  facet normal -0 0 1
    outer loop
      vertex -7.35359 -27.1509 3
      vertex -5.95025 -29.914 3
      vertex -7.08602 -26.9905 3
    endloop
  endfacet
  facet normal -0 0 1
    outer loop
      vertex -7.35453 -27.1514 3
      vertex -5.95025 -29.914 3
      vertex -7.35359 -27.1509 3
    endloop
  endfacet
  facet normal -0 0 1
    outer loop
      vertex -7.35553 -27.1519 3
      vertex -5.95025 -29.914 3
      vertex -7.35453 -27.1514 3
    endloop
  endfacet
  facet normal -0 0 1
    outer loop
      vertex -7.63754 -27.2853 3
      vertex -5.95025 -29.914 3
      vertex -7.35553 -27.1519 3
    endloop
  endfacet
  facet normal -0 0 1
    outer loop
      vertex -7.63858 -27.2856 3
      vertex -5.95025 -29.914 3
      vertex -7.63754 -27.2853 3
    endloop
  endfacet
  facet normal -0 0 1
    outer loop
      vertex -7.93229 -27.3907 3
      vertex -5.95025 -29.914 3
      vertex -7.63858 -27.2856 3
    endloop
  endfacet
  facet normal 0 0 1
    outer loop
      vertex -8.85368 -29.1867 3
      vertex -7.93229 -27.3907 3
      vertex -8.2349 -27.4665 3
    endloop
  endfacet
  facet normal 0 0 1
    outer loop
      vertex -8.85368 -29.1867 3
      vertex -8.2349 -27.4665 3
      vertex -8.23597 -27.4668 3
    endloop
  endfacet
  facet normal 0 0 1
    outer loop
      vertex -8.85368 -29.1867 3
      vertex -8.23597 -27.4668 3
      vertex -8.23706 -27.467 3
    endloop
  endfacet
  facet normal 0 0 1
    outer loop
      vertex -8.85368 -29.1867 3
      vertex -8.23706 -27.467 3
      vertex -8.54564 -27.5127 3
    endloop
  endfacet
  facet normal 0 0 1
    outer loop
      vertex -7.93229 -27.3907 3
      vertex -8.85368 -29.1867 3
      vertex -5.95025 -29.914 3
    endloop
  endfacet
  facet normal -0 0 1
    outer loop
      vertex -8.85722 -27.5281 3
      vertex -8.85368 -29.1867 3
      vertex -8.54564 -27.5127 3
    endloop
  endfacet
  facet normal -0 0 1
    outer loop
      vertex -8.85832 -27.5281 3
      vertex -8.85368 -29.1867 3
      vertex -8.85722 -27.5281 3
    endloop
  endfacet
  facet normal -0 0 1
    outer loop
      vertex -8.85942 -27.5281 3
      vertex -8.85368 -29.1867 3
      vertex -8.85832 -27.5281 3
    endloop
  endfacet
  facet normal 0 0 1
    outer loop
      vertex -9.171 -27.5127 3
      vertex -8.85368 -29.1867 3
      vertex -8.85942 -27.5281 3
    endloop
  endfacet
  facet normal 0 0 1
    outer loop
      vertex -9.47958 -27.467 3
      vertex -8.85368 -29.1867 3
      vertex -9.171 -27.5127 3
    endloop
  endfacet
  facet normal 0 0 1
    outer loop
      vertex -9.48067 -27.4668 3
      vertex -8.85368 -29.1867 3
      vertex -9.47958 -27.467 3
    endloop
  endfacet
  facet normal 0 0 1
    outer loop
      vertex -9.48174 -27.4665 3
      vertex -8.85368 -29.1867 3
      vertex -9.48067 -27.4668 3
    endloop
  endfacet
  facet normal 0 0 1
    outer loop
      vertex -9.78435 -27.3907 3
      vertex -8.85368 -29.1867 3
      vertex -9.48174 -27.4665 3
    endloop
  endfacet
  facet normal 0 0 1
    outer loop
      vertex -11.6718 -28.1783 3
      vertex -9.78435 -27.3907 3
      vertex -10.0781 -27.2856 3
    endloop
  endfacet
  facet normal 0 0 1
    outer loop
      vertex -11.6718 -28.1783 3
      vertex -10.0781 -27.2856 3
      vertex -10.0791 -27.2853 3
    endloop
  endfacet
  facet normal 0 0 1
    outer loop
      vertex -11.6718 -28.1783 3
      vertex -10.0791 -27.2853 3
      vertex -10.3611 -27.1519 3
    endloop
  endfacet
  facet normal 0 0 1
    outer loop
      vertex -11.6718 -28.1783 3
      vertex -10.3611 -27.1519 3
      vertex -10.3621 -27.1514 3
    endloop
  endfacet
  facet normal 0 0 1
    outer loop
      vertex -11.6718 -28.1783 3
      vertex -10.3621 -27.1514 3
      vertex -10.3631 -27.1509 3
    endloop
  endfacet
  facet normal 0 0 1
    outer loop
      vertex -11.6718 -28.1783 3
      vertex -10.3631 -27.1509 3
      vertex -10.6306 -26.9905 3
    endloop
  endfacet
  facet normal 0 0 1
    outer loop
      vertex -11.6718 -28.1783 3
      vertex -10.6306 -26.9905 3
      vertex -10.8812 -26.8047 3
    endloop
  endfacet
  facet normal 0 0 1
    outer loop
      vertex -11.6718 -28.1783 3
      vertex -10.8812 -26.8047 3
      vertex -10.8821 -26.804 3
    endloop
  endfacet
  facet normal 0 0 1
    outer loop
      vertex -11.6718 -28.1783 3
      vertex -10.8821 -26.804 3
      vertex -10.8829 -26.8033 3
    endloop
  endfacet
  facet normal 0 0 1
    outer loop
      vertex -11.6718 -28.1783 3
      vertex -10.8829 -26.8033 3
      vertex -11.114 -26.5938 3
    endloop
  endfacet
  facet normal 0 0 1
    outer loop
      vertex -11.6718 -28.1783 3
      vertex -11.114 -26.5938 3
      vertex -11.3235 -26.3626 3
    endloop
  endfacet
  facet normal 0 0 1
    outer loop
      vertex -11.6718 -28.1783 3
      vertex -11.3235 -26.3626 3
      vertex -11.3243 -26.3618 3
    endloop
  endfacet
  facet normal 0 0 1
    outer loop
      vertex -14.3776 -26.8986 3
      vertex -11.5113 -26.1094 3
      vertex -11.6717 -25.8418 3
    endloop
  endfacet
  facet normal 0 0 1
    outer loop
      vertex -9.78435 -27.3907 3
      vertex -11.6718 -28.1783 3
      vertex -8.85368 -29.1867 3
    endloop
  endfacet
  facet normal 0 0 1
    outer loop
      vertex -11.3249 -26.3609 3
      vertex -11.6718 -28.1783 3
      vertex -11.3243 -26.3618 3
    endloop
  endfacet
  facet normal 0 0 1
    outer loop
      vertex -11.5108 -26.1103 3
      vertex -11.6718 -28.1783 3
      vertex -11.3249 -26.3609 3
    endloop
  endfacet
  facet normal 0 0 1
    outer loop
      vertex -11.5113 -26.1094 3
      vertex -14.3776 -26.8986 3
      vertex -11.5108 -26.1103 3
    endloop
  endfacet
  facet normal 0 0 1
    outer loop
      vertex -14.3776 -26.8986 3
      vertex -11.6717 -25.8418 3
      vertex -11.8051 -25.5598 3
    endloop
  endfacet
  facet normal 0 0 1
    outer loop
      vertex -14.3776 -26.8986 3
      vertex -11.8051 -25.5598 3
      vertex -11.8056 -25.5588 3
    endloop
  endfacet
  facet normal 0 0 1
    outer loop
      vertex -14.3776 -26.8986 3
      vertex -11.8056 -25.5588 3
      vertex -11.8059 -25.5578 3
    endloop
  endfacet
  facet normal 0 0 1
    outer loop
      vertex -14.3776 -26.8986 3
      vertex -11.8059 -25.5578 3
      vertex -11.911 -25.2641 3
    endloop
  endfacet
  facet normal 0 0 1
    outer loop
      vertex -14.3776 -26.8986 3
      vertex -11.911 -25.2641 3
      vertex -11.9868 -24.9615 3
    endloop
  endfacet
  facet normal 0 0 1
    outer loop
      vertex -14.3776 -26.8986 3
      vertex -11.9868 -24.9615 3
      vertex -11.9871 -24.9604 3
    endloop
  endfacet
  facet normal 0 0 1
    outer loop
      vertex -14.3776 -26.8986 3
      vertex -11.9871 -24.9604 3
      vertex -11.9873 -24.9593 3
    endloop
  endfacet
  facet normal 0 0 1
    outer loop
      vertex -14.3776 -26.8986 3
      vertex -11.9873 -24.9593 3
      vertex -12.033 -24.6507 3
    endloop
  endfacet
  facet normal 0 0 1
    outer loop
      vertex -11.5108 -26.1103 3
      vertex -14.3776 -26.8986 3
      vertex -11.6718 -28.1783 3
    endloop
  endfacet
  facet normal 0 0 1
    outer loop
      vertex -12.0483 -24.3391 3
      vertex -14.3776 -26.8986 3
      vertex -12.033 -24.6507 3
    endloop
  endfacet
  facet normal 0 0 1
    outer loop
      vertex -12.0484 -24.338 3
      vertex -14.3776 -26.8986 3
      vertex -12.0483 -24.3391 3
    endloop
  endfacet
  facet normal 0 0 1
    outer loop
      vertex -12.0483 -24.3369 3
      vertex -14.3776 -26.8986 3
      vertex -12.0484 -24.338 3
    endloop
  endfacet
  facet normal 0 0 1
    outer loop
      vertex -19.1923 -12.3897 3
      vertex -14.3776 26.8986 3
      vertex -16.9449 25.3598 3
    endloop
  endfacet
  facet normal -0 0 1
    outer loop
      vertex -18.1637 -15.7827 3
      vertex -10.6306 -21.6856 3
      vertex -18.1633 -15.7817 3
    endloop
  endfacet
  facet normal 0 0 1
    outer loop
      vertex -10.8812 -21.8714 3
      vertex -18.2688 -16.0764 3
      vertex -10.8821 -21.8721 3
    endloop
  endfacet
  facet normal 0 0 1
    outer loop
      vertex -11.6717 -22.8343 3
      vertex -16.9449 -25.3598 3
      vertex -14.3776 -26.8986 3
    endloop
  endfacet
  facet normal -0 0 1
    outer loop
      vertex -18.2693 -16.0774 3
      vertex -10.8821 -21.8721 3
      vertex -18.2688 -16.0764 3
    endloop
  endfacet
  facet normal 0 0 1
    outer loop
      vertex -10.6306 -21.6856 3
      vertex -18.2688 -16.0764 3
      vertex -10.8812 -21.8714 3
    endloop
  endfacet
  facet normal -0 0 1
    outer loop
      vertex -18.2688 -16.0764 3
      vertex -10.6306 -21.6856 3
      vertex -18.1637 -15.7827 3
    endloop
  endfacet
  facet normal 0 0 1
    outer loop
      vertex -10.6297 -21.685 3
      vertex -18.1633 -15.7817 3
      vertex -10.6306 -21.6856 3
    endloop
  endfacet
  facet normal 0 0 1
    outer loop
      vertex -10.3621 -21.5247 3
      vertex -18.1633 -15.7817 3
      vertex -10.6297 -21.685 3
    endloop
  endfacet
  facet normal -0 0 1
    outer loop
      vertex -18.1633 -15.7817 3
      vertex -10.3621 -21.5247 3
      vertex -18.0875 -15.4791 3
    endloop
  endfacet
  facet normal -0 0 1
    outer loop
      vertex -18.0875 -15.4791 3
      vertex -10.3621 -21.5247 3
      vertex -18.0873 -15.478 3
    endloop
  endfacet
  facet normal 0 0 1
    outer loop
      vertex -10.0801 -21.3913 3
      vertex -18.0873 -15.478 3
      vertex -10.3621 -21.5247 3
    endloop
  endfacet
  facet normal -0 0 1
    outer loop
      vertex -18.0873 -15.478 3
      vertex -10.0801 -21.3913 3
      vertex -18.0871 -15.4769 3
    endloop
  endfacet
  facet normal 0 0 1
    outer loop
      vertex -14.3776 26.8986 3
      vertex -18.4032 -13.3509 3
      vertex -18.4026 -13.3518 3
    endloop
  endfacet
  facet normal 0 0 1
    outer loop
      vertex -14.3776 26.8986 3
      vertex -18.5636 -13.0833 3
      vertex -18.4032 -13.3509 3
    endloop
  endfacet
  facet normal 0 0 1
    outer loop
      vertex -14.3776 26.8986 3
      vertex -18.7494 -12.8328 3
      vertex -18.5636 -13.0833 3
    endloop
  endfacet
  facet normal 0 0 1
    outer loop
      vertex -14.3776 26.8986 3
      vertex -18.7501 -12.8319 3
      vertex -18.7494 -12.8328 3
    endloop
  endfacet
  facet normal 0 0 1
    outer loop
      vertex -14.3776 26.8986 3
      vertex -18.9596 -12.6007 3
      vertex -18.7501 -12.8319 3
    endloop
  endfacet
  facet normal 0 0 1
    outer loop
      vertex -14.3776 26.8986 3
      vertex -18.9603 -12.5999 3
      vertex -18.9596 -12.6007 3
    endloop
  endfacet
  facet normal 0 0 1
    outer loop
      vertex -14.3776 26.8986 3
      vertex -18.9611 -12.5992 3
      vertex -18.9603 -12.5999 3
    endloop
  endfacet
  facet normal 0 0 1
    outer loop
      vertex -14.3776 26.8986 3
      vertex -19.1923 -12.3897 3
      vertex -18.9611 -12.5992 3
    endloop
  endfacet
  facet normal -0 0 1
    outer loop
      vertex -19.349 23.5768 3
      vertex -19.1923 -12.3897 3
      vertex -16.9449 25.3598 3
    endloop
  endfacet
  facet normal -0 0 1
    outer loop
      vertex -21.9 21.1991 3
      vertex -19.1923 -12.3897 3
      vertex -19.349 23.5768 3
    endloop
  endfacet
  facet normal 0 0 1
    outer loop
      vertex -19.1923 -12.3897 3
      vertex -21.9 21.1991 3
      vertex -19.4428 -12.2038 3
    endloop
  endfacet
  facet normal 0 0 1
    outer loop
      vertex -19.4428 -12.2038 3
      vertex -21.9 21.1991 3
      vertex -19.4437 -12.2032 3
    endloop
  endfacet
  facet normal 0 0 1
    outer loop
      vertex -19.4437 -12.2032 3
      vertex -21.9 21.1991 3
      vertex -19.4447 -12.2026 3
    endloop
  endfacet
  facet normal 0 0 1
    outer loop
      vertex -19.4447 -12.2026 3
      vertex -21.9 21.1991 3
      vertex -19.7122 -12.0422 3
    endloop
  endfacet
  facet normal 0 0 1
    outer loop
      vertex -19.7122 -12.0422 3
      vertex -21.9 21.1991 3
      vertex -19.9943 -11.9089 3
    endloop
  endfacet
  facet normal 0 0 1
    outer loop
      vertex -19.9943 -11.9089 3
      vertex -21.9 21.1991 3
      vertex -19.9953 -11.9084 3
    endloop
  endfacet
  facet normal 0 0 1
    outer loop
      vertex -19.9953 -11.9084 3
      vertex -21.9 21.1991 3
      vertex -19.9963 -11.908 3
    endloop
  endfacet
  facet normal 0 0 1
    outer loop
      vertex -19.9963 -11.908 3
      vertex -21.9 21.1991 3
      vertex -20.29 -11.8029 3
    endloop
  endfacet
  facet normal 0 0 1
    outer loop
      vertex -20.29 -11.8029 3
      vertex -21.9 21.1991 3
      vertex -20.5926 -11.7271 3
    endloop
  endfacet
  facet normal 0 0 1
    outer loop
      vertex -20.5926 -11.7271 3
      vertex -21.9 21.1991 3
      vertex -20.5937 -11.7269 3
    endloop
  endfacet
  facet normal 0 0 1
    outer loop
      vertex -20.5937 -11.7269 3
      vertex -21.9 21.1991 3
      vertex -20.9023 -11.6811 3
    endloop
  endfacet
  facet normal 0 0 1
    outer loop
      vertex -20.9023 -11.6811 3
      vertex -21.9 21.1991 3
      vertex -20.9034 -11.6809 3
    endloop
  endfacet
  facet normal 0 0 1
    outer loop
      vertex -20.9034 -11.6809 3
      vertex -21.9 21.1991 3
      vertex -20.9045 -11.6809 3
    endloop
  endfacet
  facet normal 0 0 1
    outer loop
      vertex -20.9045 -11.6809 3
      vertex -21.9 21.1991 3
      vertex -21.216 -11.6656 3
    endloop
  endfacet
  facet normal 0 0 1
    outer loop
      vertex -21.216 -11.6656 3
      vertex -21.9 21.1991 3
      vertex -21.5276 -11.6809 3
    endloop
  endfacet
  facet normal 0 0 1
    outer loop
      vertex -21.5276 -11.6809 3
      vertex -21.9 21.1991 3
      vertex -21.5287 -11.6809 3
    endloop
  endfacet
  facet normal 0 0 1
    outer loop
      vertex -21.9 21.1991 3
      vertex -19.349 23.5768 3
      vertex -21.5668 21.5668 3
    endloop
  endfacet
  facet normal 0 0 1
    outer loop
      vertex -21.5287 -11.6809 3
      vertex -21.9 21.1991 3
      vertex -21.5298 -11.6811 3
    endloop
  endfacet
  facet normal 0 0 1
    outer loop
      vertex -21.5298 -11.6811 3
      vertex -21.9 21.1991 3
      vertex -21.8384 -11.7269 3
    endloop
  endfacet
  facet normal 0 0 1
    outer loop
      vertex -21.8384 -11.7269 3
      vertex -21.9 21.1991 3
      vertex -21.8395 -11.7271 3
    endloop
  endfacet
  facet normal 0 0 1
    outer loop
      vertex -21.8395 -11.7271 3
      vertex -21.9 21.1991 3
      vertex -21.9 -11.7423 3
    endloop
  endfacet
  facet normal -0 0 1
    outer loop
      vertex 12.0483 -24.3391 3
      vertex 14.3776 -26.8986 3
      vertex 12.0484 -24.338 3
    endloop
  endfacet
  facet normal -0 0 1
    outer loop
      vertex 12.033 -24.6507 3
      vertex 14.3776 -26.8986 3
      vertex 12.0483 -24.3391 3
    endloop
  endfacet
  facet normal -0 0 1
    outer loop
      vertex 11.9873 -24.9593 3
      vertex 14.3776 -26.8986 3
      vertex 12.033 -24.6507 3
    endloop
  endfacet
  facet normal -0 0 1
    outer loop
      vertex 11.9871 -24.9604 3
      vertex 14.3776 -26.8986 3
      vertex 11.9873 -24.9593 3
    endloop
  endfacet
  facet normal -0 0 1
    outer loop
      vertex 11.9868 -24.9615 3
      vertex 14.3776 -26.8986 3
      vertex 11.9871 -24.9604 3
    endloop
  endfacet
  facet normal -0 0 1
    outer loop
      vertex 11.911 -25.2641 3
      vertex 14.3776 -26.8986 3
      vertex 11.9868 -24.9615 3
    endloop
  endfacet
  facet normal -0 0 1
    outer loop
      vertex 11.8059 -25.5578 3
      vertex 14.3776 -26.8986 3
      vertex 11.911 -25.2641 3
    endloop
  endfacet
  facet normal -0 0 1
    outer loop
      vertex 11.8056 -25.5588 3
      vertex 14.3776 -26.8986 3
      vertex 11.8059 -25.5578 3
    endloop
  endfacet
  facet normal -0 0 1
    outer loop
      vertex 11.8051 -25.5598 3
      vertex 14.3776 -26.8986 3
      vertex 11.8056 -25.5588 3
    endloop
  endfacet
  facet normal -0 0 1
    outer loop
      vertex 11.6717 -25.8418 3
      vertex 14.3776 -26.8986 3
      vertex 11.8051 -25.5598 3
    endloop
  endfacet
  facet normal -0 0 1
    outer loop
      vertex 11.5113 -26.1094 3
      vertex 14.3776 -26.8986 3
      vertex 11.6717 -25.8418 3
    endloop
  endfacet
  facet normal -0 0 1
    outer loop
      vertex 11.5108 -26.1103 3
      vertex 14.3776 -26.8986 3
      vertex 11.5113 -26.1094 3
    endloop
  endfacet
  facet normal 0 0 1
    outer loop
      vertex 14.3776 -26.8986 3
      vertex 11.5108 -26.1103 3
      vertex 11.6718 -28.1783 3
    endloop
  endfacet
  facet normal -0 0 1
    outer loop
      vertex 11.3249 -26.3609 3
      vertex 11.6718 -28.1783 3
      vertex 11.5108 -26.1103 3
    endloop
  endfacet
  facet normal -0 0 1
    outer loop
      vertex 11.3243 -26.3618 3
      vertex 11.6718 -28.1783 3
      vertex 11.3249 -26.3609 3
    endloop
  endfacet
  facet normal -0 0 1
    outer loop
      vertex 11.3235 -26.3626 3
      vertex 11.6718 -28.1783 3
      vertex 11.3243 -26.3618 3
    endloop
  endfacet
  facet normal -0 0 1
    outer loop
      vertex 11.114 -26.5938 3
      vertex 11.6718 -28.1783 3
      vertex 11.3235 -26.3626 3
    endloop
  endfacet
  facet normal -0 0 1
    outer loop
      vertex 10.8829 -26.8033 3
      vertex 11.6718 -28.1783 3
      vertex 11.114 -26.5938 3
    endloop
  endfacet
  facet normal -0 0 1
    outer loop
      vertex 10.8821 -26.804 3
      vertex 11.6718 -28.1783 3
      vertex 10.8829 -26.8033 3
    endloop
  endfacet
  facet normal -0 0 1
    outer loop
      vertex 10.8812 -26.8047 3
      vertex 11.6718 -28.1783 3
      vertex 10.8821 -26.804 3
    endloop
  endfacet
  facet normal -0 0 1
    outer loop
      vertex 10.6306 -26.9905 3
      vertex 11.6718 -28.1783 3
      vertex 10.8812 -26.8047 3
    endloop
  endfacet
  facet normal -0 0 1
    outer loop
      vertex 10.3631 -27.1509 3
      vertex 11.6718 -28.1783 3
      vertex 10.6306 -26.9905 3
    endloop
  endfacet
  facet normal -0 0 1
    outer loop
      vertex 10.3621 -27.1514 3
      vertex 11.6718 -28.1783 3
      vertex 10.3631 -27.1509 3
    endloop
  endfacet
  facet normal -0 0 1
    outer loop
      vertex 10.3611 -27.1519 3
      vertex 11.6718 -28.1783 3
      vertex 10.3621 -27.1514 3
    endloop
  endfacet
  facet normal -0 0 1
    outer loop
      vertex 10.0791 -27.2853 3
      vertex 11.6718 -28.1783 3
      vertex 10.3611 -27.1519 3
    endloop
  endfacet
  facet normal -0 0 1
    outer loop
      vertex 10.0781 -27.2856 3
      vertex 11.6718 -28.1783 3
      vertex 10.0791 -27.2853 3
    endloop
  endfacet
  facet normal -0 0 1
    outer loop
      vertex 9.78435 -27.3907 3
      vertex 11.6718 -28.1783 3
      vertex 10.0781 -27.2856 3
    endloop
  endfacet
  facet normal 0 0 1
    outer loop
      vertex 8.85368 -29.1867 3
      vertex 9.78435 -27.3907 3
      vertex 9.48174 -27.4665 3
    endloop
  endfacet
  facet normal 0 0 1
    outer loop
      vertex 8.85368 -29.1867 3
      vertex 9.48174 -27.4665 3
      vertex 9.48067 -27.4668 3
    endloop
  endfacet
  facet normal 0 0 1
    outer loop
      vertex 8.85368 -29.1867 3
      vertex 9.48067 -27.4668 3
      vertex 9.47958 -27.467 3
    endloop
  endfacet
  facet normal 0 0 1
    outer loop
      vertex 8.85368 -29.1867 3
      vertex 9.47958 -27.467 3
      vertex 9.171 -27.5127 3
    endloop
  endfacet
  facet normal 0 0 1
    outer loop
      vertex 8.85368 -29.1867 3
      vertex 9.171 -27.5127 3
      vertex 8.85942 -27.5281 3
    endloop
  endfacet
  facet normal 0 0 1
    outer loop
      vertex 8.85368 -29.1867 3
      vertex 8.85942 -27.5281 3
      vertex 8.85832 -27.5281 3
    endloop
  endfacet
  facet normal 0 0 1
    outer loop
      vertex 8.85368 -29.1867 3
      vertex 8.85832 -27.5281 3
      vertex 8.85722 -27.5281 3
    endloop
  endfacet
  facet normal 0 0 1
    outer loop
      vertex 9.78435 -27.3907 3
      vertex 8.85368 -29.1867 3
      vertex 11.6718 -28.1783 3
    endloop
  endfacet
  facet normal 0 0 1
    outer loop
      vertex 8.54564 -27.5127 3
      vertex 8.85368 -29.1867 3
      vertex 8.85722 -27.5281 3
    endloop
  endfacet
  facet normal 0 0 1
    outer loop
      vertex 8.23706 -27.467 3
      vertex 8.85368 -29.1867 3
      vertex 8.54564 -27.5127 3
    endloop
  endfacet
  facet normal 0 0 1
    outer loop
      vertex 8.23597 -27.4668 3
      vertex 8.85368 -29.1867 3
      vertex 8.23706 -27.467 3
    endloop
  endfacet
  facet normal 0 0 1
    outer loop
      vertex 8.2349 -27.4665 3
      vertex 8.85368 -29.1867 3
      vertex 8.23597 -27.4668 3
    endloop
  endfacet
  facet normal 0 0 1
    outer loop
      vertex 7.93229 -27.3907 3
      vertex 8.85368 -29.1867 3
      vertex 8.2349 -27.4665 3
    endloop
  endfacet
  facet normal 0 0 1
    outer loop
      vertex 7.63858 -27.2856 3
      vertex 8.85368 -29.1867 3
      vertex 7.93229 -27.3907 3
    endloop
  endfacet
  facet normal 0 0 1
    outer loop
      vertex 5.95025 -29.914 3
      vertex 7.63858 -27.2856 3
      vertex 7.63754 -27.2853 3
    endloop
  endfacet
  facet normal 0 0 1
    outer loop
      vertex 5.95025 -29.914 3
      vertex 7.63754 -27.2853 3
      vertex 7.35553 -27.1519 3
    endloop
  endfacet
  facet normal 0 0 1
    outer loop
      vertex 5.95025 -29.914 3
      vertex 7.35553 -27.1519 3
      vertex 7.35453 -27.1514 3
    endloop
  endfacet
  facet normal 0 0 1
    outer loop
      vertex 5.95025 -29.914 3
      vertex 7.35453 -27.1514 3
      vertex 7.35359 -27.1509 3
    endloop
  endfacet
  facet normal 0 0 1
    outer loop
      vertex 5.95025 -29.914 3
      vertex 7.35359 -27.1509 3
      vertex 7.08602 -26.9905 3
    endloop
  endfacet
  facet normal 0 0 1
    outer loop
      vertex 5.95025 -29.914 3
      vertex 7.08602 -26.9905 3
      vertex 6.83545 -26.8047 3
    endloop
  endfacet
  facet normal 0 0 1
    outer loop
      vertex 5.95025 -29.914 3
      vertex 6.83545 -26.8047 3
      vertex 6.83456 -26.804 3
    endloop
  endfacet
  facet normal 0 0 1
    outer loop
      vertex 5.95025 -29.914 3
      vertex 6.83456 -26.804 3
      vertex 6.83375 -26.8033 3
    endloop
  endfacet
  facet normal 0 0 1
    outer loop
      vertex 5.95025 -29.914 3
      vertex 6.83375 -26.8033 3
      vertex 6.6026 -26.5938 3
    endloop
  endfacet
  facet normal 0 0 1
    outer loop
      vertex 5.95025 -29.914 3
      vertex 6.6026 -26.5938 3
      vertex 6.39311 -26.3626 3
    endloop
  endfacet
  facet normal 0 0 1
    outer loop
      vertex 5.95025 -29.914 3
      vertex 6.39311 -26.3626 3
      vertex 6.39237 -26.3618 3
    endloop
  endfacet
  facet normal 0 0 1
    outer loop
      vertex 2.98952 -30.3531 3
      vertex 6.0455 -25.8428 3
      vertex 6.04493 -25.8418 3
    endloop
  endfacet
  facet normal 0 0 1
    outer loop
      vertex 7.63858 -27.2856 3
      vertex 5.95025 -29.914 3
      vertex 8.85368 -29.1867 3
    endloop
  endfacet
  facet normal 0 0 1
    outer loop
      vertex 6.39171 -26.3609 3
      vertex 5.95025 -29.914 3
      vertex 6.39237 -26.3618 3
    endloop
  endfacet
  facet normal 0 0 1
    outer loop
      vertex 2.98952 -30.3531 3
      vertex 6.39171 -26.3609 3
      vertex 6.20588 -26.1103 3
    endloop
  endfacet
  facet normal 0 0 1
    outer loop
      vertex 6.0455 -25.8428 3
      vertex 2.98952 -30.3531 3
      vertex 6.20588 -26.1103 3
    endloop
  endfacet
  facet normal 0 0 1
    outer loop
      vertex 2.98952 -30.3531 3
      vertex 6.04493 -25.8418 3
      vertex 6.04446 -25.8408 3
    endloop
  endfacet
  facet normal 0 0 1
    outer loop
      vertex 2.98952 -30.3531 3
      vertex 6.04446 -25.8408 3
      vertex 5.91108 -25.5588 3
    endloop
  endfacet
  facet normal 0 0 1
    outer loop
      vertex 2.98952 -30.3531 3
      vertex 5.91108 -25.5588 3
      vertex 5.91071 -25.5578 3
    endloop
  endfacet
  facet normal 0 0 1
    outer loop
      vertex 2.98952 -30.3531 3
      vertex 5.91071 -25.5578 3
      vertex 5.80562 -25.2641 3
    endloop
  endfacet
  facet normal 0 0 1
    outer loop
      vertex 2.98952 -30.3531 3
      vertex 5.80562 -25.2641 3
      vertex 5.72982 -24.9615 3
    endloop
  endfacet
  facet normal 0 0 1
    outer loop
      vertex 2.98952 -30.3531 3
      vertex 5.72982 -24.9615 3
      vertex 5.72955 -24.9604 3
    endloop
  endfacet
  facet normal 0 0 1
    outer loop
      vertex 0 -30.5 3
      vertex 5.72955 -24.9604 3
      vertex 5.72939 -24.9593 3
    endloop
  endfacet
  facet normal 0 0 1
    outer loop
      vertex 0 -30.5 3
      vertex 5.72939 -24.9593 3
      vertex 5.68362 -24.6507 3
    endloop
  endfacet
  facet normal -0 0 1
    outer loop
      vertex -5.66825 -24.338 3
      vertex 5.66831 -24.3391 3
      vertex 5.66825 -24.338 3
    endloop
  endfacet
  facet normal 0 0 1
    outer loop
      vertex 6.39171 -26.3609 3
      vertex 2.98952 -30.3531 3
      vertex 5.95025 -29.914 3
    endloop
  endfacet
  facet normal 0 0 1
    outer loop
      vertex 5.66831 -24.3391 3
      vertex 0 -30.5 3
      vertex 5.68362 -24.6507 3
    endloop
  endfacet
  facet normal 0 -0 1
    outer loop
      vertex -6.0455 -22.8333 3
      vertex 6.0455 -22.8333 3
      vertex -6.20588 -22.5657 3
    endloop
  endfacet
  facet normal 0 0 1
    outer loop
      vertex 18.7494 -12.8328 3
      vertex -18.4026 -13.3518 3
      vertex 18.5636 -13.0833 3
    endloop
  endfacet
  facet normal 0 0 1
    outer loop
      vertex 5.91071 -23.1183 3
      vertex -5.91071 -23.1183 3
      vertex 5.80562 -23.412 3
    endloop
  endfacet
  facet normal 0 0 1
    outer loop
      vertex -18.4026 -13.3518 3
      vertex 0 30.5 3
      vertex -2.98952 30.3531 3
    endloop
  endfacet
  facet normal 0 -0 1
    outer loop
      vertex -5.72982 -23.7146 3
      vertex 5.72982 -23.7146 3
      vertex -5.80562 -23.412 3
    endloop
  endfacet
  facet normal 0 0 1
    outer loop
      vertex 5.68362 -24.0254 3
      vertex -5.68362 -24.0254 3
      vertex 5.66831 -24.3369 3
    endloop
  endfacet
  facet normal 0 0 1
    outer loop
      vertex 5.66831 -24.3391 3
      vertex -5.66831 -24.3391 3
      vertex 0 -30.5 3
    endloop
  endfacet
  facet normal 0 0 1
    outer loop
      vertex -5.66831 -24.3391 3
      vertex 5.66831 -24.3391 3
      vertex -5.66825 -24.338 3
    endloop
  endfacet
  facet normal 0 -0 1
    outer loop
      vertex -5.66825 -24.338 3
      vertex 5.66825 -24.338 3
      vertex -5.66831 -24.3369 3
    endloop
  endfacet
  facet normal 0 0 1
    outer loop
      vertex 5.72955 -24.9604 3
      vertex 0 -30.5 3
      vertex 2.98952 -30.3531 3
    endloop
  endfacet
  facet normal 0 0 1
    outer loop
      vertex 5.66831 -24.3369 3
      vertex -5.66831 -24.3369 3
      vertex 5.66825 -24.338 3
    endloop
  endfacet
  facet normal 0 -0 1
    outer loop
      vertex -5.66831 -24.3369 3
      vertex 5.66831 -24.3369 3
      vertex -5.68362 -24.0254 3
    endloop
  endfacet
  facet normal 0 -0 1
    outer loop
      vertex -5.68362 -24.0254 3
      vertex 5.68362 -24.0254 3
      vertex -5.72939 -23.7168 3
    endloop
  endfacet
  facet normal 0 0 1
    outer loop
      vertex 5.72939 -23.7168 3
      vertex -5.72939 -23.7168 3
      vertex 5.68362 -24.0254 3
    endloop
  endfacet
  facet normal 0 0 1
    outer loop
      vertex -18.4026 -13.3518 3
      vertex -2.98952 30.3531 3
      vertex -5.95025 29.914 3
    endloop
  endfacet
  facet normal 0 -0 1
    outer loop
      vertex -5.72939 -23.7168 3
      vertex 5.72939 -23.7168 3
      vertex -5.72955 -23.7157 3
    endloop
  endfacet
  facet normal 0 0 1
    outer loop
      vertex 5.72955 -23.7157 3
      vertex -5.72955 -23.7157 3
      vertex 5.72939 -23.7168 3
    endloop
  endfacet
  facet normal 0 -0 1
    outer loop
      vertex -5.72955 -23.7157 3
      vertex 5.72955 -23.7157 3
      vertex -5.72982 -23.7146 3
    endloop
  endfacet
  facet normal 0 0 1
    outer loop
      vertex 5.72982 -23.7146 3
      vertex -5.72982 -23.7146 3
      vertex 5.72955 -23.7157 3
    endloop
  endfacet
  facet normal 0 0 1
    outer loop
      vertex 5.80562 -23.412 3
      vertex -5.80562 -23.412 3
      vertex 5.72982 -23.7146 3
    endloop
  endfacet
  facet normal 0 -0 1
    outer loop
      vertex -5.80562 -23.412 3
      vertex 5.80562 -23.412 3
      vertex -5.91071 -23.1183 3
    endloop
  endfacet
  facet normal 0 -0 1
    outer loop
      vertex -5.91071 -23.1183 3
      vertex 5.91071 -23.1183 3
      vertex -5.91108 -23.1173 3
    endloop
  endfacet
  facet normal 0 0 1
    outer loop
      vertex 5.91108 -23.1173 3
      vertex -5.91108 -23.1173 3
      vertex 5.91071 -23.1183 3
    endloop
  endfacet
  facet normal 0 -0 1
    outer loop
      vertex -5.91108 -23.1173 3
      vertex 5.91108 -23.1173 3
      vertex -6.04446 -22.8353 3
    endloop
  endfacet
  facet normal 0 0 1
    outer loop
      vertex 6.04446 -22.8353 3
      vertex -6.04446 -22.8353 3
      vertex 5.91108 -23.1173 3
    endloop
  endfacet
  facet normal 0 -0 1
    outer loop
      vertex -6.04446 -22.8353 3
      vertex 6.04446 -22.8353 3
      vertex -6.04493 -22.8343 3
    endloop
  endfacet
  facet normal 0 0 1
    outer loop
      vertex 6.04493 -22.8343 3
      vertex -6.04493 -22.8343 3
      vertex 6.04446 -22.8353 3
    endloop
  endfacet
  facet normal 0 -0 1
    outer loop
      vertex -6.04493 -22.8343 3
      vertex 6.04493 -22.8343 3
      vertex -6.0455 -22.8333 3
    endloop
  endfacet
  facet normal 0 0 1
    outer loop
      vertex 6.0455 -22.8333 3
      vertex -6.0455 -22.8333 3
      vertex 6.04493 -22.8343 3
    endloop
  endfacet
  facet normal 0 0 1
    outer loop
      vertex 6.39171 -22.3152 3
      vertex -6.39171 -22.3152 3
      vertex 6.20588 -22.5657 3
    endloop
  endfacet
  facet normal 0 -0 1
    outer loop
      vertex -6.39171 -22.3152 3
      vertex 6.39171 -22.3152 3
      vertex -6.39237 -22.3143 3
    endloop
  endfacet
  facet normal 0 0 1
    outer loop
      vertex 6.83375 -21.8728 3
      vertex -6.83375 -21.8728 3
      vertex 6.6026 -22.0823 3
    endloop
  endfacet
  facet normal 0 0 1
    outer loop
      vertex -7.63754 -21.3908 3
      vertex -18.4026 -13.3518 3
      vertex -7.63858 -21.3904 3
    endloop
  endfacet
  facet normal 0 0 1
    outer loop
      vertex -18.4026 -13.3518 3
      vertex -5.95025 29.914 3
      vertex -8.85368 29.1867 3
    endloop
  endfacet
  facet normal 0 0 1
    outer loop
      vertex -18.4026 -13.3518 3
      vertex -8.85368 29.1867 3
      vertex -11.6718 28.1783 3
    endloop
  endfacet
  facet normal 0 0 1
    outer loop
      vertex -7.63858 -21.3904 3
      vertex -18.4026 -13.3518 3
      vertex -7.93229 -21.2853 3
    endloop
  endfacet
  facet normal 0 0 1
    outer loop
      vertex -7.93229 -21.2853 3
      vertex -18.4026 -13.3518 3
      vertex -8.2349 -21.2095 3
    endloop
  endfacet
  facet normal 0 0 1
    outer loop
      vertex -18.4026 -13.3518 3
      vertex -11.6718 28.1783 3
      vertex -14.3776 26.8986 3
    endloop
  endfacet
  facet normal 0 0 1
    outer loop
      vertex -8.2349 -21.2095 3
      vertex -18.4026 -13.3518 3
      vertex -8.23597 -21.2093 3
    endloop
  endfacet
  facet normal -0 -0 1
    outer loop
      vertex -18.2693 -13.6338 3
      vertex -8.23597 -21.2093 3
      vertex -18.4026 -13.3518 3
    endloop
  endfacet
  facet normal -0 -0 1
    outer loop
      vertex -18.2688 -13.6348 3
      vertex -8.23597 -21.2093 3
      vertex -18.2693 -13.6338 3
    endloop
  endfacet
  facet normal 0 0 1
    outer loop
      vertex -8.23597 -21.2093 3
      vertex -18.2688 -13.6348 3
      vertex -8.23706 -21.2091 3
    endloop
  endfacet
  facet normal 0 0 1
    outer loop
      vertex -8.23706 -21.2091 3
      vertex -18.2688 -13.6348 3
      vertex -8.54564 -21.1633 3
    endloop
  endfacet
  facet normal -0 -0 1
    outer loop
      vertex -18.1637 -13.9286 3
      vertex -8.54564 -21.1633 3
      vertex -18.2688 -13.6348 3
    endloop
  endfacet
  facet normal -0 -0 1
    outer loop
      vertex -18.1633 -13.9296 3
      vertex -8.54564 -21.1633 3
      vertex -18.1637 -13.9286 3
    endloop
  endfacet
  facet normal 0 0 1
    outer loop
      vertex -8.54564 -21.1633 3
      vertex -18.1633 -13.9296 3
      vertex -8.85722 -21.148 3
    endloop
  endfacet
  facet normal 0 0 1
    outer loop
      vertex -8.85722 -21.148 3
      vertex -18.1633 -13.9296 3
      vertex -8.85832 -21.148 3
    endloop
  endfacet
  facet normal -0 -0 1
    outer loop
      vertex -18.1631 -13.9307 3
      vertex -8.85832 -21.148 3
      vertex -18.1633 -13.9296 3
    endloop
  endfacet
  facet normal -0 -0 1
    outer loop
      vertex -18.0873 -14.2333 3
      vertex -8.85832 -21.148 3
      vertex -18.1631 -13.9307 3
    endloop
  endfacet
  facet normal 0 0 1
    outer loop
      vertex -8.85832 -21.148 3
      vertex -18.0873 -14.2333 3
      vertex -8.85942 -21.148 3
    endloop
  endfacet
  facet normal 0 0 1
    outer loop
      vertex -8.85942 -21.148 3
      vertex -18.0873 -14.2333 3
      vertex -9.171 -21.1633 3
    endloop
  endfacet
  facet normal -0 -0 1
    outer loop
      vertex -18.0871 -14.2344 3
      vertex -9.171 -21.1633 3
      vertex -18.0873 -14.2333 3
    endloop
  endfacet
  facet normal -0 -0 1
    outer loop
      vertex -18.0413 -14.5429 3
      vertex -9.171 -21.1633 3
      vertex -18.0871 -14.2344 3
    endloop
  endfacet
  facet normal 0 0 1
    outer loop
      vertex -9.171 -21.1633 3
      vertex -18.0413 -14.5429 3
      vertex -9.47958 -21.2091 3
    endloop
  endfacet
  facet normal 0 0 1
    outer loop
      vertex -9.47958 -21.2091 3
      vertex -18.0413 -14.5429 3
      vertex -9.48067 -21.2093 3
    endloop
  endfacet
  facet normal -0 -0 1
    outer loop
      vertex -18.026 -14.8545 3
      vertex -9.48067 -21.2093 3
      vertex -18.0413 -14.5429 3
    endloop
  endfacet
  facet normal 0 0 1
    outer loop
      vertex -9.48067 -21.2093 3
      vertex -18.026 -14.8545 3
      vertex -9.48174 -21.2095 3
    endloop
  endfacet
  facet normal -0 0 1
    outer loop
      vertex -18.026 -14.8556 3
      vertex -9.48174 -21.2095 3
      vertex -18.026 -14.8545 3
    endloop
  endfacet
  facet normal 0 0 1
    outer loop
      vertex -9.48174 -21.2095 3
      vertex -18.026 -14.8556 3
      vertex -9.78435 -21.2853 3
    endloop
  endfacet
  facet normal -0 0 1
    outer loop
      vertex -18.026 -14.8567 3
      vertex -9.78435 -21.2853 3
      vertex -18.026 -14.8556 3
    endloop
  endfacet
  facet normal -0 0 1
    outer loop
      vertex -18.0413 -15.1683 3
      vertex -9.78435 -21.2853 3
      vertex -18.026 -14.8567 3
    endloop
  endfacet
  facet normal 0 0 1
    outer loop
      vertex -9.78435 -21.2853 3
      vertex -18.0413 -15.1683 3
      vertex -10.0781 -21.3904 3
    endloop
  endfacet
  facet normal 0 0 1
    outer loop
      vertex -10.0781 -21.3904 3
      vertex -18.0413 -15.1683 3
      vertex -10.0791 -21.3908 3
    endloop
  endfacet
  facet normal -0 0 1
    outer loop
      vertex -18.0871 -15.4769 3
      vertex -10.0791 -21.3908 3
      vertex -18.0413 -15.1683 3
    endloop
  endfacet
  facet normal 0 0 1
    outer loop
      vertex -10.0791 -21.3908 3
      vertex -18.0871 -15.4769 3
      vertex -10.0801 -21.3913 3
    endloop
  endfacet
  facet normal 0 0 1
    outer loop
      vertex -11.6717 -22.8343 3
      vertex -14.3776 -26.8986 3
      vertex -11.8051 -23.1163 3
    endloop
  endfacet
  facet normal 0 0 1
    outer loop
      vertex -11.8051 -23.1163 3
      vertex -14.3776 -26.8986 3
      vertex -11.8056 -23.1173 3
    endloop
  endfacet
  facet normal 0 0 1
    outer loop
      vertex -11.8056 -23.1173 3
      vertex -14.3776 -26.8986 3
      vertex -11.8059 -23.1183 3
    endloop
  endfacet
  facet normal 0 0 1
    outer loop
      vertex -11.8059 -23.1183 3
      vertex -14.3776 -26.8986 3
      vertex -11.911 -23.412 3
    endloop
  endfacet
  facet normal 0 0 1
    outer loop
      vertex -11.911 -23.412 3
      vertex -14.3776 -26.8986 3
      vertex -11.9868 -23.7146 3
    endloop
  endfacet
  facet normal 0 0 1
    outer loop
      vertex -11.9868 -23.7146 3
      vertex -14.3776 -26.8986 3
      vertex -11.9871 -23.7157 3
    endloop
  endfacet
  facet normal 0 0 1
    outer loop
      vertex -11.9871 -23.7157 3
      vertex -14.3776 -26.8986 3
      vertex -11.9873 -23.7168 3
    endloop
  endfacet
  facet normal 0 0 1
    outer loop
      vertex -11.9873 -23.7168 3
      vertex -14.3776 -26.8986 3
      vertex -12.033 -24.0254 3
    endloop
  endfacet
  facet normal 0 0 1
    outer loop
      vertex -12.033 -24.0254 3
      vertex -14.3776 -26.8986 3
      vertex -12.0483 -24.3369 3
    endloop
  endfacet
  facet normal 0 0 1
    outer loop
      vertex 30.3531 2.98952 3
      vertex 30.3531 -2.98952 3
      vertex 30.5 0 3
    endloop
  endfacet
  facet normal 0 0 1
    outer loop
      vertex 29.914 5.95025 3
      vertex 30.3531 -2.98952 3
      vertex 30.3531 2.98952 3
    endloop
  endfacet
  facet normal 0 0 1
    outer loop
      vertex 29.914 5.95025 3
      vertex 29.914 -5.95025 3
      vertex 30.3531 -2.98952 3
    endloop
  endfacet
  facet normal 0 0 1
    outer loop
      vertex 29.1867 8.85368 3
      vertex 29.914 -5.95025 3
      vertex 29.914 5.95025 3
    endloop
  endfacet
  facet normal 0 0 1
    outer loop
      vertex 29.1867 8.85368 3
      vertex 29.1867 -8.85368 3
      vertex 29.914 -5.95025 3
    endloop
  endfacet
  facet normal 0 0 1
    outer loop
      vertex 28.1783 11.6718 3
      vertex 29.1867 -8.85368 3
      vertex 29.1867 8.85368 3
    endloop
  endfacet
  facet normal 0 0 1
    outer loop
      vertex 28.1783 11.6718 3
      vertex 28.1783 -11.6718 3
      vertex 29.1867 -8.85368 3
    endloop
  endfacet
  facet normal 0 0 1
    outer loop
      vertex 25.9 16.0437 3
      vertex 28.1783 11.6718 3
      vertex 26.8986 14.3776 3
    endloop
  endfacet
  facet normal 0 0 1
    outer loop
      vertex 28.1783 11.6718 3
      vertex 25.9 16.0437 3
      vertex 28.1783 -11.6718 3
    endloop
  endfacet
  facet normal 0 0 1
    outer loop
      vertex 25.9 -16.0437 3
      vertex 28.1783 -11.6718 3
      vertex 25.9 16.0437 3
    endloop
  endfacet
  facet normal 0 0 1
    outer loop
      vertex 28.1783 -11.6718 3
      vertex 25.9 -16.0437 3
      vertex 26.8986 -14.3776 3
    endloop
  endfacet
  facet normal 0 0 1
    outer loop
      vertex -28.1783 11.6718 3
      vertex -25.9 16.0437 3
      vertex -26.8986 14.3776 3
    endloop
  endfacet
  facet normal 0 0 1
    outer loop
      vertex -25.9 16.0437 3
      vertex -28.1783 11.6718 3
      vertex -25.9 -16.0437 3
    endloop
  endfacet
  facet normal -0 0 1
    outer loop
      vertex -28.1783 -11.6718 3
      vertex -25.9 -16.0437 3
      vertex -28.1783 11.6718 3
    endloop
  endfacet
  facet normal 0 0 1
    outer loop
      vertex -25.9 -16.0437 3
      vertex -28.1783 -11.6718 3
      vertex -26.8986 -14.3776 3
    endloop
  endfacet
  facet normal -0 0 1
    outer loop
      vertex -29.1867 8.85368 3
      vertex -28.1783 -11.6718 3
      vertex -28.1783 11.6718 3
    endloop
  endfacet
  facet normal 0 0 1
    outer loop
      vertex -29.1867 8.85368 3
      vertex -29.1867 -8.85368 3
      vertex -28.1783 -11.6718 3
    endloop
  endfacet
  facet normal -0 0 1
    outer loop
      vertex -29.914 5.95025 3
      vertex -29.1867 -8.85368 3
      vertex -29.1867 8.85368 3
    endloop
  endfacet
  facet normal 0 0 1
    outer loop
      vertex -29.914 5.95025 3
      vertex -29.914 -5.95025 3
      vertex -29.1867 -8.85368 3
    endloop
  endfacet
  facet normal -0 0 1
    outer loop
      vertex -30.3531 2.98952 3
      vertex -29.914 -5.95025 3
      vertex -29.914 5.95025 3
    endloop
  endfacet
  facet normal 0 0 1
    outer loop
      vertex -30.3531 2.98952 3
      vertex -30.3531 -2.98952 3
      vertex -29.914 -5.95025 3
    endloop
  endfacet
  facet normal 0 -0 1
    outer loop
      vertex -30.3531 -2.98952 3
      vertex -30.3531 2.98952 3
      vertex -30.5 0 3
    endloop
  endfacet
  facet normal -0.989181 0.146703 0
    outer loop
      vertex 29.914 -5.95025 3
      vertex 30.3531 -2.98952 18
      vertex 30.3531 -2.98952 3
    endloop
  endfacet
  facet normal -0.989181 0.146703 0
    outer loop
      vertex 30.3531 -2.98952 18
      vertex 29.914 -5.95025 3
      vertex 29.914 -5.95025 18
    endloop
  endfacet
  facet normal 0.427542 -0.903996 0
    outer loop
      vertex -14.3776 26.8986 3
      vertex -11.6718 28.1783 18
      vertex -14.3776 26.8986 18
    endloop
  endfacet
  facet normal 0.427542 -0.903996 0
    outer loop
      vertex -11.6718 28.1783 18
      vertex -14.3776 26.8986 3
      vertex -11.6718 28.1783 3
    endloop
  endfacet
  facet normal 0.941538 0.336908 0
    outer loop
      vertex -28.1783 -11.6718 18
      vertex -29.1867 -8.85368 3
      vertex -29.1867 -8.85368 18
    endloop
  endfacet
  facet normal 0.941538 0.336908 0
    outer loop
      vertex -29.1867 -8.85368 3
      vertex -28.1783 -11.6718 18
      vertex -28.1783 -11.6718 3
    endloop
  endfacet
  facet normal 0.242989 -0.970029 0
    outer loop
      vertex -8.85368 29.1867 3
      vertex -5.95025 29.914 18
      vertex -8.85368 29.1867 18
    endloop
  endfacet
  facet normal 0.242989 -0.970029 0
    outer loop
      vertex -5.95025 29.914 18
      vertex -8.85368 29.1867 3
      vertex -5.95025 29.914 3
    endloop
  endfacet
  facet normal 0.595699 0.803208 -0
    outer loop
      vertex -16.9449 -25.3598 3
      vertex -19.349 -23.5768 18
      vertex -16.9449 -25.3598 18
    endloop
  endfacet
  facet normal 0.595699 0.803208 0
    outer loop
      vertex -19.349 -23.5768 18
      vertex -16.9449 -25.3598 3
      vertex -19.349 -23.5768 3
    endloop
  endfacet
  facet normal 0.970029 -0.242989 0
    outer loop
      vertex -29.914 5.95025 18
      vertex -29.1867 8.85368 3
      vertex -29.1867 8.85368 18
    endloop
  endfacet
  facet normal 0.970029 -0.242989 0
    outer loop
      vertex -29.1867 8.85368 3
      vertex -29.914 5.95025 18
      vertex -29.914 5.95025 3
    endloop
  endfacet
  facet normal 0.941538 -0.336908 0
    outer loop
      vertex -29.1867 8.85368 18
      vertex -28.1783 11.6718 3
      vertex -28.1783 11.6718 18
    endloop
  endfacet
  facet normal 0.941538 -0.336908 0
    outer loop
      vertex -28.1783 11.6718 3
      vertex -29.1867 8.85368 18
      vertex -29.1867 8.85368 3
    endloop
  endfacet
  facet normal -0.427542 -0.903996 0
    outer loop
      vertex 11.6718 28.1783 3
      vertex 14.3776 26.8986 18
      vertex 11.6718 28.1783 18
    endloop
  endfacet
  facet normal -0.427542 -0.903996 -0
    outer loop
      vertex 14.3776 26.8986 18
      vertex 11.6718 28.1783 3
      vertex 14.3776 26.8986 3
    endloop
  endfacet
  facet normal -0.671541 -0.740967 0
    outer loop
      vertex 19.349 23.5768 3
      vertex 21.5668 21.5668 18
      vertex 19.349 23.5768 18
    endloop
  endfacet
  facet normal -0.671541 -0.740967 -0
    outer loop
      vertex 21.5668 21.5668 18
      vertex 19.349 23.5768 3
      vertex 21.5668 21.5668 3
    endloop
  endfacet
  facet normal -0.998795 0.0490791 0
    outer loop
      vertex 30.3531 -2.98952 3
      vertex 30.5 0 18
      vertex 30.5 0 3
    endloop
  endfacet
  facet normal -0.998795 0.0490791 0
    outer loop
      vertex 30.5 0 18
      vertex 30.3531 -2.98952 3
      vertex 30.3531 -2.98952 18
    endloop
  endfacet
  facet normal -0.857711 -0.514132 0
    outer loop
      vertex 25.9 16.0437 6.5
      vertex 25.3598 16.9449 18
      vertex 25.3598 16.9449 6.5
    endloop
  endfacet
  facet normal -0.857734 -0.514094 -0
    outer loop
      vertex 26.8986 14.3776 18
      vertex 25.9 16.0437 6.5
      vertex 26.8986 14.3776 3
    endloop
  endfacet
  facet normal -0.857726 -0.514108 -2.58271e-06
    outer loop
      vertex 25.9 16.0437 6.5
      vertex 26.8986 14.3776 18
      vertex 25.3598 16.9449 18
    endloop
  endfacet
  facet normal -0.857734 -0.514094 0
    outer loop
      vertex 25.9 16.0437 3
      vertex 26.8986 14.3776 3
      vertex 25.9 16.0437 6.5
    endloop
  endfacet
  facet normal -0.903996 -0.427542 0
    outer loop
      vertex 28.1783 11.6718 3
      vertex 26.8986 14.3776 18
      vertex 26.8986 14.3776 3
    endloop
  endfacet
  facet normal -0.903996 -0.427542 0
    outer loop
      vertex 26.8986 14.3776 18
      vertex 28.1783 11.6718 3
      vertex 28.1783 11.6718 18
    endloop
  endfacet
  facet normal -0.242989 -0.970029 0
    outer loop
      vertex 5.95025 29.914 3
      vertex 8.85368 29.1867 18
      vertex 5.95025 29.914 18
    endloop
  endfacet
  facet normal -0.242989 -0.970029 -0
    outer loop
      vertex 8.85368 29.1867 18
      vertex 5.95025 29.914 3
      vertex 8.85368 29.1867 3
    endloop
  endfacet
  facet normal 0.427542 0.903996 -0
    outer loop
      vertex -11.6718 -28.1783 3
      vertex -14.3776 -26.8986 18
      vertex -11.6718 -28.1783 18
    endloop
  endfacet
  facet normal 0.427542 0.903996 0
    outer loop
      vertex -14.3776 -26.8986 18
      vertex -11.6718 -28.1783 3
      vertex -14.3776 -26.8986 3
    endloop
  endfacet
  facet normal -0.336908 -0.941538 0
    outer loop
      vertex 8.85368 29.1867 3
      vertex 11.6718 28.1783 18
      vertex 8.85368 29.1867 18
    endloop
  endfacet
  facet normal -0.336908 -0.941538 -0
    outer loop
      vertex 11.6718 28.1783 18
      vertex 8.85368 29.1867 3
      vertex 11.6718 28.1783 3
    endloop
  endfacet
  facet normal -0.146703 0.989181 0
    outer loop
      vertex 5.95025 -29.914 3
      vertex 2.98952 -30.3531 18
      vertex 5.95025 -29.914 18
    endloop
  endfacet
  facet normal -0.146703 0.989181 0
    outer loop
      vertex 2.98952 -30.3531 18
      vertex 5.95025 -29.914 3
      vertex 2.98952 -30.3531 3
    endloop
  endfacet
  facet normal -0.941538 -0.336908 0
    outer loop
      vertex 29.1867 8.85368 3
      vertex 28.1783 11.6718 18
      vertex 28.1783 11.6718 3
    endloop
  endfacet
  facet normal -0.941538 -0.336908 0
    outer loop
      vertex 28.1783 11.6718 18
      vertex 29.1867 8.85368 3
      vertex 29.1867 8.85368 18
    endloop
  endfacet
  facet normal -0.427542 0.903996 0
    outer loop
      vertex 14.3776 -26.8986 3
      vertex 11.6718 -28.1783 18
      vertex 14.3776 -26.8986 18
    endloop
  endfacet
  facet normal -0.427542 0.903996 0
    outer loop
      vertex 11.6718 -28.1783 18
      vertex 14.3776 -26.8986 3
      vertex 11.6718 -28.1783 3
    endloop
  endfacet
  facet normal 0.0490791 -0.998795 0
    outer loop
      vertex -2.98952 30.3531 3
      vertex 0 30.5 18
      vertex -2.98952 30.3531 18
    endloop
  endfacet
  facet normal 0.0490791 -0.998795 0
    outer loop
      vertex 0 30.5 18
      vertex -2.98952 30.3531 3
      vertex 0 30.5 3
    endloop
  endfacet
  facet normal 0.595699 -0.803208 0
    outer loop
      vertex -19.349 23.5768 3
      vertex -16.9449 25.3598 18
      vertex -19.349 23.5768 18
    endloop
  endfacet
  facet normal 0.595699 -0.803208 0
    outer loop
      vertex -16.9449 25.3598 18
      vertex -19.349 23.5768 3
      vertex -16.9449 25.3598 3
    endloop
  endfacet
  facet normal 0.903996 0.427542 0
    outer loop
      vertex -26.8986 -14.3776 18
      vertex -28.1783 -11.6718 3
      vertex -28.1783 -11.6718 18
    endloop
  endfacet
  facet normal 0.903996 0.427542 0
    outer loop
      vertex -28.1783 -11.6718 3
      vertex -26.8986 -14.3776 18
      vertex -26.8986 -14.3776 3
    endloop
  endfacet
  facet normal -0.803208 -0.595699 0
    outer loop
      vertex 25.3598 16.9449 6.5
      vertex 23.5768 19.349 18
      vertex 23.5768 19.349 6.5
    endloop
  endfacet
  facet normal -0.803208 -0.595699 0
    outer loop
      vertex 23.5768 19.349 18
      vertex 25.3598 16.9449 6.5
      vertex 25.3598 16.9449 18
    endloop
  endfacet
  facet normal 0.741015 -0.671488 0
    outer loop
      vertex -21.5668 21.5668 18
      vertex -21.9 21.1991 6.5
      vertex -21.5668 21.5668 3
    endloop
  endfacet
  facet normal 0.740967 -0.671541 3.08069e-06
    outer loop
      vertex -23.5768 19.349 18
      vertex -21.9 21.1991 6.5
      vertex -21.5668 21.5668 18
    endloop
  endfacet
  facet normal 0.740958 -0.671552 0
    outer loop
      vertex -21.9 21.1991 6.5
      vertex -23.5768 19.349 18
      vertex -23.5768 19.349 6.5
    endloop
  endfacet
  facet normal 0.741015 -0.671488 0
    outer loop
      vertex -21.5668 21.5668 3
      vertex -21.9 21.1991 6.5
      vertex -21.9 21.1991 3
    endloop
  endfacet
  facet normal 0.146703 -0.989181 0
    outer loop
      vertex -5.95025 29.914 3
      vertex -2.98952 30.3531 18
      vertex -5.95025 29.914 18
    endloop
  endfacet
  facet normal 0.146703 -0.989181 0
    outer loop
      vertex -2.98952 30.3531 18
      vertex -5.95025 29.914 3
      vertex -2.98952 30.3531 3
    endloop
  endfacet
  facet normal -0.0490791 0.998795 0
    outer loop
      vertex 2.98952 -30.3531 3
      vertex 0 -30.5 18
      vertex 2.98952 -30.3531 18
    endloop
  endfacet
  facet normal -0.0490791 0.998795 0
    outer loop
      vertex 0 -30.5 18
      vertex 2.98952 -30.3531 3
      vertex 0 -30.5 3
    endloop
  endfacet
  facet normal -0.857734 0.514094 0
    outer loop
      vertex 25.9 -16.0437 6.5
      vertex 26.8986 -14.3776 3
      vertex 25.9 -16.0437 3
    endloop
  endfacet
  facet normal -0.857734 0.514094 0
    outer loop
      vertex 26.8986 -14.3776 3
      vertex 25.9 -16.0437 6.5
      vertex 26.8986 -14.3776 18
    endloop
  endfacet
  facet normal -0.857711 0.514132 0
    outer loop
      vertex 25.3598 -16.9449 18
      vertex 25.9 -16.0437 6.5
      vertex 25.3598 -16.9449 6.5
    endloop
  endfacet
  facet normal -0.857726 0.514108 -2.58271e-06
    outer loop
      vertex 25.9 -16.0437 6.5
      vertex 25.3598 -16.9449 18
      vertex 26.8986 -14.3776 18
    endloop
  endfacet
  facet normal -0.741015 0.671488 0
    outer loop
      vertex 21.9 -21.1991 3
      vertex 21.5668 -21.5668 3
      vertex 21.9 -21.1991 6.5
    endloop
  endfacet
  facet normal -0.740958 0.671552 0
    outer loop
      vertex 21.9 -21.1991 6.5
      vertex 23.5768 -19.349 18
      vertex 23.5768 -19.349 6.5
    endloop
  endfacet
  facet normal -0.740967 0.671541 3.08069e-06
    outer loop
      vertex 21.9 -21.1991 6.5
      vertex 21.5668 -21.5668 18
      vertex 23.5768 -19.349 18
    endloop
  endfacet
  facet normal -0.741015 0.671488 0
    outer loop
      vertex 21.5668 -21.5668 18
      vertex 21.9 -21.1991 6.5
      vertex 21.5668 -21.5668 3
    endloop
  endfacet
  facet normal -0.941538 0.336908 0
    outer loop
      vertex 28.1783 -11.6718 3
      vertex 29.1867 -8.85368 18
      vertex 29.1867 -8.85368 3
    endloop
  endfacet
  facet normal -0.941538 0.336908 0
    outer loop
      vertex 29.1867 -8.85368 18
      vertex 28.1783 -11.6718 3
      vertex 28.1783 -11.6718 18
    endloop
  endfacet
  facet normal -0.803208 0.595699 0
    outer loop
      vertex 23.5768 -19.349 6.5
      vertex 25.3598 -16.9449 18
      vertex 25.3598 -16.9449 6.5
    endloop
  endfacet
  facet normal -0.803208 0.595699 0
    outer loop
      vertex 25.3598 -16.9449 18
      vertex 23.5768 -19.349 6.5
      vertex 23.5768 -19.349 18
    endloop
  endfacet
  facet normal -0.514108 -0.857726 0
    outer loop
      vertex 14.3776 26.8986 3
      vertex 16.9449 25.3598 18
      vertex 14.3776 26.8986 18
    endloop
  endfacet
  facet normal -0.514108 -0.857726 -0
    outer loop
      vertex 16.9449 25.3598 18
      vertex 14.3776 26.8986 3
      vertex 16.9449 25.3598 3
    endloop
  endfacet
  facet normal 0.146703 0.989181 -0
    outer loop
      vertex -2.98952 -30.3531 3
      vertex -5.95025 -29.914 18
      vertex -2.98952 -30.3531 18
    endloop
  endfacet
  facet normal 0.146703 0.989181 0
    outer loop
      vertex -5.95025 -29.914 18
      vertex -2.98952 -30.3531 3
      vertex -5.95025 -29.914 3
    endloop
  endfacet
  facet normal -0.595699 0.803208 0
    outer loop
      vertex 19.349 -23.5768 3
      vertex 16.9449 -25.3598 18
      vertex 19.349 -23.5768 18
    endloop
  endfacet
  facet normal -0.595699 0.803208 0
    outer loop
      vertex 16.9449 -25.3598 18
      vertex 19.349 -23.5768 3
      vertex 16.9449 -25.3598 3
    endloop
  endfacet
  facet normal 0.989181 -0.146703 0
    outer loop
      vertex -30.3531 2.98952 18
      vertex -29.914 5.95025 3
      vertex -29.914 5.95025 18
    endloop
  endfacet
  facet normal 0.989181 -0.146703 0
    outer loop
      vertex -29.914 5.95025 3
      vertex -30.3531 2.98952 18
      vertex -30.3531 2.98952 3
    endloop
  endfacet
  facet normal -0.242989 0.970029 0
    outer loop
      vertex 8.85368 -29.1867 3
      vertex 5.95025 -29.914 18
      vertex 8.85368 -29.1867 18
    endloop
  endfacet
  facet normal -0.242989 0.970029 0
    outer loop
      vertex 5.95025 -29.914 18
      vertex 8.85368 -29.1867 3
      vertex 5.95025 -29.914 3
    endloop
  endfacet
  facet normal -0.0490791 -0.998795 0
    outer loop
      vertex 0 30.5 3
      vertex 2.98952 30.3531 18
      vertex 0 30.5 18
    endloop
  endfacet
  facet normal -0.0490791 -0.998795 -0
    outer loop
      vertex 2.98952 30.3531 18
      vertex 0 30.5 3
      vertex 2.98952 30.3531 3
    endloop
  endfacet
  facet normal 0.242989 0.970029 -0
    outer loop
      vertex -5.95025 -29.914 3
      vertex -8.85368 -29.1867 18
      vertex -5.95025 -29.914 18
    endloop
  endfacet
  facet normal 0.242989 0.970029 0
    outer loop
      vertex -8.85368 -29.1867 18
      vertex -5.95025 -29.914 3
      vertex -8.85368 -29.1867 3
    endloop
  endfacet
  facet normal -0.970029 -0.242989 0
    outer loop
      vertex 29.914 5.95025 3
      vertex 29.1867 8.85368 18
      vertex 29.1867 8.85368 3
    endloop
  endfacet
  facet normal -0.970029 -0.242989 0
    outer loop
      vertex 29.1867 8.85368 18
      vertex 29.914 5.95025 3
      vertex 29.914 5.95025 18
    endloop
  endfacet
  facet normal -0.970029 0.242989 0
    outer loop
      vertex 29.1867 -8.85368 3
      vertex 29.914 -5.95025 18
      vertex 29.914 -5.95025 3
    endloop
  endfacet
  facet normal -0.970029 0.242989 0
    outer loop
      vertex 29.914 -5.95025 18
      vertex 29.1867 -8.85368 3
      vertex 29.1867 -8.85368 18
    endloop
  endfacet
  facet normal -0.146703 -0.989181 0
    outer loop
      vertex 2.98952 30.3531 3
      vertex 5.95025 29.914 18
      vertex 2.98952 30.3531 18
    endloop
  endfacet
  facet normal -0.146703 -0.989181 -0
    outer loop
      vertex 5.95025 29.914 18
      vertex 2.98952 30.3531 3
      vertex 5.95025 29.914 3
    endloop
  endfacet
  facet normal 0.740958 0.671552 0
    outer loop
      vertex -23.5768 -19.349 18
      vertex -21.9 -21.1991 6.5
      vertex -23.5768 -19.349 6.5
    endloop
  endfacet
  facet normal 0.740967 0.671541 3.08069e-06
    outer loop
      vertex -21.5668 -21.5668 18
      vertex -21.9 -21.1991 6.5
      vertex -23.5768 -19.349 18
    endloop
  endfacet
  facet normal 0.741015 0.671488 -0
    outer loop
      vertex -21.5668 -21.5668 3
      vertex -21.9 -21.1991 6.5
      vertex -21.5668 -21.5668 18
    endloop
  endfacet
  facet normal 0.741015 0.671488 0
    outer loop
      vertex -21.9 -21.1991 6.5
      vertex -21.5668 -21.5668 3
      vertex -21.9 -21.1991 3
    endloop
  endfacet
  facet normal 0.857734 0.514094 0
    outer loop
      vertex -26.8986 -14.3776 18
      vertex -25.9 -16.0437 6.5
      vertex -26.8986 -14.3776 3
    endloop
  endfacet
  facet normal 0.857726 0.514108 -2.58271e-06
    outer loop
      vertex -25.3598 -16.9449 18
      vertex -25.9 -16.0437 6.5
      vertex -26.8986 -14.3776 18
    endloop
  endfacet
  facet normal 0.857711 0.514132 0
    outer loop
      vertex -25.9 -16.0437 6.5
      vertex -25.3598 -16.9449 18
      vertex -25.3598 -16.9449 6.5
    endloop
  endfacet
  facet normal 0.857734 0.514094 0
    outer loop
      vertex -26.8986 -14.3776 3
      vertex -25.9 -16.0437 6.5
      vertex -25.9 -16.0437 3
    endloop
  endfacet
  facet normal 0.336908 -0.941538 0
    outer loop
      vertex -11.6718 28.1783 3
      vertex -8.85368 29.1867 18
      vertex -11.6718 28.1783 18
    endloop
  endfacet
  facet normal 0.336908 -0.941538 0
    outer loop
      vertex -8.85368 29.1867 18
      vertex -11.6718 28.1783 3
      vertex -8.85368 29.1867 3
    endloop
  endfacet
  facet normal 0.514108 0.857726 -0
    outer loop
      vertex -14.3776 -26.8986 3
      vertex -16.9449 -25.3598 18
      vertex -14.3776 -26.8986 18
    endloop
  endfacet
  facet normal 0.514108 0.857726 0
    outer loop
      vertex -16.9449 -25.3598 18
      vertex -14.3776 -26.8986 3
      vertex -16.9449 -25.3598 3
    endloop
  endfacet
  facet normal 0.803208 0.595699 0
    outer loop
      vertex -23.5768 -19.349 18
      vertex -25.3598 -16.9449 6.5
      vertex -25.3598 -16.9449 18
    endloop
  endfacet
  facet normal 0.803208 0.595699 0
    outer loop
      vertex -25.3598 -16.9449 6.5
      vertex -23.5768 -19.349 18
      vertex -23.5768 -19.349 6.5
    endloop
  endfacet
  facet normal 0.514108 -0.857726 0
    outer loop
      vertex -16.9449 25.3598 3
      vertex -14.3776 26.8986 18
      vertex -16.9449 25.3598 18
    endloop
  endfacet
  facet normal 0.514108 -0.857726 0
    outer loop
      vertex -14.3776 26.8986 18
      vertex -16.9449 25.3598 3
      vertex -14.3776 26.8986 3
    endloop
  endfacet
  facet normal 0.989181 0.146703 0
    outer loop
      vertex -29.914 -5.95025 18
      vertex -30.3531 -2.98952 3
      vertex -30.3531 -2.98952 18
    endloop
  endfacet
  facet normal 0.989181 0.146703 0
    outer loop
      vertex -30.3531 -2.98952 3
      vertex -29.914 -5.95025 18
      vertex -29.914 -5.95025 3
    endloop
  endfacet
  facet normal 0.903996 -0.427542 0
    outer loop
      vertex -28.1783 11.6718 18
      vertex -26.8986 14.3776 3
      vertex -26.8986 14.3776 18
    endloop
  endfacet
  facet normal 0.903996 -0.427542 0
    outer loop
      vertex -26.8986 14.3776 3
      vertex -28.1783 11.6718 18
      vertex -28.1783 11.6718 3
    endloop
  endfacet
  facet normal -0.903996 0.427542 0
    outer loop
      vertex 26.8986 -14.3776 3
      vertex 28.1783 -11.6718 18
      vertex 28.1783 -11.6718 3
    endloop
  endfacet
  facet normal -0.903996 0.427542 0
    outer loop
      vertex 28.1783 -11.6718 18
      vertex 26.8986 -14.3776 3
      vertex 26.8986 -14.3776 18
    endloop
  endfacet
  facet normal 0.671541 0.740967 -0
    outer loop
      vertex -19.349 -23.5768 3
      vertex -21.5668 -21.5668 18
      vertex -19.349 -23.5768 18
    endloop
  endfacet
  facet normal 0.671541 0.740967 0
    outer loop
      vertex -21.5668 -21.5668 18
      vertex -19.349 -23.5768 3
      vertex -21.5668 -21.5668 3
    endloop
  endfacet
  facet normal 0.803208 -0.595699 0
    outer loop
      vertex -25.3598 16.9449 18
      vertex -23.5768 19.349 6.5
      vertex -23.5768 19.349 18
    endloop
  endfacet
  facet normal 0.803208 -0.595699 0
    outer loop
      vertex -23.5768 19.349 6.5
      vertex -25.3598 16.9449 18
      vertex -25.3598 16.9449 6.5
    endloop
  endfacet
  facet normal 0.0490791 0.998795 -0
    outer loop
      vertex 0 -30.5 3
      vertex -2.98952 -30.3531 18
      vertex 0 -30.5 18
    endloop
  endfacet
  facet normal 0.0490791 0.998795 0
    outer loop
      vertex -2.98952 -30.3531 18
      vertex 0 -30.5 3
      vertex -2.98952 -30.3531 3
    endloop
  endfacet
  facet normal 0.998795 -0.0490791 0
    outer loop
      vertex -30.5 0 18
      vertex -30.3531 2.98952 3
      vertex -30.3531 2.98952 18
    endloop
  endfacet
  facet normal 0.998795 -0.0490791 0
    outer loop
      vertex -30.3531 2.98952 3
      vertex -30.5 0 18
      vertex -30.5 0 3
    endloop
  endfacet
  facet normal 0.336908 0.941538 -0
    outer loop
      vertex -8.85368 -29.1867 3
      vertex -11.6718 -28.1783 18
      vertex -8.85368 -29.1867 18
    endloop
  endfacet
  facet normal 0.336908 0.941538 0
    outer loop
      vertex -11.6718 -28.1783 18
      vertex -8.85368 -29.1867 3
      vertex -11.6718 -28.1783 3
    endloop
  endfacet
  facet normal -0.671541 0.740967 0
    outer loop
      vertex 21.5668 -21.5668 3
      vertex 19.349 -23.5768 18
      vertex 21.5668 -21.5668 18
    endloop
  endfacet
  facet normal -0.671541 0.740967 0
    outer loop
      vertex 19.349 -23.5768 18
      vertex 21.5668 -21.5668 3
      vertex 19.349 -23.5768 3
    endloop
  endfacet
endsolid OpenSCAD_Model
