solid OpenSCAD_Model
  facet normal 0.514128 -0.857714 0
    outer loop
      vertex 2.07415 -53.8805 0
      vertex 2.44451 -53.6585 8
      vertex 2.07415 -53.8805 8
    endloop
  endfacet
  facet normal 0.514128 -0.857714 0
    outer loop
      vertex 2.44451 -53.6585 8
      vertex 2.07415 -53.8805 0
      vertex 2.44451 -53.6585 0
    endloop
  endfacet
  facet normal 0 0 -1
    outer loop
      vertex 2.25 0 0
      vertex 8 0 0
      vertex 7.96148 -0.784137 0
    endloop
  endfacet
  facet normal 0 0 -1
    outer loop
      vertex 8 31 0
      vertex 11 55 0
      vertex 11 31 0
    endloop
  endfacet
  facet normal 0 0 -1
    outer loop
      vertex 0.659955 -48.7653 0
      vertex 7.96148 -0.784137 0
      vertex 4.37881 -50.4313 0
    endloop
  endfacet
  facet normal 0 0 -1
    outer loop
      vertex 1.39326 -50.1372 0
      vertex 4.37881 -50.4313 0
      vertex 4.31545 -50.8584 0
    endloop
  endfacet
  facet normal 0 0 -1
    outer loop
      vertex 1.3731 -50.2731 0
      vertex 4.31545 -50.8584 0
      vertex 4.21054 -51.2773 0
    endloop
  endfacet
  facet normal 0 0 -1
    outer loop
      vertex 1.33972 -50.4064 0
      vertex 4.21054 -51.2773 0
      vertex 4.06507 -51.6838 0
    endloop
  endfacet
  facet normal 0 0 -1
    outer loop
      vertex 1.29343 -50.5358 0
      vertex 4.06507 -51.6838 0
      vertex 3.88045 -52.0741 0
    endloop
  endfacet
  facet normal 0 0 -1
    outer loop
      vertex 1.23469 -50.66 0
      vertex 3.88045 -52.0741 0
      vertex 3.65847 -52.4445 0
    endloop
  endfacet
  facet normal 0 0 -1
    outer loop
      vertex 1.16406 -50.7778 0
      vertex 3.65847 -52.4445 0
      vertex 3.40125 -52.7913 0
    endloop
  endfacet
  facet normal 0 0 -1
    outer loop
      vertex 1.08221 -50.8881 0
      vertex 3.40125 -52.7913 0
      vertex 3.11127 -53.1113 0
    endloop
  endfacet
  facet normal 0 0 -1
    outer loop
      vertex 0.989949 -50.9899 0
      vertex 3.11127 -53.1113 0
      vertex 2.79133 -53.4012 0
    endloop
  endfacet
  facet normal 0 0 -1
    outer loop
      vertex 0.88815 -51.0822 0
      vertex 2.79133 -53.4012 0
      vertex 2.44451 -53.6585 0
    endloop
  endfacet
  facet normal 0 -0 -1
    outer loop
      vertex 2.25 0 0
      vertex 7.96148 -0.784137 0
      vertex 2.23917 -0.220538 0
    endloop
  endfacet
  facet normal 0 0 -1
    outer loop
      vertex 8 0 0
      vertex 2.23917 0.220538 0
      vertex 2.20677 0.438952 0
    endloop
  endfacet
  facet normal 0 0 -1
    outer loop
      vertex 8 0 0
      vertex 2.20677 0.438952 0
      vertex 2.15312 0.65314 0
    endloop
  endfacet
  facet normal 0 0 -1
    outer loop
      vertex 8 0 0
      vertex 2.15312 0.65314 0
      vertex 2.07873 0.861037 0
    endloop
  endfacet
  facet normal 0 0 -1
    outer loop
      vertex 8 0 0
      vertex 2.07873 0.861037 0
      vertex 1.98432 1.06064 0
    endloop
  endfacet
  facet normal 0 0 -1
    outer loop
      vertex 8 0 0
      vertex 1.98432 1.06064 0
      vertex 1.87081 1.25003 0
    endloop
  endfacet
  facet normal 0 0 -1
    outer loop
      vertex 8 0 0
      vertex 1.87081 1.25003 0
      vertex 1.73927 1.42738 0
    endloop
  endfacet
  facet normal 0 0 -1
    outer loop
      vertex 8 0 0
      vertex 1.73927 1.42738 0
      vertex 1.59099 1.59099 0
    endloop
  endfacet
  facet normal 0 0 -1
    outer loop
      vertex 8 0 0
      vertex 1.59099 1.59099 0
      vertex 1.42738 1.73927 0
    endloop
  endfacet
  facet normal 0 0 -1
    outer loop
      vertex 8 0 0
      vertex 1.42738 1.73927 0
      vertex 1.25003 1.87081 0
    endloop
  endfacet
  facet normal 0 0 -1
    outer loop
      vertex 1.06064 1.98432 0
      vertex 8 0 0
      vertex 1.25003 1.87081 0
    endloop
  endfacet
  facet normal 0 0 -1
    outer loop
      vertex 8 0 0
      vertex 1.06064 1.98432 0
      vertex 8 31 0
    endloop
  endfacet
  facet normal 0 0 -1
    outer loop
      vertex 0.861037 2.07873 0
      vertex 8 31 0
      vertex 1.06064 1.98432 0
    endloop
  endfacet
  facet normal 0 0 -1
    outer loop
      vertex 0.65314 2.15312 0
      vertex 8 31 0
      vertex 0.861037 2.07873 0
    endloop
  endfacet
  facet normal 0 0 -1
    outer loop
      vertex 0.438952 2.20677 0
      vertex 8 31 0
      vertex 0.65314 2.15312 0
    endloop
  endfacet
  facet normal 0 0 -1
    outer loop
      vertex 0.220538 2.23917 0
      vertex 8 31 0
      vertex 0.438952 2.20677 0
    endloop
  endfacet
  facet normal 0 0 -1
    outer loop
      vertex 0 2.25 0
      vertex 8 31 0
      vertex 0.220538 2.23917 0
    endloop
  endfacet
  facet normal -0 0 -1
    outer loop
      vertex 8 31 0
      vertex 0 2.25 0
      vertex -8 31 0
    endloop
  endfacet
  facet normal 0 0 -1
    outer loop
      vertex -8 31 0
      vertex 0 2.25 0
      vertex -0.220538 2.23917 0
    endloop
  endfacet
  facet normal 0 0 -1
    outer loop
      vertex -8 31 0
      vertex -0.220538 2.23917 0
      vertex -0.438952 2.20677 0
    endloop
  endfacet
  facet normal 0 0 -1
    outer loop
      vertex -8 31 0
      vertex -0.438952 2.20677 0
      vertex -0.65314 2.15312 0
    endloop
  endfacet
  facet normal 0 0 -1
    outer loop
      vertex -8 31 0
      vertex -0.65314 2.15312 0
      vertex -0.861037 2.07873 0
    endloop
  endfacet
  facet normal 0 0 -1
    outer loop
      vertex -8 31 0
      vertex -0.861037 2.07873 0
      vertex -1.06064 1.98432 0
    endloop
  endfacet
  facet normal 0 0 -1
    outer loop
      vertex -8 0 0
      vertex -1.06064 1.98432 0
      vertex -1.25003 1.87081 0
    endloop
  endfacet
  facet normal 0 0 -1
    outer loop
      vertex -8 0 0
      vertex -1.25003 1.87081 0
      vertex -1.42738 1.73927 0
    endloop
  endfacet
  facet normal 0 0 -1
    outer loop
      vertex -8 0 0
      vertex -1.42738 1.73927 0
      vertex -1.59099 1.59099 0
    endloop
  endfacet
  facet normal 0 0 -1
    outer loop
      vertex -8 0 0
      vertex -1.59099 1.59099 0
      vertex -1.73927 1.42738 0
    endloop
  endfacet
  facet normal 0 0 -1
    outer loop
      vertex -8 0 0
      vertex -1.73927 1.42738 0
      vertex -1.87081 1.25003 0
    endloop
  endfacet
  facet normal 0 0 -1
    outer loop
      vertex -8 0 0
      vertex -1.87081 1.25003 0
      vertex -1.98432 1.06064 0
    endloop
  endfacet
  facet normal 0 0 -1
    outer loop
      vertex -8 0 0
      vertex -1.98432 1.06064 0
      vertex -2.07873 0.861037 0
    endloop
  endfacet
  facet normal 0 0 -1
    outer loop
      vertex -8 0 0
      vertex -2.07873 0.861037 0
      vertex -2.15312 0.65314 0
    endloop
  endfacet
  facet normal 0 0 -1
    outer loop
      vertex -8 0 0
      vertex -2.15312 0.65314 0
      vertex -2.20677 0.438952 0
    endloop
  endfacet
  facet normal -0 0 -1
    outer loop
      vertex -2.15312 -0.65314 0
      vertex -7.96148 -0.784137 0
      vertex -2.20677 -0.438952 0
    endloop
  endfacet
  facet normal 0 0 -1
    outer loop
      vertex -4.37881 -50.4313 0
      vertex -2.79133 -53.4012 0
      vertex -3.11127 -53.1113 0
    endloop
  endfacet
  facet normal 0 0 -1
    outer loop
      vertex -4.37881 -50.4313 0
      vertex -3.11127 -53.1113 0
      vertex -3.40125 -52.7913 0
    endloop
  endfacet
  facet normal 0 0 -1
    outer loop
      vertex -4.37881 -50.4313 0
      vertex -3.40125 -52.7913 0
      vertex -3.65847 -52.4445 0
    endloop
  endfacet
  facet normal 0 0 -1
    outer loop
      vertex -4.37881 -50.4313 0
      vertex -3.65847 -52.4445 0
      vertex -3.88045 -52.0741 0
    endloop
  endfacet
  facet normal 0 0 -1
    outer loop
      vertex -4.37881 -50.4313 0
      vertex -3.88045 -52.0741 0
      vertex -4.06507 -51.6838 0
    endloop
  endfacet
  facet normal 0 0 -1
    outer loop
      vertex -4.37881 -50.4313 0
      vertex -4.06507 -51.6838 0
      vertex -4.21054 -51.2773 0
    endloop
  endfacet
  facet normal 0 0 -1
    outer loop
      vertex -4.37881 -50.4313 0
      vertex -4.21054 -51.2773 0
      vertex -4.31545 -50.8584 0
    endloop
  endfacet
  facet normal -0 0 -1
    outer loop
      vertex -2.20677 -0.438952 0
      vertex -7.96148 -0.784137 0
      vertex -2.23917 -0.220538 0
    endloop
  endfacet
  facet normal -0 0 -1
    outer loop
      vertex -2.23917 -0.220538 0
      vertex -7.96148 -0.784137 0
      vertex -2.25 0 0
    endloop
  endfacet
  facet normal 0 0 -1
    outer loop
      vertex -8 0 0
      vertex -2.25 0 0
      vertex -7.96148 -0.784137 0
    endloop
  endfacet
  facet normal 0 0 -1
    outer loop
      vertex -2.25 0 0
      vertex -8 0 0
      vertex -2.23917 0.220538 0
    endloop
  endfacet
  facet normal -0 0 -1
    outer loop
      vertex -2.23917 0.220538 0
      vertex -8 0 0
      vertex -2.20677 0.438952 0
    endloop
  endfacet
  facet normal -0 0 -1
    outer loop
      vertex -1.06064 1.98432 0
      vertex -8 0 0
      vertex -8 31 0
    endloop
  endfacet
  facet normal 0 0 -1
    outer loop
      vertex 8 31 0
      vertex -8 31 0
      vertex 11 55 0
    endloop
  endfacet
  facet normal 0 0 -1
    outer loop
      vertex -11 55 0
      vertex -8 31 0
      vertex -11 31 0
    endloop
  endfacet
  facet normal 0 0 -1
    outer loop
      vertex -8 31 0
      vertex -11 55 0
      vertex 11 55 0
    endloop
  endfacet
  facet normal 0 0 -1
    outer loop
      vertex 8 0 0
      vertex 2.25 0 0
      vertex 2.23917 0.220538 0
    endloop
  endfacet
  facet normal 0 0 -1
    outer loop
      vertex 7.96148 -0.784137 0
      vertex 2.20677 -0.438952 0
      vertex 2.23917 -0.220538 0
    endloop
  endfacet
  facet normal 0 0 -1
    outer loop
      vertex 7.96148 -0.784137 0
      vertex 2.15312 -0.65314 0
      vertex 2.20677 -0.438952 0
    endloop
  endfacet
  facet normal 0 0 -1
    outer loop
      vertex 4.37881 -50.4313 0
      vertex 1.3731 -49.7269 0
      vertex 1.33972 -49.5936 0
    endloop
  endfacet
  facet normal 0 0 -1
    outer loop
      vertex 0.777798 -51.1641 0
      vertex 2.44451 -53.6585 0
      vertex 2.07415 -53.8805 0
    endloop
  endfacet
  facet normal 0 0 -1
    outer loop
      vertex 4.37881 -50.4313 0
      vertex 1.39326 -49.8628 0
      vertex 1.3731 -49.7269 0
    endloop
  endfacet
  facet normal 0 0 -1
    outer loop
      vertex 4.37881 -50.4313 0
      vertex 1.33972 -49.5936 0
      vertex 1.29343 -49.4642 0
    endloop
  endfacet
  facet normal -0 0 -1
    outer loop
      vertex 7.96148 -0.784137 0
      vertex 2.07873 -0.861037 0
      vertex 2.15312 -0.65314 0
    endloop
  endfacet
  facet normal 0 0 -1
    outer loop
      vertex 0.659955 -51.2347 0
      vertex 2.07415 -53.8805 0
      vertex 1.68381 -54.0651 0
    endloop
  endfacet
  facet normal 0 0 -1
    outer loop
      vertex 4.37881 -50.4313 0
      vertex 1.29343 -49.4642 0
      vertex 1.23469 -49.34 0
    endloop
  endfacet
  facet normal 0 0 -1
    outer loop
      vertex 7.96148 -0.784137 0
      vertex 1.98432 -1.06064 0
      vertex 2.07873 -0.861037 0
    endloop
  endfacet
  facet normal 0 0 -1
    outer loop
      vertex 4.37881 -50.4313 0
      vertex 1.4 -50 0
      vertex 1.39326 -49.8628 0
    endloop
  endfacet
  facet normal 0 0 -1
    outer loop
      vertex 4.37881 -50.4313 0
      vertex 1.39326 -50.1372 0
      vertex 1.4 -50 0
    endloop
  endfacet
  facet normal 0 0 -1
    outer loop
      vertex 4.31545 -50.8584 0
      vertex 1.3731 -50.2731 0
      vertex 1.39326 -50.1372 0
    endloop
  endfacet
  facet normal 0 0 -1
    outer loop
      vertex 4.21054 -51.2773 0
      vertex 1.33972 -50.4064 0
      vertex 1.3731 -50.2731 0
    endloop
  endfacet
  facet normal 0 0 -1
    outer loop
      vertex 4.06507 -51.6838 0
      vertex 1.29343 -50.5358 0
      vertex 1.33972 -50.4064 0
    endloop
  endfacet
  facet normal 0 0 -1
    outer loop
      vertex 0.535756 -51.2934 0
      vertex 1.68381 -54.0651 0
      vertex 1.27725 -54.2105 0
    endloop
  endfacet
  facet normal 0 0 -1
    outer loop
      vertex 3.88045 -52.0741 0
      vertex 1.23469 -50.66 0
      vertex 1.29343 -50.5358 0
    endloop
  endfacet
  facet normal 0 0 -1
    outer loop
      vertex 3.65847 -52.4445 0
      vertex 1.16406 -50.7778 0
      vertex 1.23469 -50.66 0
    endloop
  endfacet
  facet normal 0 0 -1
    outer loop
      vertex 3.40125 -52.7913 0
      vertex 1.08221 -50.8881 0
      vertex 1.16406 -50.7778 0
    endloop
  endfacet
  facet normal 0 0 -1
    outer loop
      vertex 3.11127 -53.1113 0
      vertex 0.989949 -50.9899 0
      vertex 1.08221 -50.8881 0
    endloop
  endfacet
  facet normal 0 0 -1
    outer loop
      vertex 2.79133 -53.4012 0
      vertex 0.88815 -51.0822 0
      vertex 0.989949 -50.9899 0
    endloop
  endfacet
  facet normal 0 0 -1
    outer loop
      vertex 0.406398 -51.3397 0
      vertex 1.27725 -54.2105 0
      vertex 0.858397 -54.3155 0
    endloop
  endfacet
  facet normal 0 0 -1
    outer loop
      vertex 2.44451 -53.6585 0
      vertex 0.777798 -51.1641 0
      vertex 0.88815 -51.0822 0
    endloop
  endfacet
  facet normal 0 0 -1
    outer loop
      vertex 2.07415 -53.8805 0
      vertex 0.659955 -51.2347 0
      vertex 0.777798 -51.1641 0
    endloop
  endfacet
  facet normal 0 0 -1
    outer loop
      vertex 1.68381 -54.0651 0
      vertex 0.535756 -51.2934 0
      vertex 0.659955 -51.2347 0
    endloop
  endfacet
  facet normal 0 0 -1
    outer loop
      vertex 0.273126 -51.3731 0
      vertex 0.858397 -54.3155 0
      vertex 0.431275 -54.3788 0
    endloop
  endfacet
  facet normal 0 0 -1
    outer loop
      vertex 1.27725 -54.2105 0
      vertex 0.406398 -51.3397 0
      vertex 0.535756 -51.2934 0
    endloop
  endfacet
  facet normal 0 0 -1
    outer loop
      vertex 0.858397 -54.3155 0
      vertex 0.273126 -51.3731 0
      vertex 0.406398 -51.3397 0
    endloop
  endfacet
  facet normal 0 0 -1
    outer loop
      vertex 0.431275 -54.3788 0
      vertex 0.137223 -51.3933 0
      vertex 0.273126 -51.3731 0
    endloop
  endfacet
  facet normal 0 0 -1
    outer loop
      vertex 0 -54.4 0
      vertex 0.137223 -51.3933 0
      vertex 0.431275 -54.3788 0
    endloop
  endfacet
  facet normal 0 0 -1
    outer loop
      vertex 0 -54.4 0
      vertex 0 -51.4 0
      vertex 0.137223 -51.3933 0
    endloop
  endfacet
  facet normal 0 0 -1
    outer loop
      vertex 0 -54.4 0
      vertex -0.137223 -51.3933 0
      vertex 0 -51.4 0
    endloop
  endfacet
  facet normal 0 0 -1
    outer loop
      vertex -0.431275 -54.3788 0
      vertex -0.137223 -51.3933 0
      vertex 0 -54.4 0
    endloop
  endfacet
  facet normal -0 0 -1
    outer loop
      vertex -0.137223 -51.3933 0
      vertex -0.431275 -54.3788 0
      vertex -0.273126 -51.3731 0
    endloop
  endfacet
  facet normal 0 0 -1
    outer loop
      vertex -0.858397 -54.3155 0
      vertex -0.273126 -51.3731 0
      vertex -0.431275 -54.3788 0
    endloop
  endfacet
  facet normal -0 0 -1
    outer loop
      vertex -0.273126 -51.3731 0
      vertex -0.858397 -54.3155 0
      vertex -0.406398 -51.3397 0
    endloop
  endfacet
  facet normal 0 0 -1
    outer loop
      vertex -1.27725 -54.2105 0
      vertex -0.406398 -51.3397 0
      vertex -0.858397 -54.3155 0
    endloop
  endfacet
  facet normal -0 0 -1
    outer loop
      vertex -0.406398 -51.3397 0
      vertex -1.27725 -54.2105 0
      vertex -0.535756 -51.2934 0
    endloop
  endfacet
  facet normal 0 0 -1
    outer loop
      vertex -1.68381 -54.0651 0
      vertex -0.535756 -51.2934 0
      vertex -1.27725 -54.2105 0
    endloop
  endfacet
  facet normal -0 0 -1
    outer loop
      vertex -0.535756 -51.2934 0
      vertex -1.68381 -54.0651 0
      vertex -0.659955 -51.2347 0
    endloop
  endfacet
  facet normal 0 0 -1
    outer loop
      vertex -2.07415 -53.8805 0
      vertex -0.659955 -51.2347 0
      vertex -1.68381 -54.0651 0
    endloop
  endfacet
  facet normal -0 0 -1
    outer loop
      vertex -0.659955 -51.2347 0
      vertex -2.07415 -53.8805 0
      vertex -0.777798 -51.1641 0
    endloop
  endfacet
  facet normal 0 0 -1
    outer loop
      vertex -2.44451 -53.6585 0
      vertex -0.777798 -51.1641 0
      vertex -2.07415 -53.8805 0
    endloop
  endfacet
  facet normal -0 0 -1
    outer loop
      vertex -0.777798 -51.1641 0
      vertex -2.44451 -53.6585 0
      vertex -0.88815 -51.0822 0
    endloop
  endfacet
  facet normal 0 0 -1
    outer loop
      vertex -2.79133 -53.4012 0
      vertex -0.88815 -51.0822 0
      vertex -2.44451 -53.6585 0
    endloop
  endfacet
  facet normal -0 0 -1
    outer loop
      vertex -0.88815 -51.0822 0
      vertex -2.79133 -53.4012 0
      vertex -0.989949 -50.9899 0
    endloop
  endfacet
  facet normal -0 0 -1
    outer loop
      vertex -0.989949 -50.9899 0
      vertex -2.79133 -53.4012 0
      vertex -1.08221 -50.8881 0
    endloop
  endfacet
  facet normal -0 0 -1
    outer loop
      vertex -1.08221 -50.8881 0
      vertex -2.79133 -53.4012 0
      vertex -1.16406 -50.7778 0
    endloop
  endfacet
  facet normal -0 0 -1
    outer loop
      vertex -1.16406 -50.7778 0
      vertex -2.79133 -53.4012 0
      vertex -1.23469 -50.66 0
    endloop
  endfacet
  facet normal 0 0 -1
    outer loop
      vertex -4.37881 -50.4313 0
      vertex -1.23469 -50.66 0
      vertex -2.79133 -53.4012 0
    endloop
  endfacet
  facet normal 0 0 -1
    outer loop
      vertex -1.06064 -1.98432 0
      vertex -7.96148 -0.784137 0
      vertex -1.25003 -1.87081 0
    endloop
  endfacet
  facet normal 0 0 -1
    outer loop
      vertex -1.23469 -50.66 0
      vertex -4.37881 -50.4313 0
      vertex -1.29343 -50.5358 0
    endloop
  endfacet
  facet normal 0 0 -1
    outer loop
      vertex -1.29343 -50.5358 0
      vertex -4.37881 -50.4313 0
      vertex -1.33972 -50.4064 0
    endloop
  endfacet
  facet normal -0 0 -1
    outer loop
      vertex -1.39326 -50.1372 0
      vertex -4.37881 -50.4313 0
      vertex -1.4 -50 0
    endloop
  endfacet
  facet normal 0 0 -1
    outer loop
      vertex -1.25003 -1.87081 0
      vertex -7.96148 -0.784137 0
      vertex -1.42738 -1.73927 0
    endloop
  endfacet
  facet normal 0 0 -1
    outer loop
      vertex -1.42738 -1.73927 0
      vertex -7.96148 -0.784137 0
      vertex -1.59099 -1.59099 0
    endloop
  endfacet
  facet normal -0 0 -1
    outer loop
      vertex -1.33972 -50.4064 0
      vertex -4.37881 -50.4313 0
      vertex -1.3731 -50.2731 0
    endloop
  endfacet
  facet normal 0 0 -1
    outer loop
      vertex -1.59099 -1.59099 0
      vertex -7.96148 -0.784137 0
      vertex -1.73927 -1.42738 0
    endloop
  endfacet
  facet normal 0 0 -1
    outer loop
      vertex -1.73927 -1.42738 0
      vertex -7.96148 -0.784137 0
      vertex -1.87081 -1.25003 0
    endloop
  endfacet
  facet normal -0 0 -1
    outer loop
      vertex -1.4 -50 0
      vertex -4.37881 -50.4313 0
      vertex -1.39326 -49.8628 0
    endloop
  endfacet
  facet normal 0 0 -1
    outer loop
      vertex -1.87081 -1.25003 0
      vertex -7.96148 -0.784137 0
      vertex -1.98432 -1.06064 0
    endloop
  endfacet
  facet normal 0 0 -1
    outer loop
      vertex -1.98432 -1.06064 0
      vertex -7.96148 -0.784137 0
      vertex -2.07873 -0.861037 0
    endloop
  endfacet
  facet normal 0 0 -1
    outer loop
      vertex -2.07873 -0.861037 0
      vertex -7.96148 -0.784137 0
      vertex -2.15312 -0.65314 0
    endloop
  endfacet
  facet normal 0 0 -1
    outer loop
      vertex 4.37881 -50.4313 0
      vertex 1.23469 -49.34 0
      vertex 1.16406 -49.2222 0
    endloop
  endfacet
  facet normal 0 0 -1
    outer loop
      vertex 7.96148 -0.784137 0
      vertex 1.87081 -1.25003 0
      vertex 1.98432 -1.06064 0
    endloop
  endfacet
  facet normal 0 0 -1
    outer loop
      vertex 4.37881 -50.4313 0
      vertex 1.16406 -49.2222 0
      vertex 1.08221 -49.1118 0
    endloop
  endfacet
  facet normal 0 0 -1
    outer loop
      vertex 7.96148 -0.784137 0
      vertex 1.73927 -1.42738 0
      vertex 1.87081 -1.25003 0
    endloop
  endfacet
  facet normal 0 0 -1
    outer loop
      vertex 4.37881 -50.4313 0
      vertex 1.08221 -49.1118 0
      vertex 0.989949 -49.01 0
    endloop
  endfacet
  facet normal 0 0 -1
    outer loop
      vertex 7.96148 -0.784137 0
      vertex 1.59099 -1.59099 0
      vertex 1.73927 -1.42738 0
    endloop
  endfacet
  facet normal 0 0 -1
    outer loop
      vertex 4.37881 -50.4313 0
      vertex 0.989949 -49.01 0
      vertex 0.88815 -48.9178 0
    endloop
  endfacet
  facet normal 0 0 -1
    outer loop
      vertex 7.96148 -0.784137 0
      vertex 1.42738 -1.73927 0
      vertex 1.59099 -1.59099 0
    endloop
  endfacet
  facet normal 0 0 -1
    outer loop
      vertex 4.37881 -50.4313 0
      vertex 0.88815 -48.9178 0
      vertex 0.777798 -48.8359 0
    endloop
  endfacet
  facet normal 0 0 -1
    outer loop
      vertex 7.96148 -0.784137 0
      vertex 1.25003 -1.87081 0
      vertex 1.42738 -1.73927 0
    endloop
  endfacet
  facet normal 0 0 -1
    outer loop
      vertex 0.659955 -48.7653 0
      vertex 4.37881 -50.4313 0
      vertex 0.777798 -48.8359 0
    endloop
  endfacet
  facet normal 0 0 -1
    outer loop
      vertex 7.96148 -0.784137 0
      vertex 1.06064 -1.98432 0
      vertex 1.25003 -1.87081 0
    endloop
  endfacet
  facet normal 0 0 -1
    outer loop
      vertex 0.535756 -48.7066 0
      vertex 7.96148 -0.784137 0
      vertex 0.659955 -48.7653 0
    endloop
  endfacet
  facet normal 0 0 -1
    outer loop
      vertex 7.96148 -0.784137 0
      vertex 0.861037 -2.07873 0
      vertex 1.06064 -1.98432 0
    endloop
  endfacet
  facet normal 0 -0 -1
    outer loop
      vertex 0.65314 -2.15312 0
      vertex 7.96148 -0.784137 0
      vertex 0.535756 -48.7066 0
    endloop
  endfacet
  facet normal 0 0 -1
    outer loop
      vertex 7.96148 -0.784137 0
      vertex 0.65314 -2.15312 0
      vertex 0.861037 -2.07873 0
    endloop
  endfacet
  facet normal 0 0 -1
    outer loop
      vertex 0.406398 -48.6603 0
      vertex 0.65314 -2.15312 0
      vertex 0.535756 -48.7066 0
    endloop
  endfacet
  facet normal 0 0 -1
    outer loop
      vertex 0.65314 -2.15312 0
      vertex 0.406398 -48.6603 0
      vertex 0.438952 -2.20677 0
    endloop
  endfacet
  facet normal 0 0 -1
    outer loop
      vertex 0.273126 -48.6269 0
      vertex 0.438952 -2.20677 0
      vertex 0.406398 -48.6603 0
    endloop
  endfacet
  facet normal 0 0 -1
    outer loop
      vertex 0.273126 -48.6269 0
      vertex 0.220538 -2.23917 0
      vertex 0.438952 -2.20677 0
    endloop
  endfacet
  facet normal 0 0 -1
    outer loop
      vertex 0.137223 -48.6067 0
      vertex 0.220538 -2.23917 0
      vertex 0.273126 -48.6269 0
    endloop
  endfacet
  facet normal 0 0 -1
    outer loop
      vertex 0 -48.6 0
      vertex 0.220538 -2.23917 0
      vertex 0.137223 -48.6067 0
    endloop
  endfacet
  facet normal 0 0 -1
    outer loop
      vertex 0 -48.6 0
      vertex 0 -2.25 0
      vertex 0.220538 -2.23917 0
    endloop
  endfacet
  facet normal 0 0 -1
    outer loop
      vertex -0.137223 -48.6067 0
      vertex 0 -2.25 0
      vertex 0 -48.6 0
    endloop
  endfacet
  facet normal 0 0 -1
    outer loop
      vertex -0.137223 -48.6067 0
      vertex -0.220538 -2.23917 0
      vertex 0 -2.25 0
    endloop
  endfacet
  facet normal 0 0 -1
    outer loop
      vertex -0.273126 -48.6269 0
      vertex -0.220538 -2.23917 0
      vertex -0.137223 -48.6067 0
    endloop
  endfacet
  facet normal 0 0 -1
    outer loop
      vertex -0.438952 -2.20677 0
      vertex -0.273126 -48.6269 0
      vertex -0.406398 -48.6603 0
    endloop
  endfacet
  facet normal 0 0 -1
    outer loop
      vertex -0.273126 -48.6269 0
      vertex -0.438952 -2.20677 0
      vertex -0.220538 -2.23917 0
    endloop
  endfacet
  facet normal 0 0 -1
    outer loop
      vertex -0.65314 -2.15312 0
      vertex -0.406398 -48.6603 0
      vertex -0.535756 -48.7066 0
    endloop
  endfacet
  facet normal 0 0 -1
    outer loop
      vertex -0.406398 -48.6603 0
      vertex -0.65314 -2.15312 0
      vertex -0.438952 -2.20677 0
    endloop
  endfacet
  facet normal 0 0 -1
    outer loop
      vertex -7.96148 -0.784137 0
      vertex -0.535756 -48.7066 0
      vertex -0.659955 -48.7653 0
    endloop
  endfacet
  facet normal 0 0 -1
    outer loop
      vertex -4.37881 -50.4313 0
      vertex -0.659955 -48.7653 0
      vertex -0.777798 -48.8359 0
    endloop
  endfacet
  facet normal 0 0 -1
    outer loop
      vertex -7.96148 -0.784137 0
      vertex -0.65314 -2.15312 0
      vertex -0.535756 -48.7066 0
    endloop
  endfacet
  facet normal 0 0 -1
    outer loop
      vertex -4.37881 -50.4313 0
      vertex -0.777798 -48.8359 0
      vertex -0.88815 -48.9178 0
    endloop
  endfacet
  facet normal 0 0 -1
    outer loop
      vertex -4.37881 -50.4313 0
      vertex -0.88815 -48.9178 0
      vertex -0.989949 -49.01 0
    endloop
  endfacet
  facet normal 0 0 -1
    outer loop
      vertex -0.65314 -2.15312 0
      vertex -7.96148 -0.784137 0
      vertex -0.861037 -2.07873 0
    endloop
  endfacet
  facet normal 0 0 -1
    outer loop
      vertex -4.37881 -50.4313 0
      vertex -0.989949 -49.01 0
      vertex -1.08221 -49.1118 0
    endloop
  endfacet
  facet normal 0 0 -1
    outer loop
      vertex -4.37881 -50.4313 0
      vertex -1.08221 -49.1118 0
      vertex -1.16406 -49.2222 0
    endloop
  endfacet
  facet normal 0 0 -1
    outer loop
      vertex -4.37881 -50.4313 0
      vertex -1.16406 -49.2222 0
      vertex -1.23469 -49.34 0
    endloop
  endfacet
  facet normal 0 0 -1
    outer loop
      vertex -7.96148 -0.784137 0
      vertex -0.659955 -48.7653 0
      vertex -4.37881 -50.4313 0
    endloop
  endfacet
  facet normal 0 0 -1
    outer loop
      vertex -4.37881 -50.4313 0
      vertex -1.23469 -49.34 0
      vertex -1.29343 -49.4642 0
    endloop
  endfacet
  facet normal 0 0 -1
    outer loop
      vertex -4.37881 -50.4313 0
      vertex -1.29343 -49.4642 0
      vertex -1.33972 -49.5936 0
    endloop
  endfacet
  facet normal 0 0 -1
    outer loop
      vertex -4.37881 -50.4313 0
      vertex -1.33972 -49.5936 0
      vertex -1.3731 -49.7269 0
    endloop
  endfacet
  facet normal 0 0 -1
    outer loop
      vertex -4.37881 -50.4313 0
      vertex -1.3731 -49.7269 0
      vertex -1.39326 -49.8628 0
    endloop
  endfacet
  facet normal -0 0 -1
    outer loop
      vertex -1.3731 -50.2731 0
      vertex -4.37881 -50.4313 0
      vertex -1.39326 -50.1372 0
    endloop
  endfacet
  facet normal 0 0 -1
    outer loop
      vertex -0.861037 -2.07873 0
      vertex -7.96148 -0.784137 0
      vertex -1.06064 -1.98432 0
    endloop
  endfacet
  facet normal 0.74101 -0.671494 0
    outer loop
      vertex 3.11127 -53.1113 8
      vertex 3.40125 -52.7913 0
      vertex 3.40125 -52.7913 8
    endloop
  endfacet
  facet normal 0.74101 -0.671494 0
    outer loop
      vertex 3.40125 -52.7913 0
      vertex 3.11127 -53.1113 8
      vertex 3.11127 -53.1113 0
    endloop
  endfacet
  facet normal 0.857758 -0.514053 0
    outer loop
      vertex 3.65847 -52.4445 8
      vertex 3.88045 -52.0741 0
      vertex 3.88045 -52.0741 8
    endloop
  endfacet
  facet normal 0.857758 -0.514053 0
    outer loop
      vertex 3.88045 -52.0741 0
      vertex 3.65847 -52.4445 8
      vertex 3.65847 -52.4445 0
    endloop
  endfacet
  facet normal -0.989175 -0.146743 0
    outer loop
      vertex -4.31545 -50.8584 0
      vertex -4.37881 -50.4313 8
      vertex -4.37881 -50.4313 0
    endloop
  endfacet
  facet normal -0.989175 -0.146743 0
    outer loop
      vertex -4.37881 -50.4313 8
      vertex -4.31545 -50.8584 0
      vertex -4.31545 -50.8584 8
    endloop
  endfacet
  facet normal 0.90397 -0.427596 0
    outer loop
      vertex 3.88045 -52.0741 8
      vertex 4.06507 -51.6838 0
      vertex 4.06507 -51.6838 8
    endloop
  endfacet
  facet normal 0.90397 -0.427596 0
    outer loop
      vertex 4.06507 -51.6838 0
      vertex 3.88045 -52.0741 8
      vertex 3.88045 -52.0741 0
    endloop
  endfacet
  facet normal 0.998796 -0.0490649 0
    outer loop
      vertex 7.96148 -0.784137 8
      vertex 8 0 0
      vertex 8 0 8
    endloop
  endfacet
  facet normal 0.998796 -0.0490649 0
    outer loop
      vertex 8 0 0
      vertex 7.96148 -0.784137 8
      vertex 7.96148 -0.784137 0
    endloop
  endfacet
  facet normal -0.671461 -0.74104 0
    outer loop
      vertex -3.11127 -53.1113 0
      vertex -2.79133 -53.4012 8
      vertex -3.11127 -53.1113 8
    endloop
  endfacet
  facet normal -0.671461 -0.74104 -0
    outer loop
      vertex -2.79133 -53.4012 8
      vertex -3.11127 -53.1113 0
      vertex -2.79133 -53.4012 0
    endloop
  endfacet
  facet normal -0.857758 -0.514053 0
    outer loop
      vertex -3.65847 -52.4445 0
      vertex -3.88045 -52.0741 8
      vertex -3.88045 -52.0741 0
    endloop
  endfacet
  facet normal -0.857758 -0.514053 0
    outer loop
      vertex -3.88045 -52.0741 8
      vertex -3.65847 -52.4445 0
      vertex -3.65847 -52.4445 8
    endloop
  endfacet
  facet normal -0.0490973 -0.998794 0
    outer loop
      vertex -0.431275 -54.3788 0
      vertex 0 -54.4 8
      vertex -0.431275 -54.3788 8
    endloop
  endfacet
  facet normal -0.0490973 -0.998794 -0
    outer loop
      vertex 0 -54.4 8
      vertex -0.431275 -54.3788 0
      vertex 0 -54.4 0
    endloop
  endfacet
  facet normal 0.989175 -0.146743 0
    outer loop
      vertex 4.31545 -50.8584 8
      vertex 4.37881 -50.4313 0
      vertex 4.37881 -50.4313 8
    endloop
  endfacet
  facet normal 0.989175 -0.146743 0
    outer loop
      vertex 4.37881 -50.4313 0
      vertex 4.31545 -50.8584 8
      vertex 4.31545 -50.8584 0
    endloop
  endfacet
  facet normal 0.59582 -0.803118 0
    outer loop
      vertex 2.44451 -53.6585 0
      vertex 2.79133 -53.4012 8
      vertex 2.44451 -53.6585 8
    endloop
  endfacet
  facet normal 0.59582 -0.803118 0
    outer loop
      vertex 2.79133 -53.4012 8
      vertex 2.44451 -53.6585 0
      vertex 2.79133 -53.4012 0
    endloop
  endfacet
  facet normal -0.997406 -0.0719755 0
    outer loop
      vertex -4.37881 -50.4313 0
      vertex -7.96148 -0.784137 8
      vertex -7.96148 -0.784137 0
    endloop
  endfacet
  facet normal -0.997406 -0.0719755 0
    outer loop
      vertex -7.96148 -0.784137 8
      vertex -4.37881 -50.4313 0
      vertex -4.37881 -50.4313 8
    endloop
  endfacet
  facet normal -0.59582 -0.803118 0
    outer loop
      vertex -2.79133 -53.4012 0
      vertex -2.44451 -53.6585 8
      vertex -2.79133 -53.4012 8
    endloop
  endfacet
  facet normal -0.59582 -0.803118 -0
    outer loop
      vertex -2.44451 -53.6585 8
      vertex -2.79133 -53.4012 0
      vertex -2.44451 -53.6585 0
    endloop
  endfacet
  facet normal 0.970042 -0.242939 0
    outer loop
      vertex 4.21054 -51.2773 8
      vertex 4.31545 -50.8584 0
      vertex 4.31545 -50.8584 8
    endloop
  endfacet
  facet normal 0.970042 -0.242939 0
    outer loop
      vertex 4.31545 -50.8584 0
      vertex 4.21054 -51.2773 8
      vertex 4.21054 -51.2773 0
    endloop
  endfacet
  facet normal -0.998796 -0.0490649 0
    outer loop
      vertex -7.96148 -0.784137 0
      vertex -8 0 8
      vertex -8 0 0
    endloop
  endfacet
  facet normal -0.998796 -0.0490649 0
    outer loop
      vertex -8 0 8
      vertex -7.96148 -0.784137 0
      vertex -7.96148 -0.784137 8
    endloop
  endfacet
  facet normal 0.997406 -0.0719755 0
    outer loop
      vertex 4.37881 -50.4313 8
      vertex 7.96148 -0.784137 0
      vertex 7.96148 -0.784137 8
    endloop
  endfacet
  facet normal 0.997406 -0.0719755 0
    outer loop
      vertex 7.96148 -0.784137 0
      vertex 4.37881 -50.4313 8
      vertex 4.37881 -50.4313 0
    endloop
  endfacet
  facet normal 0.0490973 -0.998794 0
    outer loop
      vertex 0 -54.4 0
      vertex 0.431275 -54.3788 8
      vertex 0 -54.4 8
    endloop
  endfacet
  facet normal 0.0490973 -0.998794 0
    outer loop
      vertex 0.431275 -54.3788 8
      vertex 0 -54.4 0
      vertex 0.431275 -54.3788 0
    endloop
  endfacet
  facet normal 0.1466 -0.989196 0
    outer loop
      vertex 0.431275 -54.3788 0
      vertex 0.858397 -54.3155 8
      vertex 0.431275 -54.3788 8
    endloop
  endfacet
  facet normal 0.1466 -0.989196 0
    outer loop
      vertex 0.858397 -54.3155 8
      vertex 0.431275 -54.3788 0
      vertex 0.858397 -54.3155 0
    endloop
  endfacet
  facet normal 0.427523 -0.904005 0
    outer loop
      vertex 1.68381 -54.0651 0
      vertex 2.07415 -53.8805 8
      vertex 1.68381 -54.0651 8
    endloop
  endfacet
  facet normal 0.427523 -0.904005 0
    outer loop
      vertex 2.07415 -53.8805 8
      vertex 1.68381 -54.0651 0
      vertex 2.07415 -53.8805 0
    endloop
  endfacet
  facet normal -0.941528 -0.336935 0
    outer loop
      vertex -4.06507 -51.6838 0
      vertex -4.21054 -51.2773 8
      vertex -4.21054 -51.2773 0
    endloop
  endfacet
  facet normal -0.941528 -0.336935 0
    outer loop
      vertex -4.21054 -51.2773 8
      vertex -4.06507 -51.6838 0
      vertex -4.06507 -51.6838 8
    endloop
  endfacet
  facet normal -0.970042 -0.242939 0
    outer loop
      vertex -4.21054 -51.2773 0
      vertex -4.31545 -50.8584 8
      vertex -4.31545 -50.8584 0
    endloop
  endfacet
  facet normal -0.970042 -0.242939 0
    outer loop
      vertex -4.31545 -50.8584 8
      vertex -4.21054 -51.2773 0
      vertex -4.21054 -51.2773 8
    endloop
  endfacet
  facet normal -0.427523 -0.904005 0
    outer loop
      vertex -2.07415 -53.8805 0
      vertex -1.68381 -54.0651 8
      vertex -2.07415 -53.8805 8
    endloop
  endfacet
  facet normal -0.427523 -0.904005 -0
    outer loop
      vertex -1.68381 -54.0651 8
      vertex -2.07415 -53.8805 0
      vertex -1.68381 -54.0651 0
    endloop
  endfacet
  facet normal -0.336747 -0.941595 0
    outer loop
      vertex -1.68381 -54.0651 0
      vertex -1.27725 -54.2105 8
      vertex -1.68381 -54.0651 8
    endloop
  endfacet
  facet normal -0.336747 -0.941595 -0
    outer loop
      vertex -1.27725 -54.2105 8
      vertex -1.68381 -54.0651 0
      vertex -1.27725 -54.2105 0
    endloop
  endfacet
  facet normal 0.671461 -0.74104 0
    outer loop
      vertex 2.79133 -53.4012 0
      vertex 3.11127 -53.1113 8
      vertex 2.79133 -53.4012 8
    endloop
  endfacet
  facet normal 0.671461 -0.74104 0
    outer loop
      vertex 3.11127 -53.1113 8
      vertex 2.79133 -53.4012 0
      vertex 3.11127 -53.1113 0
    endloop
  endfacet
  facet normal -0 0 1
    outer loop
      vertex -8 31 8
      vertex -3.2 30 8
      vertex -3.2 31 8
    endloop
  endfacet
  facet normal 0 0 1
    outer loop
      vertex -3.2 30 8
      vertex -7.96148 -0.784137 8
      vertex -3.40125 -52.7913 8
    endloop
  endfacet
  facet normal -0 -0 1
    outer loop
      vertex -4.37881 -50.4313 8
      vertex -3.40125 -52.7913 8
      vertex -7.96148 -0.784137 8
    endloop
  endfacet
  facet normal 0 0 1
    outer loop
      vertex -3.40125 -52.7913 8
      vertex -4.37881 -50.4313 8
      vertex -3.65847 -52.4445 8
    endloop
  endfacet
  facet normal 0 0 1
    outer loop
      vertex -3.65847 -52.4445 8
      vertex -4.37881 -50.4313 8
      vertex -3.88045 -52.0741 8
    endloop
  endfacet
  facet normal 0 0 1
    outer loop
      vertex -4.06507 -51.6838 8
      vertex -4.37881 -50.4313 8
      vertex -4.21054 -51.2773 8
    endloop
  endfacet
  facet normal 0 0 1
    outer loop
      vertex -4.21054 -51.2773 8
      vertex -4.37881 -50.4313 8
      vertex -4.31545 -50.8584 8
    endloop
  endfacet
  facet normal 0 0 1
    outer loop
      vertex -3.88045 -52.0741 8
      vertex -4.37881 -50.4313 8
      vertex -4.06507 -51.6838 8
    endloop
  endfacet
  facet normal 0 0 1
    outer loop
      vertex -3.2 30 8
      vertex -8 31 8
      vertex -8 0 8
    endloop
  endfacet
  facet normal 0 0 1
    outer loop
      vertex -3.2 30 8
      vertex -8 0 8
      vertex -7.96148 -0.784137 8
    endloop
  endfacet
  facet normal -0 0 1
    outer loop
      vertex 1.06064 1.98432 8
      vertex 8 0 8
      vertex 8 31 8
    endloop
  endfacet
  facet normal -0 -0 1
    outer loop
      vertex 1.42738 1.73927 8
      vertex 8 0 8
      vertex 1.25003 1.87081 8
    endloop
  endfacet
  facet normal -0 0 1
    outer loop
      vertex 2.20677 -0.438952 8
      vertex 7.96148 -0.784137 8
      vertex 2.23917 -0.220538 8
    endloop
  endfacet
  facet normal -0 0 1
    outer loop
      vertex 2.15312 -0.65314 8
      vertex 7.96148 -0.784137 8
      vertex 2.20677 -0.438952 8
    endloop
  endfacet
  facet normal 0 0 1
    outer loop
      vertex 2.07873 -0.861037 8
      vertex 7.96148 -0.784137 8
      vertex 2.15312 -0.65314 8
    endloop
  endfacet
  facet normal 0 0 1
    outer loop
      vertex 1.98432 -1.06064 8
      vertex 7.96148 -0.784137 8
      vertex 2.07873 -0.861037 8
    endloop
  endfacet
  facet normal 0 0 1
    outer loop
      vertex 1.87081 -1.25003 8
      vertex 7.96148 -0.784137 8
      vertex 1.98432 -1.06064 8
    endloop
  endfacet
  facet normal 0 0 1
    outer loop
      vertex 1.73927 -1.42738 8
      vertex 7.96148 -0.784137 8
      vertex 1.87081 -1.25003 8
    endloop
  endfacet
  facet normal 0 0 1
    outer loop
      vertex 3.2 30 8
      vertex 8 31 8
      vertex 3.2 31 8
    endloop
  endfacet
  facet normal 0 0 1
    outer loop
      vertex 1.06064 1.98432 8
      vertex 8 31 8
      vertex 3.2 30 8
    endloop
  endfacet
  facet normal 0 0 1
    outer loop
      vertex 7.96148 -0.784137 8
      vertex 2.25 0 8
      vertex 2.23917 -0.220538 8
    endloop
  endfacet
  facet normal 0 0 1
    outer loop
      vertex 1.59099 -1.59099 8
      vertex 7.96148 -0.784137 8
      vertex 1.73927 -1.42738 8
    endloop
  endfacet
  facet normal -0 0 1
    outer loop
      vertex 2.67925 -51.1098 8
      vertex 4.06507 -51.6838 8
      vertex 2.77513 -50.8418 8
    endloop
  endfacet
  facet normal 0 0 1
    outer loop
      vertex 4.21054 -51.2773 8
      vertex 2.77513 -50.8418 8
      vertex 4.06507 -51.6838 8
    endloop
  endfacet
  facet normal -0 0 1
    outer loop
      vertex 2.77513 -50.8418 8
      vertex 4.21054 -51.2773 8
      vertex 2.84428 -50.5658 8
    endloop
  endfacet
  facet normal 0 0 1
    outer loop
      vertex 4.31545 -50.8584 8
      vertex 2.84428 -50.5658 8
      vertex 4.21054 -51.2773 8
    endloop
  endfacet
  facet normal -0 0 1
    outer loop
      vertex 2.84428 -50.5658 8
      vertex 4.31545 -50.8584 8
      vertex 2.88603 -50.2842 8
    endloop
  endfacet
  facet normal 0 0 1
    outer loop
      vertex 4.37881 -50.4313 8
      vertex 2.88603 -50.2842 8
      vertex 4.31545 -50.8584 8
    endloop
  endfacet
  facet normal -0 0 1
    outer loop
      vertex 2.88603 -50.2842 8
      vertex 4.37881 -50.4313 8
      vertex 2.9 -50 8
    endloop
  endfacet
  facet normal 0 0 1
    outer loop
      vertex 8 0 8
      vertex 2.25 0 8
      vertex 7.96148 -0.784137 8
    endloop
  endfacet
  facet normal 0 -0 1
    outer loop
      vertex 2.25 0 8
      vertex 8 0 8
      vertex 2.23917 0.220538 8
    endloop
  endfacet
  facet normal -0 -0 1
    outer loop
      vertex 2.23917 0.220538 8
      vertex 8 0 8
      vertex 2.20677 0.438952 8
    endloop
  endfacet
  facet normal -0 -0 1
    outer loop
      vertex 2.20677 0.438952 8
      vertex 8 0 8
      vertex 2.15312 0.65314 8
    endloop
  endfacet
  facet normal -0 -0 1
    outer loop
      vertex 2.15312 0.65314 8
      vertex 8 0 8
      vertex 2.07873 0.861037 8
    endloop
  endfacet
  facet normal -0 -0 1
    outer loop
      vertex 2.07873 0.861037 8
      vertex 8 0 8
      vertex 1.98432 1.06064 8
    endloop
  endfacet
  facet normal -0 -0 1
    outer loop
      vertex 1.98432 1.06064 8
      vertex 8 0 8
      vertex 1.87081 1.25003 8
    endloop
  endfacet
  facet normal -0 -0 1
    outer loop
      vertex 1.87081 1.25003 8
      vertex 8 0 8
      vertex 1.73927 1.42738 8
    endloop
  endfacet
  facet normal -0 -0 1
    outer loop
      vertex 1.73927 1.42738 8
      vertex 8 0 8
      vertex 1.59099 1.59099 8
    endloop
  endfacet
  facet normal -0 -0 1
    outer loop
      vertex 1.59099 1.59099 8
      vertex 8 0 8
      vertex 1.42738 1.73927 8
    endloop
  endfacet
  facet normal 0 0 1
    outer loop
      vertex 8 0 8
      vertex 1.06064 1.98432 8
      vertex 1.25003 1.87081 8
    endloop
  endfacet
  facet normal 0 0 1
    outer loop
      vertex 3.2 30 8
      vertex 0.861037 2.07873 8
      vertex 1.06064 1.98432 8
    endloop
  endfacet
  facet normal 0 0 1
    outer loop
      vertex 3.2 30 8
      vertex 0.65314 2.15312 8
      vertex 0.861037 2.07873 8
    endloop
  endfacet
  facet normal 0 0 1
    outer loop
      vertex 3.2 30 8
      vertex 0.438952 2.20677 8
      vertex 0.65314 2.15312 8
    endloop
  endfacet
  facet normal 0 0 1
    outer loop
      vertex 3.2 30 8
      vertex 0.220538 2.23917 8
      vertex 0.438952 2.20677 8
    endloop
  endfacet
  facet normal 0 0 1
    outer loop
      vertex 3.2 30 8
      vertex 0 2.25 8
      vertex 0.220538 2.23917 8
    endloop
  endfacet
  facet normal -0 0 1
    outer loop
      vertex -3.2 30 8
      vertex 0 2.25 8
      vertex 3.2 30 8
    endloop
  endfacet
  facet normal 0 0 1
    outer loop
      vertex 0 2.25 8
      vertex -3.2 30 8
      vertex -0.220538 2.23917 8
    endloop
  endfacet
  facet normal 0 0 1
    outer loop
      vertex -0.220538 2.23917 8
      vertex -3.2 30 8
      vertex -0.438952 2.20677 8
    endloop
  endfacet
  facet normal 0 0 1
    outer loop
      vertex -0.438952 2.20677 8
      vertex -3.2 30 8
      vertex -0.65314 2.15312 8
    endloop
  endfacet
  facet normal 0 0 1
    outer loop
      vertex -0.65314 2.15312 8
      vertex -3.2 30 8
      vertex -0.861037 2.07873 8
    endloop
  endfacet
  facet normal 0 0 1
    outer loop
      vertex -0.861037 2.07873 8
      vertex -3.2 30 8
      vertex -1.06064 1.98432 8
    endloop
  endfacet
  facet normal 0 0 1
    outer loop
      vertex -1.06064 1.98432 8
      vertex -3.2 30 8
      vertex -1.25003 1.87081 8
    endloop
  endfacet
  facet normal 0 0 1
    outer loop
      vertex -1.25003 1.87081 8
      vertex -3.2 30 8
      vertex -1.42738 1.73927 8
    endloop
  endfacet
  facet normal 0 0 1
    outer loop
      vertex -1.42738 1.73927 8
      vertex -3.2 30 8
      vertex -1.59099 1.59099 8
    endloop
  endfacet
  facet normal 0 0 1
    outer loop
      vertex -1.59099 1.59099 8
      vertex -3.2 30 8
      vertex -1.73927 1.42738 8
    endloop
  endfacet
  facet normal 0 0 1
    outer loop
      vertex -1.73927 1.42738 8
      vertex -3.2 30 8
      vertex -1.87081 1.25003 8
    endloop
  endfacet
  facet normal 0 0 1
    outer loop
      vertex -1.87081 1.25003 8
      vertex -3.2 30 8
      vertex -1.98432 1.06064 8
    endloop
  endfacet
  facet normal 0 0 1
    outer loop
      vertex -1.98432 1.06064 8
      vertex -3.2 30 8
      vertex -2.07873 0.861037 8
    endloop
  endfacet
  facet normal 0 0 1
    outer loop
      vertex -2.07873 0.861037 8
      vertex -3.2 30 8
      vertex -2.15312 0.65314 8
    endloop
  endfacet
  facet normal 0 0 1
    outer loop
      vertex -1.98432 -1.06064 8
      vertex -2.55757 -48.6329 8
      vertex -2.41126 -48.3888 8
    endloop
  endfacet
  facet normal 0 0 1
    outer loop
      vertex -2.23917 -0.220538 8
      vertex -2.67925 -48.8902 8
      vertex -2.55757 -48.6329 8
    endloop
  endfacet
  facet normal 0 0 1
    outer loop
      vertex -2.23917 -0.220538 8
      vertex -2.77513 -49.1582 8
      vertex -2.67925 -48.8902 8
    endloop
  endfacet
  facet normal 0 0 1
    outer loop
      vertex -2.23917 -0.220538 8
      vertex -2.84428 -49.4342 8
      vertex -2.77513 -49.1582 8
    endloop
  endfacet
  facet normal 0 0 1
    outer loop
      vertex -2.23917 -0.220538 8
      vertex -2.88603 -49.7158 8
      vertex -2.84428 -49.4342 8
    endloop
  endfacet
  facet normal 0 0 1
    outer loop
      vertex -2.23917 -0.220538 8
      vertex -3.40125 -52.7913 8
      vertex -2.88603 -49.7158 8
    endloop
  endfacet
  facet normal 0 0 1
    outer loop
      vertex -2.88603 -49.7158 8
      vertex -3.40125 -52.7913 8
      vertex -2.9 -50 8
    endloop
  endfacet
  facet normal 0 0 1
    outer loop
      vertex -2.15312 0.65314 8
      vertex -3.2 30 8
      vertex -2.20677 0.438952 8
    endloop
  endfacet
  facet normal 0 0 1
    outer loop
      vertex -3.2 30 8
      vertex -2.23917 0.220538 8
      vertex -2.20677 0.438952 8
    endloop
  endfacet
  facet normal 0 0 1
    outer loop
      vertex -3.2 30 8
      vertex -2.25 0 8
      vertex -2.23917 0.220538 8
    endloop
  endfacet
  facet normal 0 0 1
    outer loop
      vertex -3.40125 -52.7913 8
      vertex -2.25 0 8
      vertex -3.2 30 8
    endloop
  endfacet
  facet normal 0 0 1
    outer loop
      vertex -2.9 -50 8
      vertex -3.40125 -52.7913 8
      vertex -3.11127 -53.1113 8
    endloop
  endfacet
  facet normal 0 0 1
    outer loop
      vertex 4.06507 -51.6838 8
      vertex 2.67925 -51.1098 8
      vertex 3.88045 -52.0741 8
    endloop
  endfacet
  facet normal -0 0 1
    outer loop
      vertex 2.55757 -51.3671 8
      vertex 3.88045 -52.0741 8
      vertex 2.67925 -51.1098 8
    endloop
  endfacet
  facet normal 0 0 1
    outer loop
      vertex 3.88045 -52.0741 8
      vertex 2.55757 -51.3671 8
      vertex 3.65847 -52.4445 8
    endloop
  endfacet
  facet normal -0 0 1
    outer loop
      vertex 2.41126 -51.6112 8
      vertex 3.65847 -52.4445 8
      vertex 2.55757 -51.3671 8
    endloop
  endfacet
  facet normal 0 0 1
    outer loop
      vertex 3.65847 -52.4445 8
      vertex 2.41126 -51.6112 8
      vertex 3.40125 -52.7913 8
    endloop
  endfacet
  facet normal -0 0 1
    outer loop
      vertex 2.24173 -51.8397 8
      vertex 3.40125 -52.7913 8
      vertex 2.41126 -51.6112 8
    endloop
  endfacet
  facet normal 0 0 1
    outer loop
      vertex 3.40125 -52.7913 8
      vertex 2.24173 -51.8397 8
      vertex 3.11127 -53.1113 8
    endloop
  endfacet
  facet normal -0 0 1
    outer loop
      vertex 2.05061 -52.0506 8
      vertex 3.11127 -53.1113 8
      vertex 2.24173 -51.8397 8
    endloop
  endfacet
  facet normal 0 0 1
    outer loop
      vertex 3.11127 -53.1113 8
      vertex 2.05061 -52.0506 8
      vertex 2.79133 -53.4012 8
    endloop
  endfacet
  facet normal -0 0 1
    outer loop
      vertex 1.83974 -52.2417 8
      vertex 2.79133 -53.4012 8
      vertex 2.05061 -52.0506 8
    endloop
  endfacet
  facet normal 0 0 1
    outer loop
      vertex 2.79133 -53.4012 8
      vertex 1.83974 -52.2417 8
      vertex 2.44451 -53.6585 8
    endloop
  endfacet
  facet normal -0 0 1
    outer loop
      vertex 1.61115 -52.4113 8
      vertex 2.44451 -53.6585 8
      vertex 1.83974 -52.2417 8
    endloop
  endfacet
  facet normal 0 0 1
    outer loop
      vertex 2.44451 -53.6585 8
      vertex 1.61115 -52.4113 8
      vertex 2.07415 -53.8805 8
    endloop
  endfacet
  facet normal -0 0 1
    outer loop
      vertex 1.36705 -52.5576 8
      vertex 2.07415 -53.8805 8
      vertex 1.61115 -52.4113 8
    endloop
  endfacet
  facet normal 0 0 1
    outer loop
      vertex 2.07415 -53.8805 8
      vertex 1.36705 -52.5576 8
      vertex 1.68381 -54.0651 8
    endloop
  endfacet
  facet normal -0 0 1
    outer loop
      vertex 1.10978 -52.6792 8
      vertex 1.68381 -54.0651 8
      vertex 1.36705 -52.5576 8
    endloop
  endfacet
  facet normal 0 0 1
    outer loop
      vertex 1.68381 -54.0651 8
      vertex 1.10978 -52.6792 8
      vertex 1.27725 -54.2105 8
    endloop
  endfacet
  facet normal -0 0 1
    outer loop
      vertex 0.841825 -52.7751 8
      vertex 1.27725 -54.2105 8
      vertex 1.10978 -52.6792 8
    endloop
  endfacet
  facet normal 0 0 1
    outer loop
      vertex 1.27725 -54.2105 8
      vertex 0.841825 -52.7751 8
      vertex 0.858397 -54.3155 8
    endloop
  endfacet
  facet normal -0 0 1
    outer loop
      vertex 0.565762 -52.8443 8
      vertex 0.858397 -54.3155 8
      vertex 0.841825 -52.7751 8
    endloop
  endfacet
  facet normal 0 0 1
    outer loop
      vertex 0.565762 -52.8443 8
      vertex 0.431275 -54.3788 8
      vertex 0.858397 -54.3155 8
    endloop
  endfacet
  facet normal -0 0 1
    outer loop
      vertex 0.284249 -52.886 8
      vertex 0.431275 -54.3788 8
      vertex 0.565762 -52.8443 8
    endloop
  endfacet
  facet normal -0 0 1
    outer loop
      vertex 0 -52.9 8
      vertex 0.431275 -54.3788 8
      vertex 0.284249 -52.886 8
    endloop
  endfacet
  facet normal 0 0 1
    outer loop
      vertex 0 -52.9 8
      vertex 0 -54.4 8
      vertex 0.431275 -54.3788 8
    endloop
  endfacet
  facet normal 0 0 1
    outer loop
      vertex -0.284249 -52.886 8
      vertex 0 -54.4 8
      vertex 0 -52.9 8
    endloop
  endfacet
  facet normal 0 0 1
    outer loop
      vertex -0.284249 -52.886 8
      vertex -0.431275 -54.3788 8
      vertex 0 -54.4 8
    endloop
  endfacet
  facet normal 0 0 1
    outer loop
      vertex -0.565762 -52.8443 8
      vertex -0.431275 -54.3788 8
      vertex -0.284249 -52.886 8
    endloop
  endfacet
  facet normal 0 0 1
    outer loop
      vertex -0.858397 -54.3155 8
      vertex -0.565762 -52.8443 8
      vertex -0.841825 -52.7751 8
    endloop
  endfacet
  facet normal 0 0 1
    outer loop
      vertex -0.565762 -52.8443 8
      vertex -0.858397 -54.3155 8
      vertex -0.431275 -54.3788 8
    endloop
  endfacet
  facet normal 0 0 1
    outer loop
      vertex -1.27725 -54.2105 8
      vertex -0.841825 -52.7751 8
      vertex -1.10978 -52.6792 8
    endloop
  endfacet
  facet normal 0 0 1
    outer loop
      vertex -0.841825 -52.7751 8
      vertex -1.27725 -54.2105 8
      vertex -0.858397 -54.3155 8
    endloop
  endfacet
  facet normal 0 0 1
    outer loop
      vertex -1.68381 -54.0651 8
      vertex -1.10978 -52.6792 8
      vertex -1.36705 -52.5576 8
    endloop
  endfacet
  facet normal 0 0 1
    outer loop
      vertex -2.07415 -53.8805 8
      vertex -1.36705 -52.5576 8
      vertex -1.61115 -52.4113 8
    endloop
  endfacet
  facet normal 0 0 1
    outer loop
      vertex -1.10978 -52.6792 8
      vertex -1.68381 -54.0651 8
      vertex -1.27725 -54.2105 8
    endloop
  endfacet
  facet normal 0 0 1
    outer loop
      vertex -2.44451 -53.6585 8
      vertex -1.61115 -52.4113 8
      vertex -1.83974 -52.2417 8
    endloop
  endfacet
  facet normal 0 0 1
    outer loop
      vertex -2.79133 -53.4012 8
      vertex -1.83974 -52.2417 8
      vertex -2.05061 -52.0506 8
    endloop
  endfacet
  facet normal 0 0 1
    outer loop
      vertex -1.36705 -52.5576 8
      vertex -2.07415 -53.8805 8
      vertex -1.68381 -54.0651 8
    endloop
  endfacet
  facet normal 0 0 1
    outer loop
      vertex -3.11127 -53.1113 8
      vertex -2.05061 -52.0506 8
      vertex -2.24173 -51.8397 8
    endloop
  endfacet
  facet normal 0 0 1
    outer loop
      vertex -3.11127 -53.1113 8
      vertex -2.24173 -51.8397 8
      vertex -2.41126 -51.6112 8
    endloop
  endfacet
  facet normal 0 0 1
    outer loop
      vertex -1.61115 -52.4113 8
      vertex -2.44451 -53.6585 8
      vertex -2.07415 -53.8805 8
    endloop
  endfacet
  facet normal 0 0 1
    outer loop
      vertex -3.11127 -53.1113 8
      vertex -2.41126 -51.6112 8
      vertex -2.55757 -51.3671 8
    endloop
  endfacet
  facet normal 0 0 1
    outer loop
      vertex -3.11127 -53.1113 8
      vertex -2.55757 -51.3671 8
      vertex -2.67925 -51.1098 8
    endloop
  endfacet
  facet normal 0 0 1
    outer loop
      vertex -3.11127 -53.1113 8
      vertex -2.67925 -51.1098 8
      vertex -2.77513 -50.8418 8
    endloop
  endfacet
  facet normal 0 0 1
    outer loop
      vertex -1.83974 -52.2417 8
      vertex -2.79133 -53.4012 8
      vertex -2.44451 -53.6585 8
    endloop
  endfacet
  facet normal 0 0 1
    outer loop
      vertex -3.11127 -53.1113 8
      vertex -2.77513 -50.8418 8
      vertex -2.84428 -50.5658 8
    endloop
  endfacet
  facet normal 0 0 1
    outer loop
      vertex -3.11127 -53.1113 8
      vertex -2.84428 -50.5658 8
      vertex -2.88603 -50.2842 8
    endloop
  endfacet
  facet normal 0 0 1
    outer loop
      vertex -3.11127 -53.1113 8
      vertex -2.88603 -50.2842 8
      vertex -2.9 -50 8
    endloop
  endfacet
  facet normal 0 0 1
    outer loop
      vertex -2.05061 -52.0506 8
      vertex -3.11127 -53.1113 8
      vertex -2.79133 -53.4012 8
    endloop
  endfacet
  facet normal -0 -0 1
    outer loop
      vertex 2.9 -50 8
      vertex 4.37881 -50.4313 8
      vertex 2.88603 -49.7158 8
    endloop
  endfacet
  facet normal -0 -0 1
    outer loop
      vertex 2.88603 -49.7158 8
      vertex 4.37881 -50.4313 8
      vertex 2.84428 -49.4342 8
    endloop
  endfacet
  facet normal -0 -0 1
    outer loop
      vertex 2.84428 -49.4342 8
      vertex 4.37881 -50.4313 8
      vertex 2.77513 -49.1582 8
    endloop
  endfacet
  facet normal -0 -0 1
    outer loop
      vertex 2.77513 -49.1582 8
      vertex 4.37881 -50.4313 8
      vertex 2.67925 -48.8902 8
    endloop
  endfacet
  facet normal -0 -0 1
    outer loop
      vertex 2.67925 -48.8902 8
      vertex 4.37881 -50.4313 8
      vertex 2.55757 -48.6329 8
    endloop
  endfacet
  facet normal -0 -0 1
    outer loop
      vertex 2.55757 -48.6329 8
      vertex 4.37881 -50.4313 8
      vertex 2.41126 -48.3888 8
    endloop
  endfacet
  facet normal 0 0 1
    outer loop
      vertex 4.37881 -50.4313 8
      vertex 2.24173 -48.1603 8
      vertex 2.41126 -48.3888 8
    endloop
  endfacet
  facet normal 0 0 1
    outer loop
      vertex 7.96148 -0.784137 8
      vertex 2.24173 -48.1603 8
      vertex 4.37881 -50.4313 8
    endloop
  endfacet
  facet normal 0 0 1
    outer loop
      vertex 7.96148 -0.784137 8
      vertex 2.05061 -47.9494 8
      vertex 2.24173 -48.1603 8
    endloop
  endfacet
  facet normal 0 0 1
    outer loop
      vertex 1.42738 -1.73927 8
      vertex 7.96148 -0.784137 8
      vertex 1.59099 -1.59099 8
    endloop
  endfacet
  facet normal 0 0 1
    outer loop
      vertex 7.96148 -0.784137 8
      vertex 1.83974 -47.7583 8
      vertex 2.05061 -47.9494 8
    endloop
  endfacet
  facet normal 0 0 1
    outer loop
      vertex 1.25003 -1.87081 8
      vertex 7.96148 -0.784137 8
      vertex 1.42738 -1.73927 8
    endloop
  endfacet
  facet normal 0 0 1
    outer loop
      vertex 7.96148 -0.784137 8
      vertex 1.61115 -47.5887 8
      vertex 1.83974 -47.7583 8
    endloop
  endfacet
  facet normal 0 0 1
    outer loop
      vertex 1.06064 -1.98432 8
      vertex 7.96148 -0.784137 8
      vertex 1.25003 -1.87081 8
    endloop
  endfacet
  facet normal 0 0 1
    outer loop
      vertex 7.96148 -0.784137 8
      vertex 1.36705 -47.4424 8
      vertex 1.61115 -47.5887 8
    endloop
  endfacet
  facet normal 0 0 1
    outer loop
      vertex 0.861037 -2.07873 8
      vertex 7.96148 -0.784137 8
      vertex 1.06064 -1.98432 8
    endloop
  endfacet
  facet normal 0 0 1
    outer loop
      vertex 7.96148 -0.784137 8
      vertex 1.10978 -47.3207 8
      vertex 1.36705 -47.4424 8
    endloop
  endfacet
  facet normal 0 0 1
    outer loop
      vertex 0.841825 -47.2249 8
      vertex 7.96148 -0.784137 8
      vertex 0.861037 -2.07873 8
    endloop
  endfacet
  facet normal 0 0 1
    outer loop
      vertex 7.96148 -0.784137 8
      vertex 0.841825 -47.2249 8
      vertex 1.10978 -47.3207 8
    endloop
  endfacet
  facet normal -0 0 1
    outer loop
      vertex 0.65314 -2.15312 8
      vertex 0.841825 -47.2249 8
      vertex 0.861037 -2.07873 8
    endloop
  endfacet
  facet normal 0 0 1
    outer loop
      vertex 0.65314 -2.15312 8
      vertex 0.565762 -47.1557 8
      vertex 0.841825 -47.2249 8
    endloop
  endfacet
  facet normal -0 0 1
    outer loop
      vertex 0.438952 -2.20677 8
      vertex 0.565762 -47.1557 8
      vertex 0.65314 -2.15312 8
    endloop
  endfacet
  facet normal 0 0 1
    outer loop
      vertex 0.438952 -2.20677 8
      vertex 0.284249 -47.114 8
      vertex 0.565762 -47.1557 8
    endloop
  endfacet
  facet normal -0 0 1
    outer loop
      vertex 0.220538 -2.23917 8
      vertex 0.284249 -47.114 8
      vertex 0.438952 -2.20677 8
    endloop
  endfacet
  facet normal -0 0 1
    outer loop
      vertex 0 -2.25 8
      vertex 0.284249 -47.114 8
      vertex 0.220538 -2.23917 8
    endloop
  endfacet
  facet normal 0 0 1
    outer loop
      vertex 0 -2.25 8
      vertex 0 -47.1 8
      vertex 0.284249 -47.114 8
    endloop
  endfacet
  facet normal 0 0 1
    outer loop
      vertex -0.220538 -2.23917 8
      vertex 0 -47.1 8
      vertex 0 -2.25 8
    endloop
  endfacet
  facet normal 0 0 1
    outer loop
      vertex -0.220538 -2.23917 8
      vertex -0.284249 -47.114 8
      vertex 0 -47.1 8
    endloop
  endfacet
  facet normal 0 0 1
    outer loop
      vertex -0.438952 -2.20677 8
      vertex -0.284249 -47.114 8
      vertex -0.220538 -2.23917 8
    endloop
  endfacet
  facet normal 0 0 1
    outer loop
      vertex -0.438952 -2.20677 8
      vertex -0.565762 -47.1557 8
      vertex -0.284249 -47.114 8
    endloop
  endfacet
  facet normal 0 0 1
    outer loop
      vertex -0.65314 -2.15312 8
      vertex -0.565762 -47.1557 8
      vertex -0.438952 -2.20677 8
    endloop
  endfacet
  facet normal 0 0 1
    outer loop
      vertex -0.65314 -2.15312 8
      vertex -0.841825 -47.2249 8
      vertex -0.565762 -47.1557 8
    endloop
  endfacet
  facet normal 0 0 1
    outer loop
      vertex -0.861037 -2.07873 8
      vertex -0.841825 -47.2249 8
      vertex -0.65314 -2.15312 8
    endloop
  endfacet
  facet normal 0 0 1
    outer loop
      vertex -1.10978 -47.3207 8
      vertex -0.861037 -2.07873 8
      vertex -1.06064 -1.98432 8
    endloop
  endfacet
  facet normal 0 0 1
    outer loop
      vertex -0.861037 -2.07873 8
      vertex -1.10978 -47.3207 8
      vertex -0.841825 -47.2249 8
    endloop
  endfacet
  facet normal 0 0 1
    outer loop
      vertex -1.36705 -47.4424 8
      vertex -1.06064 -1.98432 8
      vertex -1.25003 -1.87081 8
    endloop
  endfacet
  facet normal 0 0 1
    outer loop
      vertex -1.06064 -1.98432 8
      vertex -1.36705 -47.4424 8
      vertex -1.10978 -47.3207 8
    endloop
  endfacet
  facet normal 0 0 1
    outer loop
      vertex -1.61115 -47.5887 8
      vertex -1.25003 -1.87081 8
      vertex -1.42738 -1.73927 8
    endloop
  endfacet
  facet normal 0 0 1
    outer loop
      vertex -1.83974 -47.7583 8
      vertex -1.42738 -1.73927 8
      vertex -1.59099 -1.59099 8
    endloop
  endfacet
  facet normal 0 0 1
    outer loop
      vertex -1.25003 -1.87081 8
      vertex -1.61115 -47.5887 8
      vertex -1.36705 -47.4424 8
    endloop
  endfacet
  facet normal 0 0 1
    outer loop
      vertex -2.05061 -47.9494 8
      vertex -1.59099 -1.59099 8
      vertex -1.73927 -1.42738 8
    endloop
  endfacet
  facet normal 0 0 1
    outer loop
      vertex -1.42738 -1.73927 8
      vertex -1.83974 -47.7583 8
      vertex -1.61115 -47.5887 8
    endloop
  endfacet
  facet normal 0 0 1
    outer loop
      vertex -2.24173 -48.1603 8
      vertex -1.73927 -1.42738 8
      vertex -1.87081 -1.25003 8
    endloop
  endfacet
  facet normal 0 0 1
    outer loop
      vertex -2.41126 -48.3888 8
      vertex -1.87081 -1.25003 8
      vertex -1.98432 -1.06064 8
    endloop
  endfacet
  facet normal 0 0 1
    outer loop
      vertex -1.59099 -1.59099 8
      vertex -2.05061 -47.9494 8
      vertex -1.83974 -47.7583 8
    endloop
  endfacet
  facet normal 0 0 1
    outer loop
      vertex -2.55757 -48.6329 8
      vertex -1.98432 -1.06064 8
      vertex -2.07873 -0.861037 8
    endloop
  endfacet
  facet normal 0 0 1
    outer loop
      vertex -2.55757 -48.6329 8
      vertex -2.07873 -0.861037 8
      vertex -2.15312 -0.65314 8
    endloop
  endfacet
  facet normal 0 0 1
    outer loop
      vertex -2.55757 -48.6329 8
      vertex -2.15312 -0.65314 8
      vertex -2.20677 -0.438952 8
    endloop
  endfacet
  facet normal 0 0 1
    outer loop
      vertex -2.55757 -48.6329 8
      vertex -2.20677 -0.438952 8
      vertex -2.23917 -0.220538 8
    endloop
  endfacet
  facet normal 0 0 1
    outer loop
      vertex -1.73927 -1.42738 8
      vertex -2.24173 -48.1603 8
      vertex -2.05061 -47.9494 8
    endloop
  endfacet
  facet normal 0 0 1
    outer loop
      vertex -3.40125 -52.7913 8
      vertex -2.23917 -0.220538 8
      vertex -2.25 0 8
    endloop
  endfacet
  facet normal 0 0 1
    outer loop
      vertex -1.87081 -1.25003 8
      vertex -2.41126 -48.3888 8
      vertex -2.24173 -48.1603 8
    endloop
  endfacet
  facet normal 0.941528 -0.336935 0
    outer loop
      vertex 4.06507 -51.6838 8
      vertex 4.21054 -51.2773 0
      vertex 4.21054 -51.2773 8
    endloop
  endfacet
  facet normal 0.941528 -0.336935 0
    outer loop
      vertex 4.21054 -51.2773 0
      vertex 4.06507 -51.6838 8
      vertex 4.06507 -51.6838 0
    endloop
  endfacet
  facet normal 0.336747 -0.941595 0
    outer loop
      vertex 1.27725 -54.2105 0
      vertex 1.68381 -54.0651 8
      vertex 1.27725 -54.2105 8
    endloop
  endfacet
  facet normal 0.336747 -0.941595 0
    outer loop
      vertex 1.68381 -54.0651 8
      vertex 1.27725 -54.2105 0
      vertex 1.68381 -54.0651 0
    endloop
  endfacet
  facet normal -0.80319 -0.595723 0
    outer loop
      vertex -3.40125 -52.7913 0
      vertex -3.65847 -52.4445 8
      vertex -3.65847 -52.4445 0
    endloop
  endfacet
  facet normal -0.80319 -0.595723 0
    outer loop
      vertex -3.65847 -52.4445 8
      vertex -3.40125 -52.7913 0
      vertex -3.40125 -52.7913 8
    endloop
  endfacet
  facet normal -0.243161 -0.969986 0
    outer loop
      vertex -1.27725 -54.2105 0
      vertex -0.858397 -54.3155 8
      vertex -1.27725 -54.2105 8
    endloop
  endfacet
  facet normal -0.243161 -0.969986 -0
    outer loop
      vertex -0.858397 -54.3155 8
      vertex -1.27725 -54.2105 0
      vertex -0.858397 -54.3155 0
    endloop
  endfacet
  facet normal -0.1466 -0.989196 0
    outer loop
      vertex -0.858397 -54.3155 0
      vertex -0.431275 -54.3788 8
      vertex -0.858397 -54.3155 8
    endloop
  endfacet
  facet normal -0.1466 -0.989196 -0
    outer loop
      vertex -0.431275 -54.3788 8
      vertex -0.858397 -54.3155 0
      vertex -0.431275 -54.3788 0
    endloop
  endfacet
  facet normal 0.80319 -0.595723 0
    outer loop
      vertex 3.40125 -52.7913 8
      vertex 3.65847 -52.4445 0
      vertex 3.65847 -52.4445 8
    endloop
  endfacet
  facet normal 0.80319 -0.595723 0
    outer loop
      vertex 3.65847 -52.4445 0
      vertex 3.40125 -52.7913 8
      vertex 3.40125 -52.7913 0
    endloop
  endfacet
  facet normal -0.90397 -0.427596 0
    outer loop
      vertex -3.88045 -52.0741 0
      vertex -4.06507 -51.6838 8
      vertex -4.06507 -51.6838 0
    endloop
  endfacet
  facet normal -0.90397 -0.427596 0
    outer loop
      vertex -4.06507 -51.6838 8
      vertex -3.88045 -52.0741 0
      vertex -3.88045 -52.0741 8
    endloop
  endfacet
  facet normal 0.243161 -0.969986 0
    outer loop
      vertex 0.858397 -54.3155 0
      vertex 1.27725 -54.2105 8
      vertex 0.858397 -54.3155 8
    endloop
  endfacet
  facet normal 0.243161 -0.969986 0
    outer loop
      vertex 1.27725 -54.2105 8
      vertex 0.858397 -54.3155 0
      vertex 1.27725 -54.2105 0
    endloop
  endfacet
  facet normal -0.514128 -0.857714 0
    outer loop
      vertex -2.44451 -53.6585 0
      vertex -2.07415 -53.8805 8
      vertex -2.44451 -53.6585 8
    endloop
  endfacet
  facet normal -0.514128 -0.857714 -0
    outer loop
      vertex -2.07415 -53.8805 8
      vertex -2.44451 -53.6585 0
      vertex -2.07415 -53.8805 0
    endloop
  endfacet
  facet normal -0.74101 -0.671494 0
    outer loop
      vertex -3.11127 -53.1113 0
      vertex -3.40125 -52.7913 8
      vertex -3.40125 -52.7913 0
    endloop
  endfacet
  facet normal -0.74101 -0.671494 0
    outer loop
      vertex -3.40125 -52.7913 8
      vertex -3.11127 -53.1113 0
      vertex -3.11127 -53.1113 8
    endloop
  endfacet
  facet normal 1 -0 0
    outer loop
      vertex 8 0 8
      vertex 8 31 0
      vertex 8 31 8
    endloop
  endfacet
  facet normal 1 0 0
    outer loop
      vertex 8 31 0
      vertex 8 0 8
      vertex 8 0 0
    endloop
  endfacet
  facet normal 0 1 0
    outer loop
      vertex 11 55 16
      vertex 0 55 11.2
      vertex -11 55 16
    endloop
  endfacet
  facet normal 0 1 0
    outer loop
      vertex 11 55 16
      vertex 0.313654 55 11.1846
      vertex 0 55 11.2
    endloop
  endfacet
  facet normal 0 1 0
    outer loop
      vertex 11 55 16
      vertex 0.624289 55 11.1385
      vertex 0.313654 55 11.1846
    endloop
  endfacet
  facet normal 0 1 0
    outer loop
      vertex 11 55 16
      vertex 0.92891 55 11.0622
      vertex 0.624289 55 11.1385
    endloop
  endfacet
  facet normal 0 1 0
    outer loop
      vertex 11 55 16
      vertex 1.22459 55 10.9564
      vertex 0.92891 55 11.0622
    endloop
  endfacet
  facet normal 0 1 0
    outer loop
      vertex 11 55 16
      vertex 1.50847 55 10.8221
      vertex 1.22459 55 10.9564
    endloop
  endfacet
  facet normal 0 1 0
    outer loop
      vertex 11 55 16
      vertex 1.77782 55 10.6607
      vertex 1.50847 55 10.8221
    endloop
  endfacet
  facet normal 0 1 0
    outer loop
      vertex 11 55 16
      vertex 2.03006 55 10.4736
      vertex 1.77782 55 10.6607
    endloop
  endfacet
  facet normal 0 1 0
    outer loop
      vertex 11 55 16
      vertex 2.26274 55 10.2627
      vertex 2.03006 55 10.4736
    endloop
  endfacet
  facet normal 0 1 0
    outer loop
      vertex 11 55 16
      vertex 2.47363 55 10.0301
      vertex 2.26274 55 10.2627
    endloop
  endfacet
  facet normal 0 1 0
    outer loop
      vertex 11 55 16
      vertex 2.6607 55 9.77782
      vertex 2.47363 55 10.0301
    endloop
  endfacet
  facet normal 0 1 0
    outer loop
      vertex 11 55 16
      vertex 2.82215 55 9.50847
      vertex 2.6607 55 9.77782
    endloop
  endfacet
  facet normal 0 1 0
    outer loop
      vertex 11 55 16
      vertex 2.95641 55 9.22459
      vertex 2.82215 55 9.50847
    endloop
  endfacet
  facet normal 0 1 0
    outer loop
      vertex 11 55 16
      vertex 3.06221 55 8.92891
      vertex 2.95641 55 9.22459
    endloop
  endfacet
  facet normal 0 1 0
    outer loop
      vertex 11 55 16
      vertex 3.13851 55 8.62429
      vertex 3.06221 55 8.92891
    endloop
  endfacet
  facet normal 0 1 0
    outer loop
      vertex 11 55 16
      vertex 3.18459 55 8.31365
      vertex 3.13851 55 8.62429
    endloop
  endfacet
  facet normal 0 1 0
    outer loop
      vertex 11 55 16
      vertex 3.2 55 8
      vertex 3.18459 55 8.31365
    endloop
  endfacet
  facet normal 0 1 -0
    outer loop
      vertex 11 55 0
      vertex 3.2 55 8
      vertex 11 55 16
    endloop
  endfacet
  facet normal 0 1 0
    outer loop
      vertex 3.2 55 8
      vertex 11 55 0
      vertex 3.18459 55 7.68635
    endloop
  endfacet
  facet normal 0 1 0
    outer loop
      vertex 3.18459 55 7.68635
      vertex 11 55 0
      vertex 3.13851 55 7.37571
    endloop
  endfacet
  facet normal 0 1 0
    outer loop
      vertex 3.13851 55 7.37571
      vertex 11 55 0
      vertex 3.06221 55 7.07109
    endloop
  endfacet
  facet normal 0 1 0
    outer loop
      vertex 3.06221 55 7.07109
      vertex 11 55 0
      vertex 2.95641 55 6.77541
    endloop
  endfacet
  facet normal 0 1 0
    outer loop
      vertex 2.95641 55 6.77541
      vertex 11 55 0
      vertex 2.82215 55 6.49153
    endloop
  endfacet
  facet normal 0 1 0
    outer loop
      vertex 2.82215 55 6.49153
      vertex 11 55 0
      vertex 2.6607 55 6.22217
    endloop
  endfacet
  facet normal 0 1 0
    outer loop
      vertex 0.313654 55 4.81541
      vertex 11 55 0
      vertex 0 55 4.8
    endloop
  endfacet
  facet normal 0 1 0
    outer loop
      vertex 0.624289 55 4.86149
      vertex 11 55 0
      vertex 0.313654 55 4.81541
    endloop
  endfacet
  facet normal 0 1 0
    outer loop
      vertex 0.92891 55 4.93779
      vertex 11 55 0
      vertex 0.624289 55 4.86149
    endloop
  endfacet
  facet normal 0 1 0
    outer loop
      vertex 1.22459 55 5.04358
      vertex 11 55 0
      vertex 0.92891 55 4.93779
    endloop
  endfacet
  facet normal 0 1 0
    outer loop
      vertex 1.50847 55 5.17785
      vertex 11 55 0
      vertex 1.22459 55 5.04358
    endloop
  endfacet
  facet normal 0 1 0
    outer loop
      vertex 1.77782 55 5.3393
      vertex 11 55 0
      vertex 1.50847 55 5.17785
    endloop
  endfacet
  facet normal 0 1 0
    outer loop
      vertex 2.03006 55 5.52637
      vertex 11 55 0
      vertex 1.77782 55 5.3393
    endloop
  endfacet
  facet normal 0 1 0
    outer loop
      vertex 2.26274 55 5.73726
      vertex 11 55 0
      vertex 2.03006 55 5.52637
    endloop
  endfacet
  facet normal 0 1 0
    outer loop
      vertex 2.47363 55 5.96994
      vertex 11 55 0
      vertex 2.26274 55 5.73726
    endloop
  endfacet
  facet normal 0 1 0
    outer loop
      vertex 2.6607 55 6.22217
      vertex 11 55 0
      vertex 2.47363 55 5.96994
    endloop
  endfacet
  facet normal 0 1 -0
    outer loop
      vertex -0.313654 55 11.1846
      vertex -11 55 16
      vertex 0 55 11.2
    endloop
  endfacet
  facet normal 0 1 -0
    outer loop
      vertex -0.624289 55 11.1385
      vertex -11 55 16
      vertex -0.313654 55 11.1846
    endloop
  endfacet
  facet normal 0 1 -0
    outer loop
      vertex -0.92891 55 11.0622
      vertex -11 55 16
      vertex -0.624289 55 11.1385
    endloop
  endfacet
  facet normal 0 1 -0
    outer loop
      vertex -1.22459 55 10.9564
      vertex -11 55 16
      vertex -0.92891 55 11.0622
    endloop
  endfacet
  facet normal 0 1 -0
    outer loop
      vertex -1.50847 55 10.8221
      vertex -11 55 16
      vertex -1.22459 55 10.9564
    endloop
  endfacet
  facet normal 0 1 -0
    outer loop
      vertex -1.77782 55 10.6607
      vertex -11 55 16
      vertex -1.50847 55 10.8221
    endloop
  endfacet
  facet normal 0 1 -0
    outer loop
      vertex -2.03006 55 10.4736
      vertex -11 55 16
      vertex -1.77782 55 10.6607
    endloop
  endfacet
  facet normal 0 1 -0
    outer loop
      vertex -2.26274 55 10.2627
      vertex -11 55 16
      vertex -2.03006 55 10.4736
    endloop
  endfacet
  facet normal 0 1 -0
    outer loop
      vertex -2.47363 55 10.0301
      vertex -11 55 16
      vertex -2.26274 55 10.2627
    endloop
  endfacet
  facet normal 0 1 -0
    outer loop
      vertex -2.6607 55 9.77782
      vertex -11 55 16
      vertex -2.47363 55 10.0301
    endloop
  endfacet
  facet normal 0 1 -0
    outer loop
      vertex -2.82215 55 9.50847
      vertex -11 55 16
      vertex -2.6607 55 9.77782
    endloop
  endfacet
  facet normal 0 1 -0
    outer loop
      vertex -2.95641 55 9.22459
      vertex -11 55 16
      vertex -2.82215 55 9.50847
    endloop
  endfacet
  facet normal 0 1 -0
    outer loop
      vertex -3.06221 55 8.92891
      vertex -11 55 16
      vertex -2.95641 55 9.22459
    endloop
  endfacet
  facet normal 0 1 -0
    outer loop
      vertex -3.13851 55 8.62429
      vertex -11 55 16
      vertex -3.06221 55 8.92891
    endloop
  endfacet
  facet normal 0 1 -0
    outer loop
      vertex -3.18459 55 8.31365
      vertex -11 55 16
      vertex -3.13851 55 8.62429
    endloop
  endfacet
  facet normal 0 1 -0
    outer loop
      vertex -3.2 55 8
      vertex -11 55 16
      vertex -3.18459 55 8.31365
    endloop
  endfacet
  facet normal 0 1 0
    outer loop
      vertex -11 55 0
      vertex -3.2 55 8
      vertex -3.18459 55 7.68635
    endloop
  endfacet
  facet normal 0 1 0
    outer loop
      vertex -11 55 0
      vertex -3.18459 55 7.68635
      vertex -3.13851 55 7.37571
    endloop
  endfacet
  facet normal 0 1 0
    outer loop
      vertex -11 55 0
      vertex -3.13851 55 7.37571
      vertex -3.06221 55 7.07109
    endloop
  endfacet
  facet normal 0 1 0
    outer loop
      vertex -11 55 0
      vertex -3.06221 55 7.07109
      vertex -2.95641 55 6.77541
    endloop
  endfacet
  facet normal 0 1 0
    outer loop
      vertex -11 55 0
      vertex -2.95641 55 6.77541
      vertex -2.82215 55 6.49153
    endloop
  endfacet
  facet normal 0 1 0
    outer loop
      vertex -11 55 0
      vertex -2.82215 55 6.49153
      vertex -2.6607 55 6.22217
    endloop
  endfacet
  facet normal 0 1 0
    outer loop
      vertex -11 55 0
      vertex -2.6607 55 6.22217
      vertex -2.47363 55 5.96994
    endloop
  endfacet
  facet normal 0 1 0
    outer loop
      vertex -11 55 0
      vertex 0 55 4.8
      vertex 11 55 0
    endloop
  endfacet
  facet normal 0 1 0
    outer loop
      vertex 0 55 4.8
      vertex -11 55 0
      vertex -0.313654 55 4.81541
    endloop
  endfacet
  facet normal 0 1 0
    outer loop
      vertex -0.313654 55 4.81541
      vertex -11 55 0
      vertex -0.624289 55 4.86149
    endloop
  endfacet
  facet normal 0 1 0
    outer loop
      vertex -0.624289 55 4.86149
      vertex -11 55 0
      vertex -0.92891 55 4.93779
    endloop
  endfacet
  facet normal 0 1 0
    outer loop
      vertex -3.2 55 8
      vertex -11 55 0
      vertex -11 55 16
    endloop
  endfacet
  facet normal 0 1 0
    outer loop
      vertex -2.26274 55 5.73726
      vertex -11 55 0
      vertex -2.47363 55 5.96994
    endloop
  endfacet
  facet normal 0 1 0
    outer loop
      vertex -2.03006 55 5.52637
      vertex -11 55 0
      vertex -2.26274 55 5.73726
    endloop
  endfacet
  facet normal 0 1 0
    outer loop
      vertex -1.77782 55 5.3393
      vertex -11 55 0
      vertex -2.03006 55 5.52637
    endloop
  endfacet
  facet normal 0 1 0
    outer loop
      vertex -1.50847 55 5.17785
      vertex -11 55 0
      vertex -1.77782 55 5.3393
    endloop
  endfacet
  facet normal 0 1 0
    outer loop
      vertex -1.22459 55 5.04358
      vertex -11 55 0
      vertex -1.50847 55 5.17785
    endloop
  endfacet
  facet normal 0 1 0
    outer loop
      vertex -0.92891 55 4.93779
      vertex -11 55 0
      vertex -1.22459 55 5.04358
    endloop
  endfacet
  facet normal -1 0 0
    outer loop
      vertex -8 0 0
      vertex -8 31 8
      vertex -8 31 0
    endloop
  endfacet
  facet normal -1 -0 0
    outer loop
      vertex -8 31 8
      vertex -8 0 0
      vertex -8 0 8
    endloop
  endfacet
  facet normal 1 0 0
    outer loop
      vertex 11 34.5 16
      vertex 11 31 16
      vertex 11 34.5 8
    endloop
  endfacet
  facet normal 1 0 0
    outer loop
      vertex 11 40 8
      vertex 11 55 16
      vertex 11 40 16
    endloop
  endfacet
  facet normal 1 0 0
    outer loop
      vertex 11 55 16
      vertex 11 40 8
      vertex 11 55 0
    endloop
  endfacet
  facet normal 1 0 0
    outer loop
      vertex 11 31 0
      vertex 11 40 8
      vertex 11 34.5 8
    endloop
  endfacet
  facet normal 1 0 0
    outer loop
      vertex 11 40 8
      vertex 11 31 0
      vertex 11 55 0
    endloop
  endfacet
  facet normal 1 0 0
    outer loop
      vertex 11 31 0
      vertex 11 34.5 8
      vertex 11 31 16
    endloop
  endfacet
  facet normal 0 0 1
    outer loop
      vertex 11 55 16
      vertex 5.21651 40.5 16
      vertex 11 40 16
    endloop
  endfacet
  facet normal 0 0 1
    outer loop
      vertex 11 55 16
      vertex -5.21651 40.5 16
      vertex 5.21651 40.5 16
    endloop
  endfacet
  facet normal 0 0 1
    outer loop
      vertex -11 31 16
      vertex -5.21651 40.5 16
      vertex -11 55 16
    endloop
  endfacet
  facet normal -0 0 1
    outer loop
      vertex -11 55 16
      vertex -5.21651 40.5 16
      vertex 11 55 16
    endloop
  endfacet
  facet normal 0 0 1
    outer loop
      vertex 11 40 16
      vertex 5.21651 40.5 16
      vertex 5.21651 40 16
    endloop
  endfacet
  facet normal 0 0 1
    outer loop
      vertex 5.21651 34 16
      vertex 11 34.5 16
      vertex 5.21651 34.5 16
    endloop
  endfacet
  facet normal 0 0 1
    outer loop
      vertex 11 34.5 16
      vertex 5.21651 34 16
      vertex 11 31 16
    endloop
  endfacet
  facet normal -0 0 1
    outer loop
      vertex -5.21651 34 16
      vertex 11 31 16
      vertex 5.21651 34 16
    endloop
  endfacet
  facet normal 0 0 1
    outer loop
      vertex -5.21651 34 16
      vertex -11 31 16
      vertex 11 31 16
    endloop
  endfacet
  facet normal 0 0 1
    outer loop
      vertex -5.21651 40.5 16
      vertex -11 31 16
      vertex -5.21651 34 16
    endloop
  endfacet
  facet normal -1 0 0
    outer loop
      vertex -11 31 0
      vertex -11 55 16
      vertex -11 55 0
    endloop
  endfacet
  facet normal -1 -0 0
    outer loop
      vertex -11 55 16
      vertex -11 31 0
      vertex -11 31 16
    endloop
  endfacet
  facet normal 0 -1 0
    outer loop
      vertex -11 31 16
      vertex 0 31 11.2
      vertex 11 31 16
    endloop
  endfacet
  facet normal 0 -1 0
    outer loop
      vertex -11 31 16
      vertex -0.313654 31 11.1846
      vertex 0 31 11.2
    endloop
  endfacet
  facet normal 0 -1 0
    outer loop
      vertex -11 31 16
      vertex -0.624289 31 11.1385
      vertex -0.313654 31 11.1846
    endloop
  endfacet
  facet normal 0 -1 0
    outer loop
      vertex -11 31 16
      vertex -0.92891 31 11.0622
      vertex -0.624289 31 11.1385
    endloop
  endfacet
  facet normal 0 -1 0
    outer loop
      vertex -11 31 16
      vertex -1.22459 31 10.9564
      vertex -0.92891 31 11.0622
    endloop
  endfacet
  facet normal 0 -1 0
    outer loop
      vertex -11 31 16
      vertex -1.50847 31 10.8221
      vertex -1.22459 31 10.9564
    endloop
  endfacet
  facet normal 0 -1 0
    outer loop
      vertex -11 31 16
      vertex -1.77782 31 10.6607
      vertex -1.50847 31 10.8221
    endloop
  endfacet
  facet normal 0 -1 0
    outer loop
      vertex -11 31 16
      vertex -2.03006 31 10.4736
      vertex -1.77782 31 10.6607
    endloop
  endfacet
  facet normal 0 -1 0
    outer loop
      vertex -11 31 16
      vertex -2.26274 31 10.2627
      vertex -2.03006 31 10.4736
    endloop
  endfacet
  facet normal 0 -1 0
    outer loop
      vertex -11 31 16
      vertex -2.47363 31 10.0301
      vertex -2.26274 31 10.2627
    endloop
  endfacet
  facet normal 0 -1 0
    outer loop
      vertex -8 31 8
      vertex -2.47363 31 10.0301
      vertex -11 31 16
    endloop
  endfacet
  facet normal 0 -1 0
    outer loop
      vertex -2.47363 31 10.0301
      vertex -8 31 8
      vertex -2.6607 31 9.77782
    endloop
  endfacet
  facet normal 0 -1 0
    outer loop
      vertex -2.6607 31 9.77782
      vertex -8 31 8
      vertex -2.82215 31 9.50847
    endloop
  endfacet
  facet normal 0 -1 0
    outer loop
      vertex -2.82215 31 9.50847
      vertex -8 31 8
      vertex -2.95641 31 9.22459
    endloop
  endfacet
  facet normal 0 -1 0
    outer loop
      vertex -2.95641 31 9.22459
      vertex -8 31 8
      vertex -3.06221 31 8.92891
    endloop
  endfacet
  facet normal 0 -1 0
    outer loop
      vertex -3.06221 31 8.92891
      vertex -8 31 8
      vertex -3.13851 31 8.62429
    endloop
  endfacet
  facet normal 0 -1 0
    outer loop
      vertex -3.13851 31 8.62429
      vertex -8 31 8
      vertex -3.18459 31 8.31365
    endloop
  endfacet
  facet normal 0 -1 0
    outer loop
      vertex -11 31 0
      vertex -8 31 8
      vertex -11 31 16
    endloop
  endfacet
  facet normal 0 -1 -0
    outer loop
      vertex -8 31 8
      vertex -11 31 0
      vertex -8 31 0
    endloop
  endfacet
  facet normal 0 -1 0
    outer loop
      vertex 0.313654 31 11.1846
      vertex 11 31 16
      vertex 0 31 11.2
    endloop
  endfacet
  facet normal 0 -1 0
    outer loop
      vertex 0.624289 31 11.1385
      vertex 11 31 16
      vertex 0.313654 31 11.1846
    endloop
  endfacet
  facet normal 0 -1 0
    outer loop
      vertex 0.92891 31 11.0622
      vertex 11 31 16
      vertex 0.624289 31 11.1385
    endloop
  endfacet
  facet normal 0 -1 0
    outer loop
      vertex 1.22459 31 10.9564
      vertex 11 31 16
      vertex 0.92891 31 11.0622
    endloop
  endfacet
  facet normal 0 -1 0
    outer loop
      vertex 1.50847 31 10.8221
      vertex 11 31 16
      vertex 1.22459 31 10.9564
    endloop
  endfacet
  facet normal 0 -1 0
    outer loop
      vertex 1.77782 31 10.6607
      vertex 11 31 16
      vertex 1.50847 31 10.8221
    endloop
  endfacet
  facet normal 0 -1 0
    outer loop
      vertex 2.03006 31 10.4736
      vertex 11 31 16
      vertex 1.77782 31 10.6607
    endloop
  endfacet
  facet normal 0 -1 0
    outer loop
      vertex 2.26274 31 10.2627
      vertex 11 31 16
      vertex 2.03006 31 10.4736
    endloop
  endfacet
  facet normal 0 -1 0
    outer loop
      vertex 2.47363 31 10.0301
      vertex 11 31 16
      vertex 2.26274 31 10.2627
    endloop
  endfacet
  facet normal 0 -1 0
    outer loop
      vertex 8 31 8
      vertex 2.47363 31 10.0301
      vertex 2.6607 31 9.77782
    endloop
  endfacet
  facet normal 0 -1 0
    outer loop
      vertex 8 31 8
      vertex 2.6607 31 9.77782
      vertex 2.82215 31 9.50847
    endloop
  endfacet
  facet normal 0 -1 0
    outer loop
      vertex 8 31 8
      vertex 2.82215 31 9.50847
      vertex 2.95641 31 9.22459
    endloop
  endfacet
  facet normal 0 -1 0
    outer loop
      vertex 8 31 8
      vertex 2.95641 31 9.22459
      vertex 3.06221 31 8.92891
    endloop
  endfacet
  facet normal 0 -1 0
    outer loop
      vertex 8 31 8
      vertex 3.06221 31 8.92891
      vertex 3.13851 31 8.62429
    endloop
  endfacet
  facet normal 0 -1 0
    outer loop
      vertex 8 31 8
      vertex 3.13851 31 8.62429
      vertex 3.18459 31 8.31365
    endloop
  endfacet
  facet normal 0 -1 0
    outer loop
      vertex 8 31 8
      vertex 3.18459 31 8.31365
      vertex 3.2 31 8
    endloop
  endfacet
  facet normal 0 -1 0
    outer loop
      vertex 2.47363 31 10.0301
      vertex 8 31 8
      vertex 11 31 16
    endloop
  endfacet
  facet normal 0 -1 0
    outer loop
      vertex 11 31 0
      vertex 8 31 8
      vertex 8 31 0
    endloop
  endfacet
  facet normal 0 -1 0
    outer loop
      vertex 8 31 8
      vertex 11 31 0
      vertex 11 31 16
    endloop
  endfacet
  facet normal 0 -1 0
    outer loop
      vertex -3.18459 31 8.31365
      vertex -8 31 8
      vertex -3.2 31 8
    endloop
  endfacet
  facet normal 0.741001 0.671504 0
    outer loop
      vertex 2.24173 -48.1603 8.5
      vertex 2.05061 -47.9494 8
      vertex 2.05061 -47.9494 8.5
    endloop
  endfacet
  facet normal 0.741001 0.671504 0
    outer loop
      vertex 2.05061 -47.9494 8
      vertex 2.24173 -48.1603 8.5
      vertex 2.24173 -48.1603 8
    endloop
  endfacet
  facet normal 0.989187 0.146657 0
    outer loop
      vertex 2.88603 -49.7158 8.5
      vertex 2.84428 -49.4342 8
      vertex 2.84428 -49.4342 8.5
    endloop
  endfacet
  facet normal 0.989187 0.146657 0
    outer loop
      vertex 2.84428 -49.4342 8
      vertex 2.88603 -49.7158 8.5
      vertex 2.88603 -49.7158 8
    endloop
  endfacet
  facet normal 0.998794 0.0490962 0
    outer loop
      vertex 2.9 -50 8.5
      vertex 2.88603 -49.7158 8
      vertex 2.88603 -49.7158 8.5
    endloop
  endfacet
  facet normal 0.998794 0.0490962 0
    outer loop
      vertex 2.88603 -49.7158 8
      vertex 2.9 -50 8.5
      vertex 2.9 -50 8
    endloop
  endfacet
  facet normal 0.970018 0.243032 0
    outer loop
      vertex 2.84428 -49.4342 8.5
      vertex 2.77513 -49.1582 8
      vertex 2.77513 -49.1582 8.5
    endloop
  endfacet
  facet normal 0.970018 0.243032 0
    outer loop
      vertex 2.77513 -49.1582 8
      vertex 2.84428 -49.4342 8.5
      vertex 2.84428 -49.4342 8
    endloop
  endfacet
  facet normal 0.336965 -0.941517 0
    outer loop
      vertex 0.841825 -52.7751 8
      vertex 1.10978 -52.6792 8.5
      vertex 0.841825 -52.7751 8.5
    endloop
  endfacet
  facet normal 0.336965 -0.941517 0
    outer loop
      vertex 1.10978 -52.6792 8.5
      vertex 0.841825 -52.7751 8
      vertex 1.10978 -52.6792 8
    endloop
  endfacet
  facet normal 0.857725 0.514108 0
    outer loop
      vertex 2.55757 -48.6329 8.5
      vertex 2.41126 -48.3888 8
      vertex 2.41126 -48.3888 8.5
    endloop
  endfacet
  facet normal 0.857725 0.514108 0
    outer loop
      vertex 2.41126 -48.3888 8
      vertex 2.55757 -48.6329 8.5
      vertex 2.55757 -48.6329 8
    endloop
  endfacet
  facet normal 0.941557 0.336853 0
    outer loop
      vertex 2.77513 -49.1582 8.5
      vertex 2.67925 -48.8902 8
      vertex 2.67925 -48.8902 8.5
    endloop
  endfacet
  facet normal 0.941557 0.336853 0
    outer loop
      vertex 2.67925 -48.8902 8
      vertex 2.77513 -49.1582 8.5
      vertex 2.77513 -49.1582 8
    endloop
  endfacet
  facet normal 0.243145 0.96999 -0
    outer loop
      vertex 0.841825 -47.2249 8
      vertex 0.565762 -47.1557 8.5
      vertex 0.841825 -47.2249 8.5
    endloop
  endfacet
  facet normal 0.243145 0.96999 0
    outer loop
      vertex 0.565762 -47.1557 8.5
      vertex 0.841825 -47.2249 8
      vertex 0.565762 -47.1557 8
    endloop
  endfacet
  facet normal -0.741001 0.671504 0
    outer loop
      vertex -2.24173 -48.1603 8
      vertex -2.05061 -47.9494 8.5
      vertex -2.05061 -47.9494 8
    endloop
  endfacet
  facet normal -0.741001 0.671504 0
    outer loop
      vertex -2.05061 -47.9494 8.5
      vertex -2.24173 -48.1603 8
      vertex -2.24173 -48.1603 8.5
    endloop
  endfacet
  facet normal 0.049193 -0.998789 0
    outer loop
      vertex 0 -52.9 8
      vertex 0.284249 -52.886 8.5
      vertex 0 -52.9 8.5
    endloop
  endfacet
  facet normal 0.049193 -0.998789 0
    outer loop
      vertex 0.284249 -52.886 8.5
      vertex 0 -52.9 8
      vertex 0.284249 -52.886 8
    endloop
  endfacet
  facet normal 0.427614 0.903962 -0
    outer loop
      vertex 1.36705 -47.4424 8
      vertex 1.10978 -47.3207 8.5
      vertex 1.36705 -47.4424 8.5
    endloop
  endfacet
  facet normal 0.427614 0.903962 0
    outer loop
      vertex 1.10978 -47.3207 8.5
      vertex 1.36705 -47.4424 8
      vertex 1.10978 -47.3207 8
    endloop
  endfacet
  facet normal 0.671518 0.740989 -0
    outer loop
      vertex 2.05061 -47.9494 8
      vertex 1.83974 -47.7583 8.5
      vertex 2.05061 -47.9494 8.5
    endloop
  endfacet
  facet normal 0.671518 0.740989 0
    outer loop
      vertex 1.83974 -47.7583 8.5
      vertex 2.05061 -47.9494 8
      vertex 1.83974 -47.7583 8
    endloop
  endfacet
  facet normal -0.595849 -0.803096 0
    outer loop
      vertex -1.83974 -52.2417 8
      vertex -1.61115 -52.4113 8.5
      vertex -1.83974 -52.2417 8.5
    endloop
  endfacet
  facet normal -0.595849 -0.803096 -0
    outer loop
      vertex -1.61115 -52.4113 8.5
      vertex -1.83974 -52.2417 8
      vertex -1.61115 -52.4113 8
    endloop
  endfacet
  facet normal 0.049193 0.998789 -0
    outer loop
      vertex 0.284249 -47.114 8
      vertex 0 -47.1 8.5
      vertex 0.284249 -47.114 8.5
    endloop
  endfacet
  facet normal 0.049193 0.998789 0
    outer loop
      vertex 0 -47.1 8.5
      vertex 0.284249 -47.114 8
      vertex 0 -47.1 8
    endloop
  endfacet
  facet normal 0.243145 -0.96999 0
    outer loop
      vertex 0.565762 -52.8443 8
      vertex 0.841825 -52.7751 8.5
      vertex 0.565762 -52.8443 8.5
    endloop
  endfacet
  facet normal 0.243145 -0.96999 0
    outer loop
      vertex 0.841825 -52.7751 8.5
      vertex 0.565762 -52.8443 8
      vertex 0.841825 -52.7751 8
    endloop
  endfacet
  facet normal 0.989187 -0.146657 0
    outer loop
      vertex 2.84428 -50.5658 8.5
      vertex 2.88603 -50.2842 8
      vertex 2.88603 -50.2842 8.5
    endloop
  endfacet
  facet normal 0.989187 -0.146657 0
    outer loop
      vertex 2.88603 -50.2842 8
      vertex 2.84428 -50.5658 8.5
      vertex 2.84428 -50.5658 8
    endloop
  endfacet
  facet normal -0.243145 -0.96999 0
    outer loop
      vertex -0.841825 -52.7751 8
      vertex -0.565762 -52.8443 8.5
      vertex -0.841825 -52.7751 8.5
    endloop
  endfacet
  facet normal -0.243145 -0.96999 -0
    outer loop
      vertex -0.565762 -52.8443 8.5
      vertex -0.841825 -52.7751 8
      vertex -0.565762 -52.8443 8
    endloop
  endfacet
  facet normal -0.595849 0.803096 0
    outer loop
      vertex -1.61115 -47.5887 8
      vertex -1.83974 -47.7583 8.5
      vertex -1.61115 -47.5887 8.5
    endloop
  endfacet
  facet normal -0.595849 0.803096 0
    outer loop
      vertex -1.83974 -47.7583 8.5
      vertex -1.61115 -47.5887 8
      vertex -1.83974 -47.7583 8
    endloop
  endfacet
  facet normal -0.998794 -0.0490962 0
    outer loop
      vertex -2.88603 -50.2842 8
      vertex -2.9 -50 8.5
      vertex -2.9 -50 8
    endloop
  endfacet
  facet normal -0.998794 -0.0490962 0
    outer loop
      vertex -2.9 -50 8.5
      vertex -2.88603 -50.2842 8
      vertex -2.88603 -50.2842 8.5
    endloop
  endfacet
  facet normal -0.970018 -0.243032 0
    outer loop
      vertex -2.77513 -50.8418 8
      vertex -2.84428 -50.5658 8.5
      vertex -2.84428 -50.5658 8
    endloop
  endfacet
  facet normal -0.970018 -0.243032 0
    outer loop
      vertex -2.84428 -50.5658 8.5
      vertex -2.77513 -50.8418 8
      vertex -2.77513 -50.8418 8.5
    endloop
  endfacet
  facet normal 0.970018 -0.243032 0
    outer loop
      vertex 2.77513 -50.8418 8.5
      vertex 2.84428 -50.5658 8
      vertex 2.84428 -50.5658 8.5
    endloop
  endfacet
  facet normal 0.970018 -0.243032 0
    outer loop
      vertex 2.84428 -50.5658 8
      vertex 2.77513 -50.8418 8.5
      vertex 2.77513 -50.8418 8
    endloop
  endfacet
  facet normal -0.514082 0.857741 0
    outer loop
      vertex -1.36705 -47.4424 8
      vertex -1.61115 -47.5887 8.5
      vertex -1.36705 -47.4424 8.5
    endloop
  endfacet
  facet normal -0.514082 0.857741 0
    outer loop
      vertex -1.61115 -47.5887 8.5
      vertex -1.36705 -47.4424 8
      vertex -1.61115 -47.5887 8
    endloop
  endfacet
  facet normal 0.595849 0.803096 -0
    outer loop
      vertex 1.83974 -47.7583 8
      vertex 1.61115 -47.5887 8.5
      vertex 1.83974 -47.7583 8.5
    endloop
  endfacet
  facet normal 0.595849 0.803096 0
    outer loop
      vertex 1.61115 -47.5887 8.5
      vertex 1.83974 -47.7583 8
      vertex 1.61115 -47.5887 8
    endloop
  endfacet
  facet normal -0.904008 -0.427515 0
    outer loop
      vertex -2.55757 -51.3671 8
      vertex -2.67925 -51.1098 8.5
      vertex -2.67925 -51.1098 8
    endloop
  endfacet
  facet normal -0.904008 -0.427515 0
    outer loop
      vertex -2.67925 -51.1098 8.5
      vertex -2.55757 -51.3671 8
      vertex -2.55757 -51.3671 8.5
    endloop
  endfacet
  facet normal 0.941557 -0.336853 0
    outer loop
      vertex 2.67925 -51.1098 8.5
      vertex 2.77513 -50.8418 8
      vertex 2.77513 -50.8418 8.5
    endloop
  endfacet
  facet normal 0.941557 -0.336853 0
    outer loop
      vertex 2.77513 -50.8418 8
      vertex 2.67925 -51.1098 8.5
      vertex 2.67925 -51.1098 8
    endloop
  endfacet
  facet normal 0.146529 0.989206 -0
    outer loop
      vertex 0.565762 -47.1557 8
      vertex 0.284249 -47.114 8.5
      vertex 0.565762 -47.1557 8.5
    endloop
  endfacet
  facet normal 0.146529 0.989206 0
    outer loop
      vertex 0.284249 -47.114 8.5
      vertex 0.565762 -47.1557 8
      vertex 0.284249 -47.114 8
    endloop
  endfacet
  facet normal -0.427614 0.903962 0
    outer loop
      vertex -1.10978 -47.3207 8
      vertex -1.36705 -47.4424 8.5
      vertex -1.10978 -47.3207 8.5
    endloop
  endfacet
  facet normal -0.427614 0.903962 0
    outer loop
      vertex -1.36705 -47.4424 8.5
      vertex -1.10978 -47.3207 8
      vertex -1.36705 -47.4424 8
    endloop
  endfacet
  facet normal 0.514082 0.857741 -0
    outer loop
      vertex 1.61115 -47.5887 8
      vertex 1.36705 -47.4424 8.5
      vertex 1.61115 -47.5887 8.5
    endloop
  endfacet
  facet normal 0.514082 0.857741 0
    outer loop
      vertex 1.36705 -47.4424 8.5
      vertex 1.61115 -47.5887 8
      vertex 1.36705 -47.4424 8
    endloop
  endfacet
  facet normal 0.427326 -0.904097 0
    outer loop
      vertex 1.10978 -52.6792 8
      vertex 1.36705 -52.5576 8.5
      vertex 1.10978 -52.6792 8.5
    endloop
  endfacet
  facet normal 0.427326 -0.904097 0
    outer loop
      vertex 1.36705 -52.5576 8.5
      vertex 1.10978 -52.6792 8
      vertex 1.36705 -52.5576 8
    endloop
  endfacet
  facet normal -0.941557 -0.336853 0
    outer loop
      vertex -2.67925 -51.1098 8
      vertex -2.77513 -50.8418 8.5
      vertex -2.77513 -50.8418 8
    endloop
  endfacet
  facet normal -0.941557 -0.336853 0
    outer loop
      vertex -2.77513 -50.8418 8.5
      vertex -2.67925 -51.1098 8
      vertex -2.67925 -51.1098 8.5
    endloop
  endfacet
  facet normal 0.857725 -0.514108 0
    outer loop
      vertex 2.41126 -51.6112 8.5
      vertex 2.55757 -51.3671 8
      vertex 2.55757 -51.3671 8.5
    endloop
  endfacet
  facet normal 0.857725 -0.514108 0
    outer loop
      vertex 2.55757 -51.3671 8
      vertex 2.41126 -51.6112 8.5
      vertex 2.41126 -51.6112 8
    endloop
  endfacet
  facet normal 0.904008 -0.427515 0
    outer loop
      vertex 2.55757 -51.3671 8.5
      vertex 2.67925 -51.1098 8
      vertex 2.67925 -51.1098 8.5
    endloop
  endfacet
  facet normal 0.904008 -0.427515 0
    outer loop
      vertex 2.67925 -51.1098 8
      vertex 2.55757 -51.3671 8.5
      vertex 2.55757 -51.3671 8
    endloop
  endfacet
  facet normal 0.998794 -0.0490962 0
    outer loop
      vertex 2.88603 -50.2842 8.5
      vertex 2.9 -50 8
      vertex 2.9 -50 8.5
    endloop
  endfacet
  facet normal 0.998794 -0.0490962 0
    outer loop
      vertex 2.9 -50 8
      vertex 2.88603 -50.2842 8.5
      vertex 2.88603 -50.2842 8
    endloop
  endfacet
  facet normal -0.146529 0.989206 0
    outer loop
      vertex -0.284249 -47.114 8
      vertex -0.565762 -47.1557 8.5
      vertex -0.284249 -47.114 8.5
    endloop
  endfacet
  facet normal -0.146529 0.989206 0
    outer loop
      vertex -0.565762 -47.1557 8.5
      vertex -0.284249 -47.114 8
      vertex -0.565762 -47.1557 8
    endloop
  endfacet
  facet normal 0.146529 -0.989206 0
    outer loop
      vertex 0.284249 -52.886 8
      vertex 0.565762 -52.8443 8.5
      vertex 0.284249 -52.886 8.5
    endloop
  endfacet
  facet normal 0.146529 -0.989206 0
    outer loop
      vertex 0.565762 -52.8443 8.5
      vertex 0.284249 -52.886 8
      vertex 0.565762 -52.8443 8
    endloop
  endfacet
  facet normal 0.741001 -0.671504 0
    outer loop
      vertex 2.05061 -52.0506 8.5
      vertex 2.24173 -51.8397 8
      vertex 2.24173 -51.8397 8.5
    endloop
  endfacet
  facet normal 0.741001 -0.671504 0
    outer loop
      vertex 2.24173 -51.8397 8
      vertex 2.05061 -52.0506 8.5
      vertex 2.05061 -52.0506 8
    endloop
  endfacet
  facet normal 0.803102 -0.595842 0
    outer loop
      vertex 2.24173 -51.8397 8.5
      vertex 2.41126 -51.6112 8
      vertex 2.41126 -51.6112 8.5
    endloop
  endfacet
  facet normal 0.803102 -0.595842 0
    outer loop
      vertex 2.41126 -51.6112 8
      vertex 2.24173 -51.8397 8.5
      vertex 2.24173 -51.8397 8
    endloop
  endfacet
  facet normal -0.243145 0.96999 0
    outer loop
      vertex -0.565762 -47.1557 8
      vertex -0.841825 -47.2249 8.5
      vertex -0.565762 -47.1557 8.5
    endloop
  endfacet
  facet normal -0.243145 0.96999 0
    outer loop
      vertex -0.841825 -47.2249 8.5
      vertex -0.565762 -47.1557 8
      vertex -0.841825 -47.2249 8
    endloop
  endfacet
  facet normal 0.803102 0.595842 0
    outer loop
      vertex 2.41126 -48.3888 8.5
      vertex 2.24173 -48.1603 8
      vertex 2.24173 -48.1603 8.5
    endloop
  endfacet
  facet normal 0.803102 0.595842 0
    outer loop
      vertex 2.24173 -48.1603 8
      vertex 2.41126 -48.3888 8.5
      vertex 2.41126 -48.3888 8
    endloop
  endfacet
  facet normal 0.904008 0.427515 0
    outer loop
      vertex 2.67925 -48.8902 8.5
      vertex 2.55757 -48.6329 8
      vertex 2.55757 -48.6329 8.5
    endloop
  endfacet
  facet normal 0.904008 0.427515 0
    outer loop
      vertex 2.55757 -48.6329 8
      vertex 2.67925 -48.8902 8.5
      vertex 2.67925 -48.8902 8
    endloop
  endfacet
  facet normal -0.857725 0.514108 0
    outer loop
      vertex -2.55757 -48.6329 8
      vertex -2.41126 -48.3888 8.5
      vertex -2.41126 -48.3888 8
    endloop
  endfacet
  facet normal -0.857725 0.514108 0
    outer loop
      vertex -2.41126 -48.3888 8.5
      vertex -2.55757 -48.6329 8
      vertex -2.55757 -48.6329 8.5
    endloop
  endfacet
  facet normal -0.671518 0.740989 0
    outer loop
      vertex -1.83974 -47.7583 8
      vertex -2.05061 -47.9494 8.5
      vertex -1.83974 -47.7583 8.5
    endloop
  endfacet
  facet normal -0.671518 0.740989 0
    outer loop
      vertex -2.05061 -47.9494 8.5
      vertex -1.83974 -47.7583 8
      vertex -2.05061 -47.9494 8
    endloop
  endfacet
  facet normal -0.857725 -0.514108 0
    outer loop
      vertex -2.41126 -51.6112 8
      vertex -2.55757 -51.3671 8.5
      vertex -2.55757 -51.3671 8
    endloop
  endfacet
  facet normal -0.857725 -0.514108 0
    outer loop
      vertex -2.55757 -51.3671 8.5
      vertex -2.41126 -51.6112 8
      vertex -2.41126 -51.6112 8.5
    endloop
  endfacet
  facet normal -0.427326 -0.904097 0
    outer loop
      vertex -1.36705 -52.5576 8
      vertex -1.10978 -52.6792 8.5
      vertex -1.36705 -52.5576 8.5
    endloop
  endfacet
  facet normal -0.427326 -0.904097 -0
    outer loop
      vertex -1.10978 -52.6792 8.5
      vertex -1.36705 -52.5576 8
      vertex -1.10978 -52.6792 8
    endloop
  endfacet
  facet normal -0.741001 -0.671504 0
    outer loop
      vertex -2.05061 -52.0506 8
      vertex -2.24173 -51.8397 8.5
      vertex -2.24173 -51.8397 8
    endloop
  endfacet
  facet normal -0.741001 -0.671504 0
    outer loop
      vertex -2.24173 -51.8397 8.5
      vertex -2.05061 -52.0506 8
      vertex -2.05061 -52.0506 8.5
    endloop
  endfacet
  facet normal -0.336654 0.941629 0
    outer loop
      vertex -0.841825 -47.2249 8
      vertex -1.10978 -47.3207 8.5
      vertex -0.841825 -47.2249 8.5
    endloop
  endfacet
  facet normal -0.336654 0.941629 0
    outer loop
      vertex -1.10978 -47.3207 8.5
      vertex -0.841825 -47.2249 8
      vertex -1.10978 -47.3207 8
    endloop
  endfacet
  facet normal -0.514082 -0.857741 0
    outer loop
      vertex -1.61115 -52.4113 8
      vertex -1.36705 -52.5576 8.5
      vertex -1.61115 -52.4113 8.5
    endloop
  endfacet
  facet normal -0.514082 -0.857741 -0
    outer loop
      vertex -1.36705 -52.5576 8.5
      vertex -1.61115 -52.4113 8
      vertex -1.36705 -52.5576 8
    endloop
  endfacet
  facet normal 0.595849 -0.803096 0
    outer loop
      vertex 1.61115 -52.4113 8
      vertex 1.83974 -52.2417 8.5
      vertex 1.61115 -52.4113 8.5
    endloop
  endfacet
  facet normal 0.595849 -0.803096 0
    outer loop
      vertex 1.83974 -52.2417 8.5
      vertex 1.61115 -52.4113 8
      vertex 1.83974 -52.2417 8
    endloop
  endfacet
  facet normal -0.049193 0.998789 0
    outer loop
      vertex 0 -47.1 8
      vertex -0.284249 -47.114 8.5
      vertex 0 -47.1 8.5
    endloop
  endfacet
  facet normal -0.049193 0.998789 0
    outer loop
      vertex -0.284249 -47.114 8.5
      vertex 0 -47.1 8
      vertex -0.284249 -47.114 8
    endloop
  endfacet
  facet normal -0.970018 0.243032 0
    outer loop
      vertex -2.84428 -49.4342 8
      vertex -2.77513 -49.1582 8.5
      vertex -2.77513 -49.1582 8
    endloop
  endfacet
  facet normal -0.970018 0.243032 0
    outer loop
      vertex -2.77513 -49.1582 8.5
      vertex -2.84428 -49.4342 8
      vertex -2.84428 -49.4342 8.5
    endloop
  endfacet
  facet normal -0.941557 0.336853 0
    outer loop
      vertex -2.77513 -49.1582 8
      vertex -2.67925 -48.8902 8.5
      vertex -2.67925 -48.8902 8
    endloop
  endfacet
  facet normal -0.941557 0.336853 0
    outer loop
      vertex -2.67925 -48.8902 8.5
      vertex -2.77513 -49.1582 8
      vertex -2.77513 -49.1582 8.5
    endloop
  endfacet
  facet normal 0.336654 0.941629 -0
    outer loop
      vertex 1.10978 -47.3207 8
      vertex 0.841825 -47.2249 8.5
      vertex 1.10978 -47.3207 8.5
    endloop
  endfacet
  facet normal 0.336654 0.941629 0
    outer loop
      vertex 0.841825 -47.2249 8.5
      vertex 1.10978 -47.3207 8
      vertex 0.841825 -47.2249 8
    endloop
  endfacet
  facet normal -0.803102 -0.595842 0
    outer loop
      vertex -2.24173 -51.8397 8
      vertex -2.41126 -51.6112 8.5
      vertex -2.41126 -51.6112 8
    endloop
  endfacet
  facet normal -0.803102 -0.595842 0
    outer loop
      vertex -2.41126 -51.6112 8.5
      vertex -2.24173 -51.8397 8
      vertex -2.24173 -51.8397 8.5
    endloop
  endfacet
  facet normal -0.989187 -0.146657 0
    outer loop
      vertex -2.84428 -50.5658 8
      vertex -2.88603 -50.2842 8.5
      vertex -2.88603 -50.2842 8
    endloop
  endfacet
  facet normal -0.989187 -0.146657 0
    outer loop
      vertex -2.88603 -50.2842 8.5
      vertex -2.84428 -50.5658 8
      vertex -2.84428 -50.5658 8.5
    endloop
  endfacet
  facet normal -0.904008 0.427515 0
    outer loop
      vertex -2.67925 -48.8902 8
      vertex -2.55757 -48.6329 8.5
      vertex -2.55757 -48.6329 8
    endloop
  endfacet
  facet normal -0.904008 0.427515 0
    outer loop
      vertex -2.55757 -48.6329 8.5
      vertex -2.67925 -48.8902 8
      vertex -2.67925 -48.8902 8.5
    endloop
  endfacet
  facet normal 0.514082 -0.857741 0
    outer loop
      vertex 1.36705 -52.5576 8
      vertex 1.61115 -52.4113 8.5
      vertex 1.36705 -52.5576 8.5
    endloop
  endfacet
  facet normal 0.514082 -0.857741 0
    outer loop
      vertex 1.61115 -52.4113 8.5
      vertex 1.36705 -52.5576 8
      vertex 1.61115 -52.4113 8
    endloop
  endfacet
  facet normal -0.671518 -0.740989 0
    outer loop
      vertex -2.05061 -52.0506 8
      vertex -1.83974 -52.2417 8.5
      vertex -2.05061 -52.0506 8.5
    endloop
  endfacet
  facet normal -0.671518 -0.740989 -0
    outer loop
      vertex -1.83974 -52.2417 8.5
      vertex -2.05061 -52.0506 8
      vertex -1.83974 -52.2417 8
    endloop
  endfacet
  facet normal -0.803102 0.595842 0
    outer loop
      vertex -2.41126 -48.3888 8
      vertex -2.24173 -48.1603 8.5
      vertex -2.24173 -48.1603 8
    endloop
  endfacet
  facet normal -0.803102 0.595842 0
    outer loop
      vertex -2.24173 -48.1603 8.5
      vertex -2.41126 -48.3888 8
      vertex -2.41126 -48.3888 8.5
    endloop
  endfacet
  facet normal -0.049193 -0.998789 0
    outer loop
      vertex -0.284249 -52.886 8
      vertex 0 -52.9 8.5
      vertex -0.284249 -52.886 8.5
    endloop
  endfacet
  facet normal -0.049193 -0.998789 -0
    outer loop
      vertex 0 -52.9 8.5
      vertex -0.284249 -52.886 8
      vertex 0 -52.9 8
    endloop
  endfacet
  facet normal -0.146529 -0.989206 0
    outer loop
      vertex -0.565762 -52.8443 8
      vertex -0.284249 -52.886 8.5
      vertex -0.565762 -52.8443 8.5
    endloop
  endfacet
  facet normal -0.146529 -0.989206 -0
    outer loop
      vertex -0.284249 -52.886 8.5
      vertex -0.565762 -52.8443 8
      vertex -0.284249 -52.886 8
    endloop
  endfacet
  facet normal -0.989187 0.146657 0
    outer loop
      vertex -2.88603 -49.7158 8
      vertex -2.84428 -49.4342 8.5
      vertex -2.84428 -49.4342 8
    endloop
  endfacet
  facet normal -0.989187 0.146657 0
    outer loop
      vertex -2.84428 -49.4342 8.5
      vertex -2.88603 -49.7158 8
      vertex -2.88603 -49.7158 8.5
    endloop
  endfacet
  facet normal -0.998794 0.0490962 0
    outer loop
      vertex -2.9 -50 8
      vertex -2.88603 -49.7158 8.5
      vertex -2.88603 -49.7158 8
    endloop
  endfacet
  facet normal -0.998794 0.0490962 0
    outer loop
      vertex -2.88603 -49.7158 8.5
      vertex -2.9 -50 8
      vertex -2.9 -50 8.5
    endloop
  endfacet
  facet normal -0.336965 -0.941517 0
    outer loop
      vertex -1.10978 -52.6792 8
      vertex -0.841825 -52.7751 8.5
      vertex -1.10978 -52.6792 8.5
    endloop
  endfacet
  facet normal -0.336965 -0.941517 -0
    outer loop
      vertex -0.841825 -52.7751 8.5
      vertex -1.10978 -52.6792 8
      vertex -0.841825 -52.7751 8
    endloop
  endfacet
  facet normal 0.671518 -0.740989 0
    outer loop
      vertex 1.83974 -52.2417 8
      vertex 2.05061 -52.0506 8.5
      vertex 1.83974 -52.2417 8.5
    endloop
  endfacet
  facet normal 0.671518 -0.740989 0
    outer loop
      vertex 2.05061 -52.0506 8.5
      vertex 1.83974 -52.2417 8
      vertex 2.05061 -52.0506 8
    endloop
  endfacet
  facet normal 0 0 1
    outer loop
      vertex 1.4 -50 8.5
      vertex 2.9 -50 8.5
      vertex 2.88603 -49.7158 8.5
    endloop
  endfacet
  facet normal 0 0 1
    outer loop
      vertex 1.39326 -49.8628 8.5
      vertex 2.88603 -49.7158 8.5
      vertex 2.84428 -49.4342 8.5
    endloop
  endfacet
  facet normal 0 0 1
    outer loop
      vertex 2.9 -50 8.5
      vertex 1.4 -50 8.5
      vertex 2.88603 -50.2842 8.5
    endloop
  endfacet
  facet normal 0 0 1
    outer loop
      vertex 1.3731 -49.7269 8.5
      vertex 2.84428 -49.4342 8.5
      vertex 2.77513 -49.1582 8.5
    endloop
  endfacet
  facet normal -0 0 1
    outer loop
      vertex 1.39326 -50.1372 8.5
      vertex 2.88603 -50.2842 8.5
      vertex 1.4 -50 8.5
    endloop
  endfacet
  facet normal 0 0 1
    outer loop
      vertex 1.33972 -49.5936 8.5
      vertex 2.77513 -49.1582 8.5
      vertex 2.67925 -48.8902 8.5
    endloop
  endfacet
  facet normal 0 0 1
    outer loop
      vertex 2.88603 -50.2842 8.5
      vertex 1.39326 -50.1372 8.5
      vertex 2.84428 -50.5658 8.5
    endloop
  endfacet
  facet normal 0 0 1
    outer loop
      vertex 1.29343 -49.4642 8.5
      vertex 2.67925 -48.8902 8.5
      vertex 2.55757 -48.6329 8.5
    endloop
  endfacet
  facet normal -0 0 1
    outer loop
      vertex 1.3731 -50.2731 8.5
      vertex 2.84428 -50.5658 8.5
      vertex 1.39326 -50.1372 8.5
    endloop
  endfacet
  facet normal 0 0 1
    outer loop
      vertex 1.23469 -49.34 8.5
      vertex 2.55757 -48.6329 8.5
      vertex 2.41126 -48.3888 8.5
    endloop
  endfacet
  facet normal 0 0 1
    outer loop
      vertex 2.84428 -50.5658 8.5
      vertex 1.3731 -50.2731 8.5
      vertex 2.77513 -50.8418 8.5
    endloop
  endfacet
  facet normal 0 0 1
    outer loop
      vertex 1.16406 -49.2222 8.5
      vertex 2.41126 -48.3888 8.5
      vertex 2.24173 -48.1603 8.5
    endloop
  endfacet
  facet normal -0 0 1
    outer loop
      vertex 1.33972 -50.4064 8.5
      vertex 2.77513 -50.8418 8.5
      vertex 1.3731 -50.2731 8.5
    endloop
  endfacet
  facet normal 0 0 1
    outer loop
      vertex 1.08221 -49.1118 8.5
      vertex 2.24173 -48.1603 8.5
      vertex 2.05061 -47.9494 8.5
    endloop
  endfacet
  facet normal 0 0 1
    outer loop
      vertex 2.77513 -50.8418 8.5
      vertex 1.33972 -50.4064 8.5
      vertex 2.67925 -51.1098 8.5
    endloop
  endfacet
  facet normal 0 0 1
    outer loop
      vertex 0.989949 -49.01 8.5
      vertex 2.05061 -47.9494 8.5
      vertex 1.83974 -47.7583 8.5
    endloop
  endfacet
  facet normal -0 0 1
    outer loop
      vertex 1.29343 -50.5358 8.5
      vertex 2.67925 -51.1098 8.5
      vertex 1.33972 -50.4064 8.5
    endloop
  endfacet
  facet normal 0 0 1
    outer loop
      vertex 0.88815 -48.9178 8.5
      vertex 1.83974 -47.7583 8.5
      vertex 1.61115 -47.5887 8.5
    endloop
  endfacet
  facet normal 0 0 1
    outer loop
      vertex 2.67925 -51.1098 8.5
      vertex 1.29343 -50.5358 8.5
      vertex 2.55757 -51.3671 8.5
    endloop
  endfacet
  facet normal -0 0 1
    outer loop
      vertex 1.23469 -50.66 8.5
      vertex 2.55757 -51.3671 8.5
      vertex 1.29343 -50.5358 8.5
    endloop
  endfacet
  facet normal 0 0 1
    outer loop
      vertex 2.88603 -49.7158 8.5
      vertex 1.39326 -49.8628 8.5
      vertex 1.4 -50 8.5
    endloop
  endfacet
  facet normal 0 0 1
    outer loop
      vertex 2.84428 -49.4342 8.5
      vertex 1.3731 -49.7269 8.5
      vertex 1.39326 -49.8628 8.5
    endloop
  endfacet
  facet normal 0 0 1
    outer loop
      vertex 0.777798 -48.8359 8.5
      vertex 1.61115 -47.5887 8.5
      vertex 1.36705 -47.4424 8.5
    endloop
  endfacet
  facet normal 0 0 1
    outer loop
      vertex 2.77513 -49.1582 8.5
      vertex 1.33972 -49.5936 8.5
      vertex 1.3731 -49.7269 8.5
    endloop
  endfacet
  facet normal 0 0 1
    outer loop
      vertex 2.67925 -48.8902 8.5
      vertex 1.29343 -49.4642 8.5
      vertex 1.33972 -49.5936 8.5
    endloop
  endfacet
  facet normal 0 0 1
    outer loop
      vertex 2.55757 -48.6329 8.5
      vertex 1.23469 -49.34 8.5
      vertex 1.29343 -49.4642 8.5
    endloop
  endfacet
  facet normal 0 0 1
    outer loop
      vertex 2.41126 -48.3888 8.5
      vertex 1.16406 -49.2222 8.5
      vertex 1.23469 -49.34 8.5
    endloop
  endfacet
  facet normal 0 0 1
    outer loop
      vertex 0.659955 -48.7653 8.5
      vertex 1.36705 -47.4424 8.5
      vertex 1.10978 -47.3207 8.5
    endloop
  endfacet
  facet normal 0 0 1
    outer loop
      vertex 2.24173 -48.1603 8.5
      vertex 1.08221 -49.1118 8.5
      vertex 1.16406 -49.2222 8.5
    endloop
  endfacet
  facet normal 0 0 1
    outer loop
      vertex 2.05061 -47.9494 8.5
      vertex 0.989949 -49.01 8.5
      vertex 1.08221 -49.1118 8.5
    endloop
  endfacet
  facet normal 0 0 1
    outer loop
      vertex 1.83974 -47.7583 8.5
      vertex 0.88815 -48.9178 8.5
      vertex 0.989949 -49.01 8.5
    endloop
  endfacet
  facet normal 0 0 1
    outer loop
      vertex 0.535756 -48.7066 8.5
      vertex 1.10978 -47.3207 8.5
      vertex 0.841825 -47.2249 8.5
    endloop
  endfacet
  facet normal 0 0 1
    outer loop
      vertex 1.61115 -47.5887 8.5
      vertex 0.777798 -48.8359 8.5
      vertex 0.88815 -48.9178 8.5
    endloop
  endfacet
  facet normal 0 0 1
    outer loop
      vertex 1.36705 -47.4424 8.5
      vertex 0.659955 -48.7653 8.5
      vertex 0.777798 -48.8359 8.5
    endloop
  endfacet
  facet normal 0 0 1
    outer loop
      vertex 0.406398 -48.6603 8.5
      vertex 0.841825 -47.2249 8.5
      vertex 0.565762 -47.1557 8.5
    endloop
  endfacet
  facet normal 0 0 1
    outer loop
      vertex 1.10978 -47.3207 8.5
      vertex 0.535756 -48.7066 8.5
      vertex 0.659955 -48.7653 8.5
    endloop
  endfacet
  facet normal 0 0 1
    outer loop
      vertex 0.841825 -47.2249 8.5
      vertex 0.406398 -48.6603 8.5
      vertex 0.535756 -48.7066 8.5
    endloop
  endfacet
  facet normal 0 0 1
    outer loop
      vertex 0.273126 -48.6269 8.5
      vertex 0.565762 -47.1557 8.5
      vertex 0.284249 -47.114 8.5
    endloop
  endfacet
  facet normal 0 0 1
    outer loop
      vertex 0.565762 -47.1557 8.5
      vertex 0.273126 -48.6269 8.5
      vertex 0.406398 -48.6603 8.5
    endloop
  endfacet
  facet normal 0 0 1
    outer loop
      vertex 0.284249 -47.114 8.5
      vertex 0.137223 -48.6067 8.5
      vertex 0.273126 -48.6269 8.5
    endloop
  endfacet
  facet normal 0 0 1
    outer loop
      vertex 0 -47.1 8.5
      vertex 0.137223 -48.6067 8.5
      vertex 0.284249 -47.114 8.5
    endloop
  endfacet
  facet normal 0 0 1
    outer loop
      vertex 0 -47.1 8.5
      vertex 0 -48.6 8.5
      vertex 0.137223 -48.6067 8.5
    endloop
  endfacet
  facet normal 0 0 1
    outer loop
      vertex 0 -47.1 8.5
      vertex -0.137223 -48.6067 8.5
      vertex 0 -48.6 8.5
    endloop
  endfacet
  facet normal -0 0 1
    outer loop
      vertex -0.284249 -47.114 8.5
      vertex -0.137223 -48.6067 8.5
      vertex 0 -47.1 8.5
    endloop
  endfacet
  facet normal 0 0 1
    outer loop
      vertex -0.137223 -48.6067 8.5
      vertex -0.284249 -47.114 8.5
      vertex -0.273126 -48.6269 8.5
    endloop
  endfacet
  facet normal -0 0 1
    outer loop
      vertex -0.565762 -47.1557 8.5
      vertex -0.273126 -48.6269 8.5
      vertex -0.284249 -47.114 8.5
    endloop
  endfacet
  facet normal 0 0 1
    outer loop
      vertex -0.273126 -48.6269 8.5
      vertex -0.565762 -47.1557 8.5
      vertex -0.406398 -48.6603 8.5
    endloop
  endfacet
  facet normal -0 0 1
    outer loop
      vertex -0.841825 -47.2249 8.5
      vertex -0.406398 -48.6603 8.5
      vertex -0.565762 -47.1557 8.5
    endloop
  endfacet
  facet normal 0 0 1
    outer loop
      vertex -0.406398 -48.6603 8.5
      vertex -0.841825 -47.2249 8.5
      vertex -0.535756 -48.7066 8.5
    endloop
  endfacet
  facet normal -0 0 1
    outer loop
      vertex -1.10978 -47.3207 8.5
      vertex -0.535756 -48.7066 8.5
      vertex -0.841825 -47.2249 8.5
    endloop
  endfacet
  facet normal 0 0 1
    outer loop
      vertex -0.535756 -48.7066 8.5
      vertex -1.10978 -47.3207 8.5
      vertex -0.659955 -48.7653 8.5
    endloop
  endfacet
  facet normal -0 0 1
    outer loop
      vertex -1.36705 -47.4424 8.5
      vertex -0.659955 -48.7653 8.5
      vertex -1.10978 -47.3207 8.5
    endloop
  endfacet
  facet normal 0 0 1
    outer loop
      vertex -0.659955 -48.7653 8.5
      vertex -1.36705 -47.4424 8.5
      vertex -0.777798 -48.8359 8.5
    endloop
  endfacet
  facet normal -0 0 1
    outer loop
      vertex -1.61115 -47.5887 8.5
      vertex -0.777798 -48.8359 8.5
      vertex -1.36705 -47.4424 8.5
    endloop
  endfacet
  facet normal 0 0 1
    outer loop
      vertex -0.777798 -48.8359 8.5
      vertex -1.61115 -47.5887 8.5
      vertex -0.88815 -48.9178 8.5
    endloop
  endfacet
  facet normal -0 0 1
    outer loop
      vertex -1.83974 -47.7583 8.5
      vertex -0.88815 -48.9178 8.5
      vertex -1.61115 -47.5887 8.5
    endloop
  endfacet
  facet normal 0 0 1
    outer loop
      vertex -0.88815 -48.9178 8.5
      vertex -1.83974 -47.7583 8.5
      vertex -0.989949 -49.01 8.5
    endloop
  endfacet
  facet normal -0 0 1
    outer loop
      vertex -2.05061 -47.9494 8.5
      vertex -0.989949 -49.01 8.5
      vertex -1.83974 -47.7583 8.5
    endloop
  endfacet
  facet normal 0 0 1
    outer loop
      vertex -0.989949 -49.01 8.5
      vertex -2.05061 -47.9494 8.5
      vertex -1.08221 -49.1118 8.5
    endloop
  endfacet
  facet normal -0 0 1
    outer loop
      vertex -2.24173 -48.1603 8.5
      vertex -1.08221 -49.1118 8.5
      vertex -2.05061 -47.9494 8.5
    endloop
  endfacet
  facet normal 0 0 1
    outer loop
      vertex -1.08221 -49.1118 8.5
      vertex -2.24173 -48.1603 8.5
      vertex -1.16406 -49.2222 8.5
    endloop
  endfacet
  facet normal -0 0 1
    outer loop
      vertex -2.41126 -48.3888 8.5
      vertex -1.16406 -49.2222 8.5
      vertex -2.24173 -48.1603 8.5
    endloop
  endfacet
  facet normal 0 0 1
    outer loop
      vertex -1.16406 -49.2222 8.5
      vertex -2.41126 -48.3888 8.5
      vertex -1.23469 -49.34 8.5
    endloop
  endfacet
  facet normal -0 0 1
    outer loop
      vertex -2.55757 -48.6329 8.5
      vertex -1.23469 -49.34 8.5
      vertex -2.41126 -48.3888 8.5
    endloop
  endfacet
  facet normal 0 0 1
    outer loop
      vertex 2.55757 -51.3671 8.5
      vertex 1.23469 -50.66 8.5
      vertex 2.41126 -51.6112 8.5
    endloop
  endfacet
  facet normal -0 0 1
    outer loop
      vertex 1.16406 -50.7778 8.5
      vertex 2.41126 -51.6112 8.5
      vertex 1.23469 -50.66 8.5
    endloop
  endfacet
  facet normal 0 0 1
    outer loop
      vertex 2.41126 -51.6112 8.5
      vertex 1.16406 -50.7778 8.5
      vertex 2.24173 -51.8397 8.5
    endloop
  endfacet
  facet normal -0 0 1
    outer loop
      vertex 1.08221 -50.8881 8.5
      vertex 2.24173 -51.8397 8.5
      vertex 1.16406 -50.7778 8.5
    endloop
  endfacet
  facet normal 0 0 1
    outer loop
      vertex 2.24173 -51.8397 8.5
      vertex 1.08221 -50.8881 8.5
      vertex 2.05061 -52.0506 8.5
    endloop
  endfacet
  facet normal -0 0 1
    outer loop
      vertex 0.989949 -50.9899 8.5
      vertex 2.05061 -52.0506 8.5
      vertex 1.08221 -50.8881 8.5
    endloop
  endfacet
  facet normal 0 0 1
    outer loop
      vertex 2.05061 -52.0506 8.5
      vertex 0.989949 -50.9899 8.5
      vertex 1.83974 -52.2417 8.5
    endloop
  endfacet
  facet normal -0 0 1
    outer loop
      vertex 0.88815 -51.0822 8.5
      vertex 1.83974 -52.2417 8.5
      vertex 0.989949 -50.9899 8.5
    endloop
  endfacet
  facet normal 0 0 1
    outer loop
      vertex 1.83974 -52.2417 8.5
      vertex 0.88815 -51.0822 8.5
      vertex 1.61115 -52.4113 8.5
    endloop
  endfacet
  facet normal -0 0 1
    outer loop
      vertex 0.777798 -51.1641 8.5
      vertex 1.61115 -52.4113 8.5
      vertex 0.88815 -51.0822 8.5
    endloop
  endfacet
  facet normal 0 0 1
    outer loop
      vertex 1.61115 -52.4113 8.5
      vertex 0.777798 -51.1641 8.5
      vertex 1.36705 -52.5576 8.5
    endloop
  endfacet
  facet normal -0 0 1
    outer loop
      vertex 0.659955 -51.2347 8.5
      vertex 1.36705 -52.5576 8.5
      vertex 0.777798 -51.1641 8.5
    endloop
  endfacet
  facet normal 0 0 1
    outer loop
      vertex 1.36705 -52.5576 8.5
      vertex 0.659955 -51.2347 8.5
      vertex 1.10978 -52.6792 8.5
    endloop
  endfacet
  facet normal -0 0 1
    outer loop
      vertex 0.535756 -51.2934 8.5
      vertex 1.10978 -52.6792 8.5
      vertex 0.659955 -51.2347 8.5
    endloop
  endfacet
  facet normal 0 0 1
    outer loop
      vertex 1.10978 -52.6792 8.5
      vertex 0.535756 -51.2934 8.5
      vertex 0.841825 -52.7751 8.5
    endloop
  endfacet
  facet normal -0 0 1
    outer loop
      vertex 0.406398 -51.3397 8.5
      vertex 0.841825 -52.7751 8.5
      vertex 0.535756 -51.2934 8.5
    endloop
  endfacet
  facet normal 0 0 1
    outer loop
      vertex 0.841825 -52.7751 8.5
      vertex 0.406398 -51.3397 8.5
      vertex 0.565762 -52.8443 8.5
    endloop
  endfacet
  facet normal -0 0 1
    outer loop
      vertex 0.273126 -51.3731 8.5
      vertex 0.565762 -52.8443 8.5
      vertex 0.406398 -51.3397 8.5
    endloop
  endfacet
  facet normal 0 0 1
    outer loop
      vertex 0.565762 -52.8443 8.5
      vertex 0.273126 -51.3731 8.5
      vertex 0.284249 -52.886 8.5
    endloop
  endfacet
  facet normal -0 0 1
    outer loop
      vertex 0.137223 -51.3933 8.5
      vertex 0.284249 -52.886 8.5
      vertex 0.273126 -51.3731 8.5
    endloop
  endfacet
  facet normal -0 0 1
    outer loop
      vertex 0 -51.4 8.5
      vertex 0.284249 -52.886 8.5
      vertex 0.137223 -51.3933 8.5
    endloop
  endfacet
  facet normal 0 0 1
    outer loop
      vertex 0 -51.4 8.5
      vertex 0 -52.9 8.5
      vertex 0.284249 -52.886 8.5
    endloop
  endfacet
  facet normal 0 0 1
    outer loop
      vertex -0.137223 -51.3933 8.5
      vertex 0 -52.9 8.5
      vertex 0 -51.4 8.5
    endloop
  endfacet
  facet normal 0 0 1
    outer loop
      vertex -0.284249 -52.886 8.5
      vertex -0.137223 -51.3933 8.5
      vertex -0.273126 -51.3731 8.5
    endloop
  endfacet
  facet normal 0 0 1
    outer loop
      vertex -0.137223 -51.3933 8.5
      vertex -0.284249 -52.886 8.5
      vertex 0 -52.9 8.5
    endloop
  endfacet
  facet normal 0 0 1
    outer loop
      vertex -0.565762 -52.8443 8.5
      vertex -0.273126 -51.3731 8.5
      vertex -0.406398 -51.3397 8.5
    endloop
  endfacet
  facet normal 0 0 1
    outer loop
      vertex -0.841825 -52.7751 8.5
      vertex -0.406398 -51.3397 8.5
      vertex -0.535756 -51.2934 8.5
    endloop
  endfacet
  facet normal 0 0 1
    outer loop
      vertex -0.273126 -51.3731 8.5
      vertex -0.565762 -52.8443 8.5
      vertex -0.284249 -52.886 8.5
    endloop
  endfacet
  facet normal 0 0 1
    outer loop
      vertex -1.10978 -52.6792 8.5
      vertex -0.535756 -51.2934 8.5
      vertex -0.659955 -51.2347 8.5
    endloop
  endfacet
  facet normal 0 0 1
    outer loop
      vertex -1.36705 -52.5576 8.5
      vertex -0.659955 -51.2347 8.5
      vertex -0.777798 -51.1641 8.5
    endloop
  endfacet
  facet normal 0 0 1
    outer loop
      vertex -0.406398 -51.3397 8.5
      vertex -0.841825 -52.7751 8.5
      vertex -0.565762 -52.8443 8.5
    endloop
  endfacet
  facet normal 0 0 1
    outer loop
      vertex -1.61115 -52.4113 8.5
      vertex -0.777798 -51.1641 8.5
      vertex -0.88815 -51.0822 8.5
    endloop
  endfacet
  facet normal 0 0 1
    outer loop
      vertex -1.83974 -52.2417 8.5
      vertex -0.88815 -51.0822 8.5
      vertex -0.989949 -50.9899 8.5
    endloop
  endfacet
  facet normal 0 0 1
    outer loop
      vertex -2.05061 -52.0506 8.5
      vertex -0.989949 -50.9899 8.5
      vertex -1.08221 -50.8881 8.5
    endloop
  endfacet
  facet normal 0 0 1
    outer loop
      vertex -0.535756 -51.2934 8.5
      vertex -1.10978 -52.6792 8.5
      vertex -0.841825 -52.7751 8.5
    endloop
  endfacet
  facet normal 0 0 1
    outer loop
      vertex -2.24173 -51.8397 8.5
      vertex -1.08221 -50.8881 8.5
      vertex -1.16406 -50.7778 8.5
    endloop
  endfacet
  facet normal 0 0 1
    outer loop
      vertex -2.41126 -51.6112 8.5
      vertex -1.16406 -50.7778 8.5
      vertex -1.23469 -50.66 8.5
    endloop
  endfacet
  facet normal 0 0 1
    outer loop
      vertex -2.55757 -51.3671 8.5
      vertex -1.23469 -50.66 8.5
      vertex -1.29343 -50.5358 8.5
    endloop
  endfacet
  facet normal 0 0 1
    outer loop
      vertex -2.67925 -51.1098 8.5
      vertex -1.29343 -50.5358 8.5
      vertex -1.33972 -50.4064 8.5
    endloop
  endfacet
  facet normal 0 0 1
    outer loop
      vertex -0.659955 -51.2347 8.5
      vertex -1.36705 -52.5576 8.5
      vertex -1.10978 -52.6792 8.5
    endloop
  endfacet
  facet normal 0 0 1
    outer loop
      vertex -2.77513 -50.8418 8.5
      vertex -1.33972 -50.4064 8.5
      vertex -1.3731 -50.2731 8.5
    endloop
  endfacet
  facet normal 0 0 1
    outer loop
      vertex -2.84428 -50.5658 8.5
      vertex -1.3731 -50.2731 8.5
      vertex -1.39326 -50.1372 8.5
    endloop
  endfacet
  facet normal 0 0 1
    outer loop
      vertex -2.88603 -50.2842 8.5
      vertex -1.39326 -50.1372 8.5
      vertex -1.4 -50 8.5
    endloop
  endfacet
  facet normal 0 0 1
    outer loop
      vertex -1.23469 -49.34 8.5
      vertex -2.55757 -48.6329 8.5
      vertex -1.29343 -49.4642 8.5
    endloop
  endfacet
  facet normal 0 0 1
    outer loop
      vertex -0.777798 -51.1641 8.5
      vertex -1.61115 -52.4113 8.5
      vertex -1.36705 -52.5576 8.5
    endloop
  endfacet
  facet normal -0 0 1
    outer loop
      vertex -2.67925 -48.8902 8.5
      vertex -1.29343 -49.4642 8.5
      vertex -2.55757 -48.6329 8.5
    endloop
  endfacet
  facet normal 0 0 1
    outer loop
      vertex -0.88815 -51.0822 8.5
      vertex -1.83974 -52.2417 8.5
      vertex -1.61115 -52.4113 8.5
    endloop
  endfacet
  facet normal 0 0 1
    outer loop
      vertex -1.29343 -49.4642 8.5
      vertex -2.67925 -48.8902 8.5
      vertex -1.33972 -49.5936 8.5
    endloop
  endfacet
  facet normal 0 0 1
    outer loop
      vertex -0.989949 -50.9899 8.5
      vertex -2.05061 -52.0506 8.5
      vertex -1.83974 -52.2417 8.5
    endloop
  endfacet
  facet normal -0 0 1
    outer loop
      vertex -2.77513 -49.1582 8.5
      vertex -1.33972 -49.5936 8.5
      vertex -2.67925 -48.8902 8.5
    endloop
  endfacet
  facet normal 0 0 1
    outer loop
      vertex -1.08221 -50.8881 8.5
      vertex -2.24173 -51.8397 8.5
      vertex -2.05061 -52.0506 8.5
    endloop
  endfacet
  facet normal 0 0 1
    outer loop
      vertex -1.33972 -49.5936 8.5
      vertex -2.77513 -49.1582 8.5
      vertex -1.3731 -49.7269 8.5
    endloop
  endfacet
  facet normal 0 0 1
    outer loop
      vertex -1.16406 -50.7778 8.5
      vertex -2.41126 -51.6112 8.5
      vertex -2.24173 -51.8397 8.5
    endloop
  endfacet
  facet normal -0 0 1
    outer loop
      vertex -2.84428 -49.4342 8.5
      vertex -1.3731 -49.7269 8.5
      vertex -2.77513 -49.1582 8.5
    endloop
  endfacet
  facet normal 0 0 1
    outer loop
      vertex -1.23469 -50.66 8.5
      vertex -2.55757 -51.3671 8.5
      vertex -2.41126 -51.6112 8.5
    endloop
  endfacet
  facet normal 0 0 1
    outer loop
      vertex -1.3731 -49.7269 8.5
      vertex -2.84428 -49.4342 8.5
      vertex -1.39326 -49.8628 8.5
    endloop
  endfacet
  facet normal 0 0 1
    outer loop
      vertex -1.29343 -50.5358 8.5
      vertex -2.67925 -51.1098 8.5
      vertex -2.55757 -51.3671 8.5
    endloop
  endfacet
  facet normal -0 0 1
    outer loop
      vertex -2.88603 -49.7158 8.5
      vertex -1.39326 -49.8628 8.5
      vertex -2.84428 -49.4342 8.5
    endloop
  endfacet
  facet normal 0 0 1
    outer loop
      vertex -1.33972 -50.4064 8.5
      vertex -2.77513 -50.8418 8.5
      vertex -2.67925 -51.1098 8.5
    endloop
  endfacet
  facet normal 0 0 1
    outer loop
      vertex -1.39326 -49.8628 8.5
      vertex -2.88603 -49.7158 8.5
      vertex -1.4 -50 8.5
    endloop
  endfacet
  facet normal 0 0 1
    outer loop
      vertex -1.3731 -50.2731 8.5
      vertex -2.84428 -50.5658 8.5
      vertex -2.77513 -50.8418 8.5
    endloop
  endfacet
  facet normal 0 0 1
    outer loop
      vertex -2.9 -50 8.5
      vertex -1.4 -50 8.5
      vertex -2.88603 -49.7158 8.5
    endloop
  endfacet
  facet normal 0 0 1
    outer loop
      vertex -1.39326 -50.1372 8.5
      vertex -2.88603 -50.2842 8.5
      vertex -2.84428 -50.5658 8.5
    endloop
  endfacet
  facet normal 0 0 1
    outer loop
      vertex -1.4 -50 8.5
      vertex -2.9 -50 8.5
      vertex -2.88603 -50.2842 8.5
    endloop
  endfacet
  facet normal -0.989176 -0.146736 0
    outer loop
      vertex 2.23917 0.220538 0
      vertex 2.20677 0.438952 8
      vertex 2.20677 0.438952 0
    endloop
  endfacet
  facet normal -0.989176 -0.146736 0
    outer loop
      vertex 2.20677 0.438952 8
      vertex 2.23917 0.220538 0
      vertex 2.23917 0.220538 8
    endloop
  endfacet
  facet normal -0.998796 -0.0490481 0
    outer loop
      vertex 2.25 0 0
      vertex 2.23917 0.220538 8
      vertex 2.23917 0.220538 0
    endloop
  endfacet
  facet normal -0.998796 -0.0490481 0
    outer loop
      vertex 2.23917 0.220538 8
      vertex 2.25 0 0
      vertex 2.25 0 8
    endloop
  endfacet
  facet normal -0.970033 -0.242975 0
    outer loop
      vertex 2.20677 0.438952 0
      vertex 2.15312 0.65314 8
      vertex 2.15312 0.65314 0
    endloop
  endfacet
  facet normal -0.970033 -0.242975 0
    outer loop
      vertex 2.15312 0.65314 8
      vertex 2.20677 0.438952 0
      vertex 2.20677 0.438952 8
    endloop
  endfacet
  facet normal -0.336903 0.941539 0
    outer loop
      vertex 0.861037 -2.07873 0
      vertex 0.65314 -2.15312 8
      vertex 0.861037 -2.07873 8
    endloop
  endfacet
  facet normal -0.336903 0.941539 0
    outer loop
      vertex 0.65314 -2.15312 8
      vertex 0.861037 -2.07873 0
      vertex 0.65314 -2.15312 0
    endloop
  endfacet
  facet normal -0.67154 -0.740968 0
    outer loop
      vertex 1.42738 1.73927 0
      vertex 1.59099 1.59099 8
      vertex 1.42738 1.73927 8
    endloop
  endfacet
  facet normal -0.67154 -0.740968 -0
    outer loop
      vertex 1.59099 1.59099 8
      vertex 1.42738 1.73927 0
      vertex 1.59099 1.59099 0
    endloop
  endfacet
  facet normal 0.857741 -0.514083 0
    outer loop
      vertex -1.98432 1.06064 8
      vertex -1.87081 1.25003 0
      vertex -1.87081 1.25003 8
    endloop
  endfacet
  facet normal 0.857741 -0.514083 0
    outer loop
      vertex -1.87081 1.25003 0
      vertex -1.98432 1.06064 8
      vertex -1.98432 1.06064 0
    endloop
  endfacet
  facet normal 0.146736 0.989176 -0
    outer loop
      vertex -0.220538 -2.23917 0
      vertex -0.438952 -2.20677 8
      vertex -0.220538 -2.23917 8
    endloop
  endfacet
  facet normal 0.146736 0.989176 0
    outer loop
      vertex -0.438952 -2.20677 8
      vertex -0.220538 -2.23917 0
      vertex -0.438952 -2.20677 0
    endloop
  endfacet
  facet normal -0.941539 -0.336903 0
    outer loop
      vertex 2.15312 0.65314 0
      vertex 2.07873 0.861037 8
      vertex 2.07873 0.861037 0
    endloop
  endfacet
  facet normal -0.941539 -0.336903 0
    outer loop
      vertex 2.07873 0.861037 8
      vertex 2.15312 0.65314 0
      vertex 2.15312 0.65314 8
    endloop
  endfacet
  facet normal 0.0490481 -0.998796 0
    outer loop
      vertex -0.220538 2.23917 0
      vertex 0 2.25 8
      vertex -0.220538 2.23917 8
    endloop
  endfacet
  facet normal 0.0490481 -0.998796 0
    outer loop
      vertex 0 2.25 8
      vertex -0.220538 2.23917 0
      vertex 0 2.25 0
    endloop
  endfacet
  facet normal -0.0490481 0.998796 0
    outer loop
      vertex 0.220538 -2.23917 0
      vertex 0 -2.25 8
      vertex 0.220538 -2.23917 8
    endloop
  endfacet
  facet normal -0.0490481 0.998796 0
    outer loop
      vertex 0 -2.25 8
      vertex 0.220538 -2.23917 0
      vertex 0 -2.25 0
    endloop
  endfacet
  facet normal 0.903981 0.427573 0
    outer loop
      vertex -1.98432 -1.06064 8
      vertex -2.07873 -0.861037 0
      vertex -2.07873 -0.861037 8
    endloop
  endfacet
  facet normal 0.903981 0.427573 0
    outer loop
      vertex -2.07873 -0.861037 0
      vertex -1.98432 -1.06064 8
      vertex -1.98432 -1.06064 0
    endloop
  endfacet
  facet normal 0.595723 0.80319 -0
    outer loop
      vertex -1.25003 -1.87081 0
      vertex -1.42738 -1.73927 8
      vertex -1.25003 -1.87081 8
    endloop
  endfacet
  facet normal 0.595723 0.80319 0
    outer loop
      vertex -1.42738 -1.73927 8
      vertex -1.25003 -1.87081 0
      vertex -1.42738 -1.73927 0
    endloop
  endfacet
  facet normal 0.80319 -0.595723 0
    outer loop
      vertex -1.87081 1.25003 8
      vertex -1.73927 1.42738 0
      vertex -1.73927 1.42738 8
    endloop
  endfacet
  facet normal 0.80319 -0.595723 0
    outer loop
      vertex -1.73927 1.42738 0
      vertex -1.87081 1.25003 8
      vertex -1.87081 1.25003 0
    endloop
  endfacet
  facet normal -0.970033 0.242975 0
    outer loop
      vertex 2.15312 -0.65314 0
      vertex 2.20677 -0.438952 8
      vertex 2.20677 -0.438952 0
    endloop
  endfacet
  facet normal -0.970033 0.242975 0
    outer loop
      vertex 2.20677 -0.438952 8
      vertex 2.15312 -0.65314 0
      vertex 2.15312 -0.65314 8
    endloop
  endfacet
  facet normal -0.514083 0.857741 0
    outer loop
      vertex 1.25003 -1.87081 0
      vertex 1.06064 -1.98432 8
      vertex 1.25003 -1.87081 8
    endloop
  endfacet
  facet normal -0.514083 0.857741 0
    outer loop
      vertex 1.06064 -1.98432 8
      vertex 1.25003 -1.87081 0
      vertex 1.06064 -1.98432 0
    endloop
  endfacet
  facet normal -0.857741 -0.514083 0
    outer loop
      vertex 1.98432 1.06064 0
      vertex 1.87081 1.25003 8
      vertex 1.87081 1.25003 0
    endloop
  endfacet
  facet normal -0.857741 -0.514083 0
    outer loop
      vertex 1.87081 1.25003 8
      vertex 1.98432 1.06064 0
      vertex 1.98432 1.06064 8
    endloop
  endfacet
  facet normal 0.998796 0.0490481 0
    outer loop
      vertex -2.23917 -0.220538 8
      vertex -2.25 0 0
      vertex -2.25 0 8
    endloop
  endfacet
  facet normal 0.998796 0.0490481 0
    outer loop
      vertex -2.25 0 0
      vertex -2.23917 -0.220538 8
      vertex -2.23917 -0.220538 0
    endloop
  endfacet
  facet normal -0.903981 -0.427573 0
    outer loop
      vertex 2.07873 0.861037 0
      vertex 1.98432 1.06064 8
      vertex 1.98432 1.06064 0
    endloop
  endfacet
  facet normal -0.903981 -0.427573 0
    outer loop
      vertex 1.98432 1.06064 8
      vertex 2.07873 0.861037 0
      vertex 2.07873 0.861037 8
    endloop
  endfacet
  facet normal -0.941539 0.336903 0
    outer loop
      vertex 2.07873 -0.861037 0
      vertex 2.15312 -0.65314 8
      vertex 2.15312 -0.65314 0
    endloop
  endfacet
  facet normal -0.941539 0.336903 0
    outer loop
      vertex 2.15312 -0.65314 8
      vertex 2.07873 -0.861037 0
      vertex 2.07873 -0.861037 8
    endloop
  endfacet
  facet normal 0.427573 0.903981 -0
    outer loop
      vertex -0.861037 -2.07873 0
      vertex -1.06064 -1.98432 8
      vertex -0.861037 -2.07873 8
    endloop
  endfacet
  facet normal 0.427573 0.903981 0
    outer loop
      vertex -1.06064 -1.98432 8
      vertex -0.861037 -2.07873 0
      vertex -1.06064 -1.98432 0
    endloop
  endfacet
  facet normal 0.970033 0.242975 0
    outer loop
      vertex -2.15312 -0.65314 8
      vertex -2.20677 -0.438952 0
      vertex -2.20677 -0.438952 8
    endloop
  endfacet
  facet normal 0.970033 0.242975 0
    outer loop
      vertex -2.20677 -0.438952 0
      vertex -2.15312 -0.65314 8
      vertex -2.15312 -0.65314 0
    endloop
  endfacet
  facet normal 0.740968 -0.67154 0
    outer loop
      vertex -1.73927 1.42738 8
      vertex -1.59099 1.59099 0
      vertex -1.59099 1.59099 8
    endloop
  endfacet
  facet normal 0.740968 -0.67154 0
    outer loop
      vertex -1.59099 1.59099 0
      vertex -1.73927 1.42738 8
      vertex -1.73927 1.42738 0
    endloop
  endfacet
  facet normal 0.242975 0.970033 -0
    outer loop
      vertex -0.438952 -2.20677 0
      vertex -0.65314 -2.15312 8
      vertex -0.438952 -2.20677 8
    endloop
  endfacet
  facet normal 0.242975 0.970033 0
    outer loop
      vertex -0.65314 -2.15312 8
      vertex -0.438952 -2.20677 0
      vertex -0.65314 -2.15312 0
    endloop
  endfacet
  facet normal 0.514083 -0.857741 0
    outer loop
      vertex -1.25003 1.87081 0
      vertex -1.06064 1.98432 8
      vertex -1.25003 1.87081 8
    endloop
  endfacet
  facet normal 0.514083 -0.857741 0
    outer loop
      vertex -1.06064 1.98432 8
      vertex -1.25003 1.87081 0
      vertex -1.06064 1.98432 0
    endloop
  endfacet
  facet normal -0.80319 -0.595723 0
    outer loop
      vertex 1.87081 1.25003 0
      vertex 1.73927 1.42738 8
      vertex 1.73927 1.42738 0
    endloop
  endfacet
  facet normal -0.80319 -0.595723 0
    outer loop
      vertex 1.73927 1.42738 8
      vertex 1.87081 1.25003 0
      vertex 1.87081 1.25003 8
    endloop
  endfacet
  facet normal 0.146736 -0.989176 0
    outer loop
      vertex -0.438952 2.20677 0
      vertex -0.220538 2.23917 8
      vertex -0.438952 2.20677 8
    endloop
  endfacet
  facet normal 0.146736 -0.989176 0
    outer loop
      vertex -0.220538 2.23917 8
      vertex -0.438952 2.20677 0
      vertex -0.220538 2.23917 0
    endloop
  endfacet
  facet normal -0.427573 0.903981 0
    outer loop
      vertex 1.06064 -1.98432 0
      vertex 0.861037 -2.07873 8
      vertex 1.06064 -1.98432 8
    endloop
  endfacet
  facet normal -0.427573 0.903981 0
    outer loop
      vertex 0.861037 -2.07873 8
      vertex 1.06064 -1.98432 0
      vertex 0.861037 -2.07873 0
    endloop
  endfacet
  facet normal 0.67154 -0.740968 0
    outer loop
      vertex -1.59099 1.59099 0
      vertex -1.42738 1.73927 8
      vertex -1.59099 1.59099 8
    endloop
  endfacet
  facet normal 0.67154 -0.740968 0
    outer loop
      vertex -1.42738 1.73927 8
      vertex -1.59099 1.59099 0
      vertex -1.42738 1.73927 0
    endloop
  endfacet
  facet normal -0.857741 0.514083 0
    outer loop
      vertex 1.87081 -1.25003 0
      vertex 1.98432 -1.06064 8
      vertex 1.98432 -1.06064 0
    endloop
  endfacet
  facet normal -0.857741 0.514083 0
    outer loop
      vertex 1.98432 -1.06064 8
      vertex 1.87081 -1.25003 0
      vertex 1.87081 -1.25003 8
    endloop
  endfacet
  facet normal 0.595723 -0.80319 0
    outer loop
      vertex -1.42738 1.73927 0
      vertex -1.25003 1.87081 8
      vertex -1.42738 1.73927 8
    endloop
  endfacet
  facet normal 0.595723 -0.80319 0
    outer loop
      vertex -1.25003 1.87081 8
      vertex -1.42738 1.73927 0
      vertex -1.25003 1.87081 0
    endloop
  endfacet
  facet normal -0.336903 -0.941539 0
    outer loop
      vertex 0.65314 2.15312 0
      vertex 0.861037 2.07873 8
      vertex 0.65314 2.15312 8
    endloop
  endfacet
  facet normal -0.336903 -0.941539 -0
    outer loop
      vertex 0.861037 2.07873 8
      vertex 0.65314 2.15312 0
      vertex 0.861037 2.07873 0
    endloop
  endfacet
  facet normal -0.740968 -0.67154 0
    outer loop
      vertex 1.73927 1.42738 0
      vertex 1.59099 1.59099 8
      vertex 1.59099 1.59099 0
    endloop
  endfacet
  facet normal -0.740968 -0.67154 0
    outer loop
      vertex 1.59099 1.59099 8
      vertex 1.73927 1.42738 0
      vertex 1.73927 1.42738 8
    endloop
  endfacet
  facet normal -0.998796 0.0490481 0
    outer loop
      vertex 2.23917 -0.220538 0
      vertex 2.25 0 8
      vertex 2.25 0 0
    endloop
  endfacet
  facet normal -0.998796 0.0490481 0
    outer loop
      vertex 2.25 0 8
      vertex 2.23917 -0.220538 0
      vertex 2.23917 -0.220538 8
    endloop
  endfacet
  facet normal 0.941539 0.336903 0
    outer loop
      vertex -2.07873 -0.861037 8
      vertex -2.15312 -0.65314 0
      vertex -2.15312 -0.65314 8
    endloop
  endfacet
  facet normal 0.941539 0.336903 0
    outer loop
      vertex -2.15312 -0.65314 0
      vertex -2.07873 -0.861037 8
      vertex -2.07873 -0.861037 0
    endloop
  endfacet
  facet normal -0.514083 -0.857741 0
    outer loop
      vertex 1.06064 1.98432 0
      vertex 1.25003 1.87081 8
      vertex 1.06064 1.98432 8
    endloop
  endfacet
  facet normal -0.514083 -0.857741 -0
    outer loop
      vertex 1.25003 1.87081 8
      vertex 1.06064 1.98432 0
      vertex 1.25003 1.87081 0
    endloop
  endfacet
  facet normal -0.595723 -0.80319 0
    outer loop
      vertex 1.25003 1.87081 0
      vertex 1.42738 1.73927 8
      vertex 1.25003 1.87081 8
    endloop
  endfacet
  facet normal -0.595723 -0.80319 -0
    outer loop
      vertex 1.42738 1.73927 8
      vertex 1.25003 1.87081 0
      vertex 1.42738 1.73927 0
    endloop
  endfacet
  facet normal -0.146736 0.989176 0
    outer loop
      vertex 0.438952 -2.20677 0
      vertex 0.220538 -2.23917 8
      vertex 0.438952 -2.20677 8
    endloop
  endfacet
  facet normal -0.146736 0.989176 0
    outer loop
      vertex 0.220538 -2.23917 8
      vertex 0.438952 -2.20677 0
      vertex 0.220538 -2.23917 0
    endloop
  endfacet
  facet normal -0.740968 0.67154 0
    outer loop
      vertex 1.59099 -1.59099 0
      vertex 1.73927 -1.42738 8
      vertex 1.73927 -1.42738 0
    endloop
  endfacet
  facet normal -0.740968 0.67154 0
    outer loop
      vertex 1.73927 -1.42738 8
      vertex 1.59099 -1.59099 0
      vertex 1.59099 -1.59099 8
    endloop
  endfacet
  facet normal -0.80319 0.595723 0
    outer loop
      vertex 1.73927 -1.42738 0
      vertex 1.87081 -1.25003 8
      vertex 1.87081 -1.25003 0
    endloop
  endfacet
  facet normal -0.80319 0.595723 0
    outer loop
      vertex 1.87081 -1.25003 8
      vertex 1.73927 -1.42738 0
      vertex 1.73927 -1.42738 8
    endloop
  endfacet
  facet normal -0.242975 0.970033 0
    outer loop
      vertex 0.65314 -2.15312 0
      vertex 0.438952 -2.20677 8
      vertex 0.65314 -2.15312 8
    endloop
  endfacet
  facet normal -0.242975 0.970033 0
    outer loop
      vertex 0.438952 -2.20677 8
      vertex 0.65314 -2.15312 0
      vertex 0.438952 -2.20677 0
    endloop
  endfacet
  facet normal -0.903981 0.427573 0
    outer loop
      vertex 1.98432 -1.06064 0
      vertex 2.07873 -0.861037 8
      vertex 2.07873 -0.861037 0
    endloop
  endfacet
  facet normal -0.903981 0.427573 0
    outer loop
      vertex 2.07873 -0.861037 8
      vertex 1.98432 -1.06064 0
      vertex 1.98432 -1.06064 8
    endloop
  endfacet
  facet normal 0.242975 -0.970033 0
    outer loop
      vertex -0.65314 2.15312 0
      vertex -0.438952 2.20677 8
      vertex -0.65314 2.15312 8
    endloop
  endfacet
  facet normal 0.242975 -0.970033 0
    outer loop
      vertex -0.438952 2.20677 8
      vertex -0.65314 2.15312 0
      vertex -0.438952 2.20677 0
    endloop
  endfacet
  facet normal 0.941539 -0.336903 0
    outer loop
      vertex -2.15312 0.65314 8
      vertex -2.07873 0.861037 0
      vertex -2.07873 0.861037 8
    endloop
  endfacet
  facet normal 0.941539 -0.336903 0
    outer loop
      vertex -2.07873 0.861037 0
      vertex -2.15312 0.65314 8
      vertex -2.15312 0.65314 0
    endloop
  endfacet
  facet normal 0.427573 -0.903981 0
    outer loop
      vertex -1.06064 1.98432 0
      vertex -0.861037 2.07873 8
      vertex -1.06064 1.98432 8
    endloop
  endfacet
  facet normal 0.427573 -0.903981 0
    outer loop
      vertex -0.861037 2.07873 8
      vertex -1.06064 1.98432 0
      vertex -0.861037 2.07873 0
    endloop
  endfacet
  facet normal 0.989176 -0.146736 0
    outer loop
      vertex -2.23917 0.220538 8
      vertex -2.20677 0.438952 0
      vertex -2.20677 0.438952 8
    endloop
  endfacet
  facet normal 0.989176 -0.146736 0
    outer loop
      vertex -2.20677 0.438952 0
      vertex -2.23917 0.220538 8
      vertex -2.23917 0.220538 0
    endloop
  endfacet
  facet normal 0.970033 -0.242975 0
    outer loop
      vertex -2.20677 0.438952 8
      vertex -2.15312 0.65314 0
      vertex -2.15312 0.65314 8
    endloop
  endfacet
  facet normal 0.970033 -0.242975 0
    outer loop
      vertex -2.15312 0.65314 0
      vertex -2.20677 0.438952 8
      vertex -2.20677 0.438952 0
    endloop
  endfacet
  facet normal -0.427573 -0.903981 0
    outer loop
      vertex 0.861037 2.07873 0
      vertex 1.06064 1.98432 8
      vertex 0.861037 2.07873 8
    endloop
  endfacet
  facet normal -0.427573 -0.903981 -0
    outer loop
      vertex 1.06064 1.98432 8
      vertex 0.861037 2.07873 0
      vertex 1.06064 1.98432 0
    endloop
  endfacet
  facet normal -0.989176 0.146736 0
    outer loop
      vertex 2.20677 -0.438952 0
      vertex 2.23917 -0.220538 8
      vertex 2.23917 -0.220538 0
    endloop
  endfacet
  facet normal -0.989176 0.146736 0
    outer loop
      vertex 2.23917 -0.220538 8
      vertex 2.20677 -0.438952 0
      vertex 2.20677 -0.438952 8
    endloop
  endfacet
  facet normal -0.146736 -0.989176 0
    outer loop
      vertex 0.220538 2.23917 0
      vertex 0.438952 2.20677 8
      vertex 0.220538 2.23917 8
    endloop
  endfacet
  facet normal -0.146736 -0.989176 -0
    outer loop
      vertex 0.438952 2.20677 8
      vertex 0.220538 2.23917 0
      vertex 0.438952 2.20677 0
    endloop
  endfacet
  facet normal -0.0490481 -0.998796 0
    outer loop
      vertex 0 2.25 0
      vertex 0.220538 2.23917 8
      vertex 0 2.25 8
    endloop
  endfacet
  facet normal -0.0490481 -0.998796 -0
    outer loop
      vertex 0.220538 2.23917 8
      vertex 0 2.25 0
      vertex 0.220538 2.23917 0
    endloop
  endfacet
  facet normal 0.740968 0.67154 0
    outer loop
      vertex -1.59099 -1.59099 8
      vertex -1.73927 -1.42738 0
      vertex -1.73927 -1.42738 8
    endloop
  endfacet
  facet normal 0.740968 0.67154 0
    outer loop
      vertex -1.73927 -1.42738 0
      vertex -1.59099 -1.59099 8
      vertex -1.59099 -1.59099 0
    endloop
  endfacet
  facet normal 0.857741 0.514083 0
    outer loop
      vertex -1.87081 -1.25003 8
      vertex -1.98432 -1.06064 0
      vertex -1.98432 -1.06064 8
    endloop
  endfacet
  facet normal 0.857741 0.514083 0
    outer loop
      vertex -1.98432 -1.06064 0
      vertex -1.87081 -1.25003 8
      vertex -1.87081 -1.25003 0
    endloop
  endfacet
  facet normal 0.336903 -0.941539 0
    outer loop
      vertex -0.861037 2.07873 0
      vertex -0.65314 2.15312 8
      vertex -0.861037 2.07873 8
    endloop
  endfacet
  facet normal 0.336903 -0.941539 0
    outer loop
      vertex -0.65314 2.15312 8
      vertex -0.861037 2.07873 0
      vertex -0.65314 2.15312 0
    endloop
  endfacet
  facet normal 0.514083 0.857741 -0
    outer loop
      vertex -1.06064 -1.98432 0
      vertex -1.25003 -1.87081 8
      vertex -1.06064 -1.98432 8
    endloop
  endfacet
  facet normal 0.514083 0.857741 0
    outer loop
      vertex -1.25003 -1.87081 8
      vertex -1.06064 -1.98432 0
      vertex -1.25003 -1.87081 0
    endloop
  endfacet
  facet normal -0.595723 0.80319 0
    outer loop
      vertex 1.42738 -1.73927 0
      vertex 1.25003 -1.87081 8
      vertex 1.42738 -1.73927 8
    endloop
  endfacet
  facet normal -0.595723 0.80319 0
    outer loop
      vertex 1.25003 -1.87081 8
      vertex 1.42738 -1.73927 0
      vertex 1.25003 -1.87081 0
    endloop
  endfacet
  facet normal 0.903981 -0.427573 0
    outer loop
      vertex -2.07873 0.861037 8
      vertex -1.98432 1.06064 0
      vertex -1.98432 1.06064 8
    endloop
  endfacet
  facet normal 0.903981 -0.427573 0
    outer loop
      vertex -1.98432 1.06064 0
      vertex -2.07873 0.861037 8
      vertex -2.07873 0.861037 0
    endloop
  endfacet
  facet normal 0.80319 0.595723 0
    outer loop
      vertex -1.73927 -1.42738 8
      vertex -1.87081 -1.25003 0
      vertex -1.87081 -1.25003 8
    endloop
  endfacet
  facet normal 0.80319 0.595723 0
    outer loop
      vertex -1.87081 -1.25003 0
      vertex -1.73927 -1.42738 8
      vertex -1.73927 -1.42738 0
    endloop
  endfacet
  facet normal 0.989176 0.146736 0
    outer loop
      vertex -2.20677 -0.438952 8
      vertex -2.23917 -0.220538 0
      vertex -2.23917 -0.220538 8
    endloop
  endfacet
  facet normal 0.989176 0.146736 0
    outer loop
      vertex -2.23917 -0.220538 0
      vertex -2.20677 -0.438952 8
      vertex -2.20677 -0.438952 0
    endloop
  endfacet
  facet normal -0.242975 -0.970033 0
    outer loop
      vertex 0.438952 2.20677 0
      vertex 0.65314 2.15312 8
      vertex 0.438952 2.20677 8
    endloop
  endfacet
  facet normal -0.242975 -0.970033 -0
    outer loop
      vertex 0.65314 2.15312 8
      vertex 0.438952 2.20677 0
      vertex 0.65314 2.15312 0
    endloop
  endfacet
  facet normal 0.67154 0.740968 -0
    outer loop
      vertex -1.42738 -1.73927 0
      vertex -1.59099 -1.59099 8
      vertex -1.42738 -1.73927 8
    endloop
  endfacet
  facet normal 0.67154 0.740968 0
    outer loop
      vertex -1.59099 -1.59099 8
      vertex -1.42738 -1.73927 0
      vertex -1.59099 -1.59099 0
    endloop
  endfacet
  facet normal 0.0490481 0.998796 -0
    outer loop
      vertex 0 -2.25 0
      vertex -0.220538 -2.23917 8
      vertex 0 -2.25 8
    endloop
  endfacet
  facet normal 0.0490481 0.998796 0
    outer loop
      vertex -0.220538 -2.23917 8
      vertex 0 -2.25 0
      vertex -0.220538 -2.23917 0
    endloop
  endfacet
  facet normal 0.998796 -0.0490481 0
    outer loop
      vertex -2.25 0 8
      vertex -2.23917 0.220538 0
      vertex -2.23917 0.220538 8
    endloop
  endfacet
  facet normal 0.998796 -0.0490481 0
    outer loop
      vertex -2.23917 0.220538 0
      vertex -2.25 0 8
      vertex -2.25 0 0
    endloop
  endfacet
  facet normal 0.336903 0.941539 -0
    outer loop
      vertex -0.65314 -2.15312 0
      vertex -0.861037 -2.07873 8
      vertex -0.65314 -2.15312 8
    endloop
  endfacet
  facet normal 0.336903 0.941539 0
    outer loop
      vertex -0.861037 -2.07873 8
      vertex -0.65314 -2.15312 0
      vertex -0.861037 -2.07873 0
    endloop
  endfacet
  facet normal -0.67154 0.740968 0
    outer loop
      vertex 1.59099 -1.59099 0
      vertex 1.42738 -1.73927 8
      vertex 1.59099 -1.59099 8
    endloop
  endfacet
  facet normal -0.67154 0.740968 0
    outer loop
      vertex 1.42738 -1.73927 8
      vertex 1.59099 -1.59099 0
      vertex 1.42738 -1.73927 0
    endloop
  endfacet
  facet normal -0.989175 -0.146739 0
    outer loop
      vertex 1.39326 -49.8628 0
      vertex 1.3731 -49.7269 8.5
      vertex 1.3731 -49.7269 0
    endloop
  endfacet
  facet normal -0.989175 -0.146739 0
    outer loop
      vertex 1.3731 -49.7269 8.5
      vertex 1.39326 -49.8628 0
      vertex 1.39326 -49.8628 8.5
    endloop
  endfacet
  facet normal -0.998796 -0.0490662 0
    outer loop
      vertex 1.4 -50 0
      vertex 1.39326 -49.8628 8.5
      vertex 1.39326 -49.8628 0
    endloop
  endfacet
  facet normal -0.998796 -0.0490662 0
    outer loop
      vertex 1.39326 -49.8628 8.5
      vertex 1.4 -50 0
      vertex 1.4 -50 8.5
    endloop
  endfacet
  facet normal -0.970048 -0.242912 0
    outer loop
      vertex 1.3731 -49.7269 0
      vertex 1.33972 -49.5936 8.5
      vertex 1.33972 -49.5936 0
    endloop
  endfacet
  facet normal -0.970048 -0.242912 0
    outer loop
      vertex 1.33972 -49.5936 8.5
      vertex 1.3731 -49.7269 0
      vertex 1.3731 -49.7269 8.5
    endloop
  endfacet
  facet normal -0.427307 -0.904107 0
    outer loop
      vertex 0.535756 -48.7066 0
      vertex 0.659955 -48.7653 8.5
      vertex 0.535756 -48.7066 8.5
    endloop
  endfacet
  facet normal -0.427307 -0.904107 -0
    outer loop
      vertex 0.659955 -48.7653 8.5
      vertex 0.535756 -48.7066 0
      vertex 0.659955 -48.7653 0
    endloop
  endfacet
  facet normal 0.243097 0.970002 -0
    outer loop
      vertex -0.273126 -51.3731 0
      vertex -0.406398 -51.3397 8.5
      vertex -0.273126 -51.3731 8.5
    endloop
  endfacet
  facet normal 0.243097 0.970002 0
    outer loop
      vertex -0.406398 -51.3397 8.5
      vertex -0.273126 -51.3731 0
      vertex -0.406398 -51.3397 0
    endloop
  endfacet
  facet normal 0.857653 0.514228 0
    outer loop
      vertex -1.16406 -50.7778 8.5
      vertex -1.23469 -50.66 0
      vertex -1.23469 -50.66 8.5
    endloop
  endfacet
  facet normal 0.857653 0.514228 0
    outer loop
      vertex -1.23469 -50.66 0
      vertex -1.16406 -50.7778 8.5
      vertex -1.16406 -50.7778 0
    endloop
  endfacet
  facet normal -0.14702 0.989133 0
    outer loop
      vertex 0.273126 -51.3731 0
      vertex 0.137223 -51.3933 8.5
      vertex 0.273126 -51.3731 8.5
    endloop
  endfacet
  facet normal -0.14702 0.989133 0
    outer loop
      vertex 0.137223 -51.3933 8.5
      vertex 0.273126 -51.3731 0
      vertex 0.137223 -51.3933 0
    endloop
  endfacet
  facet normal -0.74097 -0.671538 0
    outer loop
      vertex 1.08221 -49.1118 0
      vertex 0.989949 -49.01 8.5
      vertex 0.989949 -49.01 0
    endloop
  endfacet
  facet normal -0.74097 -0.671538 0
    outer loop
      vertex 0.989949 -49.01 8.5
      vertex 1.08221 -49.1118 0
      vertex 1.08221 -49.1118 8.5
    endloop
  endfacet
  facet normal 0.513929 -0.857833 0
    outer loop
      vertex -0.777798 -48.8359 0
      vertex -0.659955 -48.7653 8.5
      vertex -0.777798 -48.8359 8.5
    endloop
  endfacet
  facet normal 0.513929 -0.857833 0
    outer loop
      vertex -0.659955 -48.7653 8.5
      vertex -0.777798 -48.8359 0
      vertex -0.659955 -48.7653 0
    endloop
  endfacet
  facet normal -0.74097 0.671538 0
    outer loop
      vertex 0.989949 -50.9899 0
      vertex 1.08221 -50.8881 8.5
      vertex 1.08221 -50.8881 0
    endloop
  endfacet
  facet normal -0.74097 0.671538 0
    outer loop
      vertex 1.08221 -50.8881 8.5
      vertex 0.989949 -50.9899 0
      vertex 0.989949 -50.9899 8.5
    endloop
  endfacet
  facet normal -0.513929 0.857833 0
    outer loop
      vertex 0.777798 -51.1641 0
      vertex 0.659955 -51.2347 8.5
      vertex 0.777798 -51.1641 8.5
    endloop
  endfacet
  facet normal -0.513929 0.857833 0
    outer loop
      vertex 0.659955 -51.2347 8.5
      vertex 0.777798 -51.1641 0
      vertex 0.659955 -51.2347 0
    endloop
  endfacet
  facet normal -0.243097 -0.970002 0
    outer loop
      vertex 0.273126 -48.6269 0
      vertex 0.406398 -48.6603 8.5
      vertex 0.273126 -48.6269 8.5
    endloop
  endfacet
  facet normal -0.243097 -0.970002 -0
    outer loop
      vertex 0.406398 -48.6603 8.5
      vertex 0.273126 -48.6269 0
      vertex 0.406398 -48.6603 0
    endloop
  endfacet
  facet normal 0.989175 -0.146739 0
    outer loop
      vertex -1.39326 -49.8628 8.5
      vertex -1.3731 -49.7269 0
      vertex -1.3731 -49.7269 8.5
    endloop
  endfacet
  facet normal 0.989175 -0.146739 0
    outer loop
      vertex -1.3731 -49.7269 0
      vertex -1.39326 -49.8628 8.5
      vertex -1.39326 -49.8628 0
    endloop
  endfacet
  facet normal -0.857653 -0.514228 0
    outer loop
      vertex 1.23469 -49.34 0
      vertex 1.16406 -49.2222 8.5
      vertex 1.16406 -49.2222 0
    endloop
  endfacet
  facet normal -0.857653 -0.514228 0
    outer loop
      vertex 1.16406 -49.2222 8.5
      vertex 1.23469 -49.34 0
      vertex 1.23469 -49.34 8.5
    endloop
  endfacet
  facet normal -0.970048 0.242912 0
    outer loop
      vertex 1.33972 -50.4064 0
      vertex 1.3731 -50.2731 8.5
      vertex 1.3731 -50.2731 0
    endloop
  endfacet
  facet normal -0.970048 0.242912 0
    outer loop
      vertex 1.3731 -50.2731 8.5
      vertex 1.33972 -50.4064 0
      vertex 1.33972 -50.4064 8.5
    endloop
  endfacet
  facet normal 0.14702 0.989133 -0
    outer loop
      vertex -0.137223 -51.3933 0
      vertex -0.273126 -51.3731 8.5
      vertex -0.137223 -51.3933 8.5
    endloop
  endfacet
  facet normal 0.14702 0.989133 0
    outer loop
      vertex -0.273126 -51.3731 8.5
      vertex -0.137223 -51.3933 0
      vertex -0.273126 -51.3731 0
    endloop
  endfacet
  facet normal 0.998796 0.0490662 0
    outer loop
      vertex -1.39326 -50.1372 8.5
      vertex -1.4 -50 0
      vertex -1.4 -50 8.5
    endloop
  endfacet
  facet normal 0.998796 0.0490662 0
    outer loop
      vertex -1.4 -50 0
      vertex -1.39326 -50.1372 8.5
      vertex -1.39326 -50.1372 0
    endloop
  endfacet
  facet normal -0.14702 -0.989133 0
    outer loop
      vertex 0.137223 -48.6067 0
      vertex 0.273126 -48.6269 8.5
      vertex 0.137223 -48.6067 8.5
    endloop
  endfacet
  facet normal -0.14702 -0.989133 -0
    outer loop
      vertex 0.273126 -48.6269 8.5
      vertex 0.137223 -48.6067 0
      vertex 0.273126 -48.6269 0
    endloop
  endfacet
  facet normal -0.941567 -0.336825 0
    outer loop
      vertex 1.33972 -49.5936 0
      vertex 1.29343 -49.4642 8.5
      vertex 1.29343 -49.4642 0
    endloop
  endfacet
  facet normal -0.941567 -0.336825 0
    outer loop
      vertex 1.29343 -49.4642 8.5
      vertex 1.33972 -49.5936 0
      vertex 1.33972 -49.5936 8.5
    endloop
  endfacet
  facet normal -0.671298 -0.741187 0
    outer loop
      vertex 0.88815 -48.9178 0
      vertex 0.989949 -49.01 8.5
      vertex 0.88815 -48.9178 8.5
    endloop
  endfacet
  facet normal -0.671298 -0.741187 -0
    outer loop
      vertex 0.989949 -49.01 8.5
      vertex 0.88815 -48.9178 0
      vertex 0.989949 -49.01 0
    endloop
  endfacet
  facet normal 0.74097 -0.671538 0
    outer loop
      vertex -1.08221 -49.1118 8.5
      vertex -0.989949 -49.01 0
      vertex -0.989949 -49.01 8.5
    endloop
  endfacet
  facet normal 0.74097 -0.671538 0
    outer loop
      vertex -0.989949 -49.01 0
      vertex -1.08221 -49.1118 8.5
      vertex -1.08221 -49.1118 0
    endloop
  endfacet
  facet normal 0.970048 0.242912 0
    outer loop
      vertex -1.33972 -50.4064 8.5
      vertex -1.3731 -50.2731 0
      vertex -1.3731 -50.2731 8.5
    endloop
  endfacet
  facet normal 0.970048 0.242912 0
    outer loop
      vertex -1.3731 -50.2731 0
      vertex -1.33972 -50.4064 8.5
      vertex -1.33972 -50.4064 0
    endloop
  endfacet
  facet normal 0.336986 -0.94151 0
    outer loop
      vertex -0.535756 -48.7066 0
      vertex -0.406398 -48.6603 8.5
      vertex -0.535756 -48.7066 8.5
    endloop
  endfacet
  facet normal 0.336986 -0.94151 0
    outer loop
      vertex -0.406398 -48.6603 8.5
      vertex -0.535756 -48.7066 0
      vertex -0.406398 -48.6603 0
    endloop
  endfacet
  facet normal 0.941567 0.336825 0
    outer loop
      vertex -1.29343 -50.5358 8.5
      vertex -1.33972 -50.4064 0
      vertex -1.33972 -50.4064 8.5
    endloop
  endfacet
  facet normal 0.941567 0.336825 0
    outer loop
      vertex -1.33972 -50.4064 0
      vertex -1.29343 -50.5358 8.5
      vertex -1.29343 -50.5358 0
    endloop
  endfacet
  facet normal -0.336986 -0.94151 0
    outer loop
      vertex 0.406398 -48.6603 0
      vertex 0.535756 -48.7066 8.5
      vertex 0.406398 -48.6603 8.5
    endloop
  endfacet
  facet normal -0.336986 -0.94151 -0
    outer loop
      vertex 0.535756 -48.7066 8.5
      vertex 0.406398 -48.6603 0
      vertex 0.535756 -48.7066 0
    endloop
  endfacet
  facet normal 0.803306 -0.595567 0
    outer loop
      vertex -1.16406 -49.2222 8.5
      vertex -1.08221 -49.1118 0
      vertex -1.08221 -49.1118 8.5
    endloop
  endfacet
  facet normal 0.803306 -0.595567 0
    outer loop
      vertex -1.08221 -49.1118 0
      vertex -1.16406 -49.2222 8.5
      vertex -1.16406 -49.2222 0
    endloop
  endfacet
  facet normal -0.803306 -0.595567 0
    outer loop
      vertex 1.16406 -49.2222 0
      vertex 1.08221 -49.1118 8.5
      vertex 1.08221 -49.1118 0
    endloop
  endfacet
  facet normal -0.803306 -0.595567 0
    outer loop
      vertex 1.08221 -49.1118 8.5
      vertex 1.16406 -49.2222 0
      vertex 1.16406 -49.2222 8.5
    endloop
  endfacet
  facet normal 0.970048 -0.242912 0
    outer loop
      vertex -1.3731 -49.7269 8.5
      vertex -1.33972 -49.5936 0
      vertex -1.33972 -49.5936 8.5
    endloop
  endfacet
  facet normal 0.970048 -0.242912 0
    outer loop
      vertex -1.33972 -49.5936 0
      vertex -1.3731 -49.7269 8.5
      vertex -1.3731 -49.7269 0
    endloop
  endfacet
  facet normal 0.671298 -0.741187 0
    outer loop
      vertex -0.989949 -49.01 0
      vertex -0.88815 -48.9178 8.5
      vertex -0.989949 -49.01 8.5
    endloop
  endfacet
  facet normal 0.671298 -0.741187 0
    outer loop
      vertex -0.88815 -48.9178 8.5
      vertex -0.989949 -49.01 0
      vertex -0.88815 -48.9178 0
    endloop
  endfacet
  facet normal -0.427307 0.904107 0
    outer loop
      vertex 0.659955 -51.2347 0
      vertex 0.535756 -51.2934 8.5
      vertex 0.659955 -51.2347 8.5
    endloop
  endfacet
  facet normal -0.427307 0.904107 0
    outer loop
      vertex 0.535756 -51.2934 8.5
      vertex 0.659955 -51.2347 0
      vertex 0.535756 -51.2934 0
    endloop
  endfacet
  facet normal 0.243097 -0.970002 0
    outer loop
      vertex -0.406398 -48.6603 0
      vertex -0.273126 -48.6269 8.5
      vertex -0.406398 -48.6603 8.5
    endloop
  endfacet
  facet normal 0.243097 -0.970002 0
    outer loop
      vertex -0.273126 -48.6269 8.5
      vertex -0.406398 -48.6603 0
      vertex -0.273126 -48.6269 0
    endloop
  endfacet
  facet normal 0.941567 -0.336825 0
    outer loop
      vertex -1.33972 -49.5936 8.5
      vertex -1.29343 -49.4642 0
      vertex -1.29343 -49.4642 8.5
    endloop
  endfacet
  facet normal 0.941567 -0.336825 0
    outer loop
      vertex -1.29343 -49.4642 0
      vertex -1.33972 -49.5936 8.5
      vertex -1.33972 -49.5936 0
    endloop
  endfacet
  facet normal -0.513929 -0.857833 0
    outer loop
      vertex 0.659955 -48.7653 0
      vertex 0.777798 -48.8359 8.5
      vertex 0.659955 -48.7653 8.5
    endloop
  endfacet
  facet normal -0.513929 -0.857833 -0
    outer loop
      vertex 0.777798 -48.8359 8.5
      vertex 0.659955 -48.7653 0
      vertex 0.777798 -48.8359 0
    endloop
  endfacet
  facet normal 0.513929 0.857833 -0
    outer loop
      vertex -0.659955 -51.2347 0
      vertex -0.777798 -51.1641 8.5
      vertex -0.659955 -51.2347 8.5
    endloop
  endfacet
  facet normal 0.513929 0.857833 0
    outer loop
      vertex -0.777798 -51.1641 8.5
      vertex -0.659955 -51.2347 0
      vertex -0.777798 -51.1641 0
    endloop
  endfacet
  facet normal 0.595969 -0.803008 0
    outer loop
      vertex -0.88815 -48.9178 0
      vertex -0.777798 -48.8359 8.5
      vertex -0.88815 -48.9178 8.5
    endloop
  endfacet
  facet normal 0.595969 -0.803008 0
    outer loop
      vertex -0.777798 -48.8359 8.5
      vertex -0.88815 -48.9178 0
      vertex -0.777798 -48.8359 0
    endloop
  endfacet
  facet normal 0.0487675 -0.99881 0
    outer loop
      vertex -0.137223 -48.6067 0
      vertex 0 -48.6 8.5
      vertex -0.137223 -48.6067 8.5
    endloop
  endfacet
  facet normal 0.0487675 -0.99881 0
    outer loop
      vertex 0 -48.6 8.5
      vertex -0.137223 -48.6067 0
      vertex 0 -48.6 0
    endloop
  endfacet
  facet normal -0.0487675 0.99881 0
    outer loop
      vertex 0.137223 -51.3933 0
      vertex 0 -51.4 8.5
      vertex 0.137223 -51.3933 8.5
    endloop
  endfacet
  facet normal -0.0487675 0.99881 0
    outer loop
      vertex 0 -51.4 8.5
      vertex 0.137223 -51.3933 0
      vertex 0 -51.4 0
    endloop
  endfacet
  facet normal -0.941567 0.336825 0
    outer loop
      vertex 1.29343 -50.5358 0
      vertex 1.33972 -50.4064 8.5
      vertex 1.33972 -50.4064 0
    endloop
  endfacet
  facet normal -0.941567 0.336825 0
    outer loop
      vertex 1.33972 -50.4064 8.5
      vertex 1.29343 -50.5358 0
      vertex 1.29343 -50.5358 8.5
    endloop
  endfacet
  facet normal -0.803047 0.595915 0
    outer loop
      vertex 1.08221 -50.8881 0
      vertex 1.16406 -50.7778 8.5
      vertex 1.16406 -50.7778 0
    endloop
  endfacet
  facet normal -0.803047 0.595915 0
    outer loop
      vertex 1.16406 -50.7778 8.5
      vertex 1.08221 -50.8881 0
      vertex 1.08221 -50.8881 8.5
    endloop
  endfacet
  facet normal -0.989175 0.146739 0
    outer loop
      vertex 1.3731 -50.2731 0
      vertex 1.39326 -50.1372 8.5
      vertex 1.39326 -50.1372 0
    endloop
  endfacet
  facet normal -0.989175 0.146739 0
    outer loop
      vertex 1.39326 -50.1372 8.5
      vertex 1.3731 -50.2731 0
      vertex 1.3731 -50.2731 8.5
    endloop
  endfacet
  facet normal 0.857653 -0.514228 0
    outer loop
      vertex -1.23469 -49.34 8.5
      vertex -1.16406 -49.2222 0
      vertex -1.16406 -49.2222 8.5
    endloop
  endfacet
  facet normal 0.857653 -0.514228 0
    outer loop
      vertex -1.16406 -49.2222 0
      vertex -1.23469 -49.34 8.5
      vertex -1.23469 -49.34 0
    endloop
  endfacet
  facet normal -0.903996 -0.427542 0
    outer loop
      vertex 1.29343 -49.4642 0
      vertex 1.23469 -49.34 8.5
      vertex 1.23469 -49.34 0
    endloop
  endfacet
  facet normal -0.903996 -0.427542 0
    outer loop
      vertex 1.23469 -49.34 8.5
      vertex 1.29343 -49.4642 0
      vertex 1.29343 -49.4642 8.5
    endloop
  endfacet
  facet normal 0.427307 -0.904107 0
    outer loop
      vertex -0.659955 -48.7653 0
      vertex -0.535756 -48.7066 8.5
      vertex -0.659955 -48.7653 8.5
    endloop
  endfacet
  facet normal 0.427307 -0.904107 0
    outer loop
      vertex -0.535756 -48.7066 8.5
      vertex -0.659955 -48.7653 0
      vertex -0.535756 -48.7066 0
    endloop
  endfacet
  facet normal -0.595969 0.803008 0
    outer loop
      vertex 0.88815 -51.0822 0
      vertex 0.777798 -51.1641 8.5
      vertex 0.88815 -51.0822 8.5
    endloop
  endfacet
  facet normal -0.595969 0.803008 0
    outer loop
      vertex 0.777798 -51.1641 8.5
      vertex 0.88815 -51.0822 0
      vertex 0.777798 -51.1641 0
    endloop
  endfacet
  facet normal -0.595969 -0.803008 0
    outer loop
      vertex 0.777798 -48.8359 0
      vertex 0.88815 -48.9178 8.5
      vertex 0.777798 -48.8359 8.5
    endloop
  endfacet
  facet normal -0.595969 -0.803008 -0
    outer loop
      vertex 0.88815 -48.9178 8.5
      vertex 0.777798 -48.8359 0
      vertex 0.88815 -48.9178 0
    endloop
  endfacet
  facet normal 0.671698 0.740825 -0
    outer loop
      vertex -0.88815 -51.0822 0
      vertex -0.989949 -50.9899 8.5
      vertex -0.88815 -51.0822 8.5
    endloop
  endfacet
  facet normal 0.671698 0.740825 0
    outer loop
      vertex -0.989949 -50.9899 8.5
      vertex -0.88815 -51.0822 0
      vertex -0.989949 -50.9899 0
    endloop
  endfacet
  facet normal -0.998796 0.0490662 0
    outer loop
      vertex 1.39326 -50.1372 0
      vertex 1.4 -50 8.5
      vertex 1.4 -50 0
    endloop
  endfacet
  facet normal -0.998796 0.0490662 0
    outer loop
      vertex 1.4 -50 8.5
      vertex 1.39326 -50.1372 0
      vertex 1.39326 -50.1372 8.5
    endloop
  endfacet
  facet normal 0.803047 0.595915 0
    outer loop
      vertex -1.08221 -50.8881 8.5
      vertex -1.16406 -50.7778 0
      vertex -1.16406 -50.7778 8.5
    endloop
  endfacet
  facet normal 0.803047 0.595915 0
    outer loop
      vertex -1.16406 -50.7778 0
      vertex -1.08221 -50.8881 8.5
      vertex -1.08221 -50.8881 0
    endloop
  endfacet
  facet normal 0.903996 0.427542 0
    outer loop
      vertex -1.23469 -50.66 8.5
      vertex -1.29343 -50.5358 0
      vertex -1.29343 -50.5358 8.5
    endloop
  endfacet
  facet normal 0.903996 0.427542 0
    outer loop
      vertex -1.29343 -50.5358 0
      vertex -1.23469 -50.66 8.5
      vertex -1.23469 -50.66 0
    endloop
  endfacet
  facet normal -0.0487675 -0.99881 0
    outer loop
      vertex 0 -48.6 0
      vertex 0.137223 -48.6067 8.5
      vertex 0 -48.6 8.5
    endloop
  endfacet
  facet normal -0.0487675 -0.99881 -0
    outer loop
      vertex 0.137223 -48.6067 8.5
      vertex 0 -48.6 0
      vertex 0.137223 -48.6067 0
    endloop
  endfacet
  facet normal 0.427307 0.904107 -0
    outer loop
      vertex -0.535756 -51.2934 0
      vertex -0.659955 -51.2347 8.5
      vertex -0.535756 -51.2934 8.5
    endloop
  endfacet
  facet normal 0.427307 0.904107 0
    outer loop
      vertex -0.659955 -51.2347 8.5
      vertex -0.535756 -51.2934 0
      vertex -0.659955 -51.2347 0
    endloop
  endfacet
  facet normal 0.14702 -0.989133 0
    outer loop
      vertex -0.273126 -48.6269 0
      vertex -0.137223 -48.6067 8.5
      vertex -0.273126 -48.6269 8.5
    endloop
  endfacet
  facet normal 0.14702 -0.989133 0
    outer loop
      vertex -0.137223 -48.6067 8.5
      vertex -0.273126 -48.6269 0
      vertex -0.137223 -48.6067 0
    endloop
  endfacet
  facet normal 0.989175 0.146739 0
    outer loop
      vertex -1.3731 -50.2731 8.5
      vertex -1.39326 -50.1372 0
      vertex -1.39326 -50.1372 8.5
    endloop
  endfacet
  facet normal 0.989175 0.146739 0
    outer loop
      vertex -1.39326 -50.1372 0
      vertex -1.3731 -50.2731 8.5
      vertex -1.3731 -50.2731 0
    endloop
  endfacet
  facet normal -0.336986 0.94151 0
    outer loop
      vertex 0.535756 -51.2934 0
      vertex 0.406398 -51.3397 8.5
      vertex 0.535756 -51.2934 8.5
    endloop
  endfacet
  facet normal -0.336986 0.94151 0
    outer loop
      vertex 0.406398 -51.3397 8.5
      vertex 0.535756 -51.2934 0
      vertex 0.406398 -51.3397 0
    endloop
  endfacet
  facet normal -0.243097 0.970002 0
    outer loop
      vertex 0.406398 -51.3397 0
      vertex 0.273126 -51.3731 8.5
      vertex 0.406398 -51.3397 8.5
    endloop
  endfacet
  facet normal -0.243097 0.970002 0
    outer loop
      vertex 0.273126 -51.3731 8.5
      vertex 0.406398 -51.3397 0
      vertex 0.273126 -51.3731 0
    endloop
  endfacet
  facet normal 0.903996 -0.427542 0
    outer loop
      vertex -1.29343 -49.4642 8.5
      vertex -1.23469 -49.34 0
      vertex -1.23469 -49.34 8.5
    endloop
  endfacet
  facet normal 0.903996 -0.427542 0
    outer loop
      vertex -1.23469 -49.34 0
      vertex -1.29343 -49.4642 8.5
      vertex -1.29343 -49.4642 0
    endloop
  endfacet
  facet normal 0.74097 0.671538 0
    outer loop
      vertex -0.989949 -50.9899 8.5
      vertex -1.08221 -50.8881 0
      vertex -1.08221 -50.8881 8.5
    endloop
  endfacet
  facet normal 0.74097 0.671538 0
    outer loop
      vertex -1.08221 -50.8881 0
      vertex -0.989949 -50.9899 8.5
      vertex -0.989949 -50.9899 0
    endloop
  endfacet
  facet normal 0.595969 0.803008 -0
    outer loop
      vertex -0.777798 -51.1641 0
      vertex -0.88815 -51.0822 8.5
      vertex -0.777798 -51.1641 8.5
    endloop
  endfacet
  facet normal 0.595969 0.803008 0
    outer loop
      vertex -0.88815 -51.0822 8.5
      vertex -0.777798 -51.1641 0
      vertex -0.88815 -51.0822 0
    endloop
  endfacet
  facet normal -0.903996 0.427542 0
    outer loop
      vertex 1.23469 -50.66 0
      vertex 1.29343 -50.5358 8.5
      vertex 1.29343 -50.5358 0
    endloop
  endfacet
  facet normal -0.903996 0.427542 0
    outer loop
      vertex 1.29343 -50.5358 8.5
      vertex 1.23469 -50.66 0
      vertex 1.23469 -50.66 8.5
    endloop
  endfacet
  facet normal -0.857653 0.514228 0
    outer loop
      vertex 1.16406 -50.7778 0
      vertex 1.23469 -50.66 8.5
      vertex 1.23469 -50.66 0
    endloop
  endfacet
  facet normal -0.857653 0.514228 0
    outer loop
      vertex 1.23469 -50.66 8.5
      vertex 1.16406 -50.7778 0
      vertex 1.16406 -50.7778 8.5
    endloop
  endfacet
  facet normal 0.0487675 0.99881 -0
    outer loop
      vertex 0 -51.4 0
      vertex -0.137223 -51.3933 8.5
      vertex 0 -51.4 8.5
    endloop
  endfacet
  facet normal 0.0487675 0.99881 0
    outer loop
      vertex -0.137223 -51.3933 8.5
      vertex 0 -51.4 0
      vertex -0.137223 -51.3933 0
    endloop
  endfacet
  facet normal 0.998796 -0.0490662 0
    outer loop
      vertex -1.4 -50 8.5
      vertex -1.39326 -49.8628 0
      vertex -1.39326 -49.8628 8.5
    endloop
  endfacet
  facet normal 0.998796 -0.0490662 0
    outer loop
      vertex -1.39326 -49.8628 0
      vertex -1.4 -50 8.5
      vertex -1.4 -50 0
    endloop
  endfacet
  facet normal 0.336986 0.94151 -0
    outer loop
      vertex -0.406398 -51.3397 0
      vertex -0.535756 -51.2934 8.5
      vertex -0.406398 -51.3397 8.5
    endloop
  endfacet
  facet normal 0.336986 0.94151 0
    outer loop
      vertex -0.535756 -51.2934 8.5
      vertex -0.406398 -51.3397 0
      vertex -0.535756 -51.2934 0
    endloop
  endfacet
  facet normal -0.671698 0.740825 0
    outer loop
      vertex 0.989949 -50.9899 0
      vertex 0.88815 -51.0822 8.5
      vertex 0.989949 -50.9899 8.5
    endloop
  endfacet
  facet normal -0.671698 0.740825 0
    outer loop
      vertex 0.88815 -51.0822 8.5
      vertex 0.989949 -50.9899 0
      vertex 0.88815 -51.0822 0
    endloop
  endfacet
  facet normal -0.740949 0 0.671561
    outer loop
      vertex 2.26274 30 5.73726
      vertex 2.47363 34 5.96994
      vertex 2.26274 34 5.73726
    endloop
  endfacet
  facet normal -0.740949 0 0.671561
    outer loop
      vertex 2.47363 34 5.96994
      vertex 2.26274 30 5.73726
      vertex 2.47363 30 5.96994
    endloop
  endfacet
  facet normal -0.740949 0 0.671561
    outer loop
      vertex 2.26274 40.5 5.73726
      vertex 2.47363 55 5.96994
      vertex 2.26274 55 5.73726
    endloop
  endfacet
  facet normal -0.740949 0 0.671561
    outer loop
      vertex 2.47363 55 5.96994
      vertex 2.26274 40.5 5.73726
      vertex 2.47363 40.5 5.96994
    endloop
  endfacet
  facet normal -0.989176 0 0.146733
    outer loop
      vertex 3.13851 30 7.37571
      vertex 3.18459 34 7.68635
      vertex 3.13851 34 7.37571
    endloop
  endfacet
  facet normal -0.989176 0 0.146733
    outer loop
      vertex 3.18459 34 7.68635
      vertex 3.13851 30 7.37571
      vertex 3.18459 30 7.68635
    endloop
  endfacet
  facet normal -0.989176 0 0.146733
    outer loop
      vertex 3.13851 40.5 7.37571
      vertex 3.18459 55 7.68635
      vertex 3.13851 55 7.37571
    endloop
  endfacet
  facet normal -0.989176 0 0.146733
    outer loop
      vertex 3.18459 55 7.68635
      vertex 3.13851 40.5 7.37571
      vertex 3.18459 40.5 7.68635
    endloop
  endfacet
  facet normal -0.998795 0 0.049072
    outer loop
      vertex 3.18459 34 7.68635
      vertex 3.2 31 8
      vertex 3.2 34 8
    endloop
  endfacet
  facet normal -0.998795 0 0.049072
    outer loop
      vertex 3.18459 30 7.68635
      vertex 3.2 31 8
      vertex 3.18459 34 7.68635
    endloop
  endfacet
  facet normal -0.998795 0 0.049072
    outer loop
      vertex 3.2 31 8
      vertex 3.18459 30 7.68635
      vertex 3.2 30 8
    endloop
  endfacet
  facet normal -0.998795 0 0.049072
    outer loop
      vertex 3.18459 40.5 7.68635
      vertex 3.2 55 8
      vertex 3.18459 55 7.68635
    endloop
  endfacet
  facet normal -0.998795 0 0.049072
    outer loop
      vertex 3.2 55 8
      vertex 3.18459 40.5 7.68635
      vertex 3.2 40.5 8
    endloop
  endfacet
  facet normal 0.595753 0 -0.803168
    outer loop
      vertex -2.03006 40.5 10.4736
      vertex -1.77782 55 10.6607
      vertex -1.77782 40.5 10.6607
    endloop
  endfacet
  facet normal 0.595753 0 -0.803168
    outer loop
      vertex -1.77782 55 10.6607
      vertex -2.03006 40.5 10.4736
      vertex -2.03006 55 10.4736
    endloop
  endfacet
  facet normal 0.595753 0 -0.803168
    outer loop
      vertex -2.03006 31 10.4736
      vertex -1.77782 34 10.6607
      vertex -1.77782 31 10.6607
    endloop
  endfacet
  facet normal 0.595753 0 -0.803168
    outer loop
      vertex -1.77782 34 10.6607
      vertex -2.03006 31 10.4736
      vertex -2.03006 34 10.4736
    endloop
  endfacet
  facet normal 0.671561 0 0.740949
    outer loop
      vertex -2.26274 34 5.73726
      vertex -2.03006 30 5.52637
      vertex -2.03006 34 5.52637
    endloop
  endfacet
  facet normal 0.671561 0 0.740949
    outer loop
      vertex -2.03006 30 5.52637
      vertex -2.26274 34 5.73726
      vertex -2.26274 30 5.73726
    endloop
  endfacet
  facet normal 0.671561 0 0.740949
    outer loop
      vertex -2.26274 55 5.73726
      vertex -2.03006 40.5 5.52637
      vertex -2.03006 55 5.52637
    endloop
  endfacet
  facet normal 0.671561 0 0.740949
    outer loop
      vertex -2.03006 40.5 5.52637
      vertex -2.26274 55 5.73726
      vertex -2.26274 40.5 5.73726
    endloop
  endfacet
  facet normal -0.336901 0 -0.94154
    outer loop
      vertex 0.92891 40.5 11.0622
      vertex 1.22459 55 10.9564
      vertex 1.22459 40.5 10.9564
    endloop
  endfacet
  facet normal -0.336901 0 -0.94154
    outer loop
      vertex 1.22459 55 10.9564
      vertex 0.92891 40.5 11.0622
      vertex 0.92891 55 11.0622
    endloop
  endfacet
  facet normal -0.336901 0 -0.94154
    outer loop
      vertex 0.92891 31 11.0622
      vertex 1.22459 34 10.9564
      vertex 1.22459 31 10.9564
    endloop
  endfacet
  facet normal -0.336901 0 -0.94154
    outer loop
      vertex 1.22459 34 10.9564
      vertex 0.92891 31 11.0622
      vertex 0.92891 34 11.0622
    endloop
  endfacet
  facet normal -0.0490396 0 -0.998797
    outer loop
      vertex 0 40.5 11.2
      vertex 0.313654 55 11.1846
      vertex 0.313654 40.5 11.1846
    endloop
  endfacet
  facet normal -0.0490396 0 -0.998797
    outer loop
      vertex 0.313654 55 11.1846
      vertex 0 40.5 11.2
      vertex 0 55 11.2
    endloop
  endfacet
  facet normal -0.0490396 0 -0.998797
    outer loop
      vertex 0 31 11.2
      vertex 0.313654 34 11.1846
      vertex 0.313654 31 11.1846
    endloop
  endfacet
  facet normal -0.0490396 0 -0.998797
    outer loop
      vertex 0.313654 34 11.1846
      vertex 0 31 11.2
      vertex 0 34 11.2
    endloop
  endfacet
  facet normal -0.671561 0 0.740949
    outer loop
      vertex 2.03006 34 5.52637
      vertex 2.26274 30 5.73726
      vertex 2.26274 34 5.73726
    endloop
  endfacet
  facet normal -0.671561 0 0.740949
    outer loop
      vertex 2.26274 30 5.73726
      vertex 2.03006 34 5.52637
      vertex 2.03006 30 5.52637
    endloop
  endfacet
  facet normal -0.671561 0 0.740949
    outer loop
      vertex 2.03006 55 5.52637
      vertex 2.26274 40.5 5.73726
      vertex 2.26274 55 5.73726
    endloop
  endfacet
  facet normal -0.671561 0 0.740949
    outer loop
      vertex 2.26274 40.5 5.73726
      vertex 2.03006 55 5.52637
      vertex 2.03006 40.5 5.52637
    endloop
  endfacet
  facet normal 0.803202 -0 0.595706
    outer loop
      vertex -2.6607 30 6.22217
      vertex -2.47363 34 5.96994
      vertex -2.6607 34 6.22217
    endloop
  endfacet
  facet normal 0.803202 0 0.595706
    outer loop
      vertex -2.47363 34 5.96994
      vertex -2.6607 30 6.22217
      vertex -2.47363 30 5.96994
    endloop
  endfacet
  facet normal 0.803202 -0 0.595706
    outer loop
      vertex -2.6607 40.5 6.22217
      vertex -2.47363 55 5.96994
      vertex -2.6607 55 6.22217
    endloop
  endfacet
  facet normal 0.803202 0 0.595706
    outer loop
      vertex -2.47363 55 5.96994
      vertex -2.6607 40.5 6.22217
      vertex -2.47363 40.5 5.96994
    endloop
  endfacet
  facet normal 0.146736 0 0.989176
    outer loop
      vertex -0.624289 34 4.86149
      vertex -0.313654 30 4.81541
      vertex -0.313654 34 4.81541
    endloop
  endfacet
  facet normal 0.146736 0 0.989176
    outer loop
      vertex -0.313654 30 4.81541
      vertex -0.624289 34 4.86149
      vertex -0.624289 30 4.86149
    endloop
  endfacet
  facet normal 0.146736 0 0.989176
    outer loop
      vertex -0.624289 55 4.86149
      vertex -0.313654 40.5 4.81541
      vertex -0.313654 55 4.81541
    endloop
  endfacet
  facet normal 0.146736 0 0.989176
    outer loop
      vertex -0.313654 40.5 4.81541
      vertex -0.624289 55 4.86149
      vertex -0.624289 40.5 4.86149
    endloop
  endfacet
  facet normal 0.514004 0 -0.857788
    outer loop
      vertex -1.77782 40.5 10.6607
      vertex -1.50847 55 10.8221
      vertex -1.50847 40.5 10.8221
    endloop
  endfacet
  facet normal 0.514004 0 -0.857788
    outer loop
      vertex -1.50847 55 10.8221
      vertex -1.77782 40.5 10.6607
      vertex -1.77782 55 10.6607
    endloop
  endfacet
  facet normal 0.514004 0 -0.857788
    outer loop
      vertex -1.77782 31 10.6607
      vertex -1.50847 34 10.8221
      vertex -1.50847 31 10.8221
    endloop
  endfacet
  facet normal 0.514004 0 -0.857788
    outer loop
      vertex -1.50847 34 10.8221
      vertex -1.77782 31 10.6607
      vertex -1.77782 34 10.6607
    endloop
  endfacet
  facet normal 0.970034 0 -0.24297
    outer loop
      vertex -3.06221 40.5 8.92891
      vertex -3.13851 55 8.62429
      vertex -3.06221 55 8.92891
    endloop
  endfacet
  facet normal 0.970034 0 -0.24297
    outer loop
      vertex -3.13851 55 8.62429
      vertex -3.06221 40.5 8.92891
      vertex -3.13851 40.5 8.62429
    endloop
  endfacet
  facet normal 0.970034 0 -0.24297
    outer loop
      vertex -3.06221 31 8.92891
      vertex -3.13851 34 8.62429
      vertex -3.06221 34 8.92891
    endloop
  endfacet
  facet normal 0.970034 0 -0.24297
    outer loop
      vertex -3.13851 34 8.62429
      vertex -3.06221 31 8.92891
      vertex -3.13851 31 8.62429
    endloop
  endfacet
  facet normal -0.336873 0 0.94155
    outer loop
      vertex 0.92891 34 4.93779
      vertex 1.22459 30 5.04358
      vertex 1.22459 34 5.04358
    endloop
  endfacet
  facet normal -0.336873 0 0.94155
    outer loop
      vertex 1.22459 30 5.04358
      vertex 0.92891 34 4.93779
      vertex 0.92891 30 4.93779
    endloop
  endfacet
  facet normal -0.336873 0 0.94155
    outer loop
      vertex 0.92891 55 4.93779
      vertex 1.22459 40.5 5.04358
      vertex 1.22459 55 5.04358
    endloop
  endfacet
  facet normal -0.336873 0 0.94155
    outer loop
      vertex 1.22459 40.5 5.04358
      vertex 0.92891 55 4.93779
      vertex 0.92891 40.5 4.93779
    endloop
  endfacet
  facet normal -0.514121 0 0.857718
    outer loop
      vertex 1.50847 34 5.17785
      vertex 1.77782 30 5.3393
      vertex 1.77782 34 5.3393
    endloop
  endfacet
  facet normal -0.514121 0 0.857718
    outer loop
      vertex 1.77782 30 5.3393
      vertex 1.50847 34 5.17785
      vertex 1.50847 30 5.17785
    endloop
  endfacet
  facet normal -0.514121 0 0.857718
    outer loop
      vertex 1.50847 55 5.17785
      vertex 1.77782 40.5 5.3393
      vertex 1.77782 55 5.3393
    endloop
  endfacet
  facet normal -0.514121 0 0.857718
    outer loop
      vertex 1.77782 40.5 5.3393
      vertex 1.50847 55 5.17785
      vertex 1.50847 40.5 5.17785
    endloop
  endfacet
  facet normal -0.427567 0 0.903983
    outer loop
      vertex 1.22459 34 5.04358
      vertex 1.50847 30 5.17785
      vertex 1.50847 34 5.17785
    endloop
  endfacet
  facet normal -0.427567 0 0.903983
    outer loop
      vertex 1.50847 30 5.17785
      vertex 1.22459 34 5.04358
      vertex 1.22459 30 5.04358
    endloop
  endfacet
  facet normal -0.427567 0 0.903983
    outer loop
      vertex 1.22459 55 5.04358
      vertex 1.50847 40.5 5.17785
      vertex 1.50847 55 5.17785
    endloop
  endfacet
  facet normal -0.427567 0 0.903983
    outer loop
      vertex 1.50847 40.5 5.17785
      vertex 1.22459 55 5.04358
      vertex 1.22459 40.5 5.04358
    endloop
  endfacet
  facet normal 0.242969 0 -0.970034
    outer loop
      vertex -0.92891 40.5 11.0622
      vertex -0.624289 55 11.1385
      vertex -0.624289 40.5 11.1385
    endloop
  endfacet
  facet normal 0.242969 0 -0.970034
    outer loop
      vertex -0.624289 55 11.1385
      vertex -0.92891 40.5 11.0622
      vertex -0.92891 55 11.0622
    endloop
  endfacet
  facet normal 0.242969 0 -0.970034
    outer loop
      vertex -0.92891 31 11.0622
      vertex -0.624289 34 11.1385
      vertex -0.624289 31 11.1385
    endloop
  endfacet
  facet normal 0.242969 0 -0.970034
    outer loop
      vertex -0.624289 34 11.1385
      vertex -0.92891 31 11.0622
      vertex -0.92891 34 11.0622
    endloop
  endfacet
  facet normal 0.998795 0 -0.049072
    outer loop
      vertex -3.18459 31 8.31365
      vertex -3.2 34 8
      vertex -3.18459 34 8.31365
    endloop
  endfacet
  facet normal 0.998795 0 -0.049072
    outer loop
      vertex -3.2 34 8
      vertex -3.18459 31 8.31365
      vertex -3.2 31 8
    endloop
  endfacet
  facet normal 0.998795 0 -0.049072
    outer loop
      vertex -3.18459 40.5 8.31365
      vertex -3.2 55 8
      vertex -3.18459 55 8.31365
    endloop
  endfacet
  facet normal 0.998795 0 -0.049072
    outer loop
      vertex -3.2 55 8
      vertex -3.18459 40.5 8.31365
      vertex -3.2 40.5 8
    endloop
  endfacet
  facet normal -0.970034 0 -0.24297
    outer loop
      vertex 3.13851 40.5 8.62429
      vertex 3.06221 55 8.92891
      vertex 3.13851 55 8.62429
    endloop
  endfacet
  facet normal -0.970034 -0 -0.24297
    outer loop
      vertex 3.06221 55 8.92891
      vertex 3.13851 40.5 8.62429
      vertex 3.06221 40.5 8.92891
    endloop
  endfacet
  facet normal -0.970034 0 -0.24297
    outer loop
      vertex 3.13851 31 8.62429
      vertex 3.06221 34 8.92891
      vertex 3.13851 34 8.62429
    endloop
  endfacet
  facet normal -0.970034 -0 -0.24297
    outer loop
      vertex 3.06221 34 8.92891
      vertex 3.13851 31 8.62429
      vertex 3.06221 31 8.92891
    endloop
  endfacet
  facet normal 0.94154 0 -0.336901
    outer loop
      vertex -2.95641 40.5 9.22459
      vertex -3.06221 55 8.92891
      vertex -2.95641 55 9.22459
    endloop
  endfacet
  facet normal 0.94154 0 -0.336901
    outer loop
      vertex -3.06221 55 8.92891
      vertex -2.95641 40.5 9.22459
      vertex -3.06221 40.5 8.92891
    endloop
  endfacet
  facet normal 0.94154 0 -0.336901
    outer loop
      vertex -2.95641 31 9.22459
      vertex -3.06221 34 8.92891
      vertex -2.95641 34 9.22459
    endloop
  endfacet
  facet normal 0.94154 0 -0.336901
    outer loop
      vertex -3.06221 34 8.92891
      vertex -2.95641 31 9.22459
      vertex -3.06221 31 8.92891
    endloop
  endfacet
  facet normal 0.514121 0 0.857718
    outer loop
      vertex -1.77782 34 5.3393
      vertex -1.50847 30 5.17785
      vertex -1.50847 34 5.17785
    endloop
  endfacet
  facet normal 0.514121 0 0.857718
    outer loop
      vertex -1.50847 30 5.17785
      vertex -1.77782 34 5.3393
      vertex -1.77782 30 5.3393
    endloop
  endfacet
  facet normal 0.514121 0 0.857718
    outer loop
      vertex -1.77782 55 5.3393
      vertex -1.50847 40.5 5.17785
      vertex -1.50847 55 5.17785
    endloop
  endfacet
  facet normal 0.514121 0 0.857718
    outer loop
      vertex -1.50847 40.5 5.17785
      vertex -1.77782 55 5.3393
      vertex -1.77782 40.5 5.3393
    endloop
  endfacet
  facet normal -0.857726 0 0.514107
    outer loop
      vertex 2.6607 30 6.22217
      vertex 2.82215 34 6.49153
      vertex 2.6607 34 6.22217
    endloop
  endfacet
  facet normal -0.857726 0 0.514107
    outer loop
      vertex 2.82215 34 6.49153
      vertex 2.6607 30 6.22217
      vertex 2.82215 30 6.49153
    endloop
  endfacet
  facet normal -0.857726 0 0.514107
    outer loop
      vertex 2.6607 40.5 6.22217
      vertex 2.82215 55 6.49153
      vertex 2.6607 55 6.22217
    endloop
  endfacet
  facet normal -0.857726 0 0.514107
    outer loop
      vertex 2.82215 55 6.49153
      vertex 2.6607 40.5 6.22217
      vertex 2.82215 40.5 6.49153
    endloop
  endfacet
  facet normal 0.242969 0 0.970034
    outer loop
      vertex -0.92891 34 4.93779
      vertex -0.624289 30 4.86149
      vertex -0.624289 34 4.86149
    endloop
  endfacet
  facet normal 0.242969 0 0.970034
    outer loop
      vertex -0.624289 30 4.86149
      vertex -0.92891 34 4.93779
      vertex -0.92891 30 4.93779
    endloop
  endfacet
  facet normal 0.242969 0 0.970034
    outer loop
      vertex -0.92891 55 4.93779
      vertex -0.624289 40.5 4.86149
      vertex -0.624289 55 4.86149
    endloop
  endfacet
  facet normal 0.242969 0 0.970034
    outer loop
      vertex -0.624289 40.5 4.86149
      vertex -0.92891 55 4.93779
      vertex -0.92891 40.5 4.93779
    endloop
  endfacet
  facet normal -0.989176 0 -0.146733
    outer loop
      vertex 3.18459 40.5 8.31365
      vertex 3.13851 55 8.62429
      vertex 3.18459 55 8.31365
    endloop
  endfacet
  facet normal -0.989176 -0 -0.146733
    outer loop
      vertex 3.13851 55 8.62429
      vertex 3.18459 40.5 8.31365
      vertex 3.13851 40.5 8.62429
    endloop
  endfacet
  facet normal -0.989176 0 -0.146733
    outer loop
      vertex 3.18459 31 8.31365
      vertex 3.13851 34 8.62429
      vertex 3.18459 34 8.31365
    endloop
  endfacet
  facet normal -0.989176 -0 -0.146733
    outer loop
      vertex 3.13851 34 8.62429
      vertex 3.18459 31 8.31365
      vertex 3.13851 31 8.62429
    endloop
  endfacet
  facet normal -0.146736 0 0.989176
    outer loop
      vertex 0.313654 34 4.81541
      vertex 0.624289 30 4.86149
      vertex 0.624289 34 4.86149
    endloop
  endfacet
  facet normal -0.146736 0 0.989176
    outer loop
      vertex 0.624289 30 4.86149
      vertex 0.313654 34 4.81541
      vertex 0.313654 30 4.81541
    endloop
  endfacet
  facet normal -0.146736 0 0.989176
    outer loop
      vertex 0.313654 55 4.81541
      vertex 0.624289 40.5 4.86149
      vertex 0.624289 55 4.86149
    endloop
  endfacet
  facet normal -0.146736 0 0.989176
    outer loop
      vertex 0.624289 40.5 4.86149
      vertex 0.313654 55 4.81541
      vertex 0.313654 40.5 4.81541
    endloop
  endfacet
  facet normal 0.427567 0 0.903983
    outer loop
      vertex -1.50847 34 5.17785
      vertex -1.22459 30 5.04358
      vertex -1.22459 34 5.04358
    endloop
  endfacet
  facet normal 0.427567 0 0.903983
    outer loop
      vertex -1.22459 30 5.04358
      vertex -1.50847 34 5.17785
      vertex -1.50847 30 5.17785
    endloop
  endfacet
  facet normal 0.427567 0 0.903983
    outer loop
      vertex -1.50847 55 5.17785
      vertex -1.22459 40.5 5.04358
      vertex -1.22459 55 5.04358
    endloop
  endfacet
  facet normal 0.427567 0 0.903983
    outer loop
      vertex -1.22459 40.5 5.04358
      vertex -1.50847 55 5.17785
      vertex -1.50847 40.5 5.17785
    endloop
  endfacet
  facet normal -0.427646 0 -0.903947
    outer loop
      vertex 1.22459 40.5 10.9564
      vertex 1.50847 55 10.8221
      vertex 1.50847 40.5 10.8221
    endloop
  endfacet
  facet normal -0.427646 0 -0.903947
    outer loop
      vertex 1.50847 55 10.8221
      vertex 1.22459 40.5 10.9564
      vertex 1.22459 55 10.9564
    endloop
  endfacet
  facet normal -0.427646 0 -0.903947
    outer loop
      vertex 1.22459 31 10.9564
      vertex 1.50847 34 10.8221
      vertex 1.50847 31 10.8221
    endloop
  endfacet
  facet normal -0.427646 0 -0.903947
    outer loop
      vertex 1.50847 34 10.8221
      vertex 1.22459 31 10.9564
      vertex 1.22459 34 10.9564
    endloop
  endfacet
  facet normal -0.903996 0 0.427541
    outer loop
      vertex 2.82215 30 6.49153
      vertex 2.95641 34 6.77541
      vertex 2.82215 34 6.49153
    endloop
  endfacet
  facet normal -0.903996 0 0.427541
    outer loop
      vertex 2.95641 34 6.77541
      vertex 2.82215 30 6.49153
      vertex 2.95641 30 6.77541
    endloop
  endfacet
  facet normal -0.903996 0 0.427541
    outer loop
      vertex 2.82215 40.5 6.49153
      vertex 2.95641 55 6.77541
      vertex 2.82215 55 6.49153
    endloop
  endfacet
  facet normal -0.903996 0 0.427541
    outer loop
      vertex 2.95641 55 6.77541
      vertex 2.82215 40.5 6.49153
      vertex 2.95641 40.5 6.77541
    endloop
  endfacet
  facet normal -0.998795 0 -0.049072
    outer loop
      vertex 3.2 31 8
      vertex 3.18459 34 8.31365
      vertex 3.2 34 8
    endloop
  endfacet
  facet normal -0.998795 -0 -0.049072
    outer loop
      vertex 3.18459 34 8.31365
      vertex 3.2 31 8
      vertex 3.18459 31 8.31365
    endloop
  endfacet
  facet normal -0.998795 0 -0.049072
    outer loop
      vertex 3.2 40.5 8
      vertex 3.18459 55 8.31365
      vertex 3.2 55 8
    endloop
  endfacet
  facet normal -0.998795 -0 -0.049072
    outer loop
      vertex 3.18459 55 8.31365
      vertex 3.2 40.5 8
      vertex 3.18459 40.5 8.31365
    endloop
  endfacet
  facet normal -0.903996 0 -0.427541
    outer loop
      vertex 2.95641 40.5 9.22459
      vertex 2.82215 55 9.50847
      vertex 2.95641 55 9.22459
    endloop
  endfacet
  facet normal -0.903996 -0 -0.427541
    outer loop
      vertex 2.82215 55 9.50847
      vertex 2.95641 40.5 9.22459
      vertex 2.82215 40.5 9.50847
    endloop
  endfacet
  facet normal -0.903996 0 -0.427541
    outer loop
      vertex 2.95641 31 9.22459
      vertex 2.82215 34 9.50847
      vertex 2.95641 34 9.22459
    endloop
  endfacet
  facet normal -0.903996 -0 -0.427541
    outer loop
      vertex 2.82215 34 9.50847
      vertex 2.95641 31 9.22459
      vertex 2.82215 31 9.50847
    endloop
  endfacet
  facet normal -0.595691 0 0.803214
    outer loop
      vertex 1.77782 34 5.3393
      vertex 2.03006 30 5.52637
      vertex 2.03006 34 5.52637
    endloop
  endfacet
  facet normal -0.595691 0 0.803214
    outer loop
      vertex 2.03006 30 5.52637
      vertex 1.77782 34 5.3393
      vertex 1.77782 30 5.3393
    endloop
  endfacet
  facet normal -0.595691 0 0.803214
    outer loop
      vertex 1.77782 55 5.3393
      vertex 2.03006 40.5 5.52637
      vertex 2.03006 55 5.52637
    endloop
  endfacet
  facet normal -0.595691 0 0.803214
    outer loop
      vertex 2.03006 40.5 5.52637
      vertex 1.77782 55 5.3393
      vertex 1.77782 40.5 5.3393
    endloop
  endfacet
  facet normal -0.146798 0 -0.989167
    outer loop
      vertex 0.313654 40.5 11.1846
      vertex 0.624289 55 11.1385
      vertex 0.624289 40.5 11.1385
    endloop
  endfacet
  facet normal -0.146798 0 -0.989167
    outer loop
      vertex 0.624289 55 11.1385
      vertex 0.313654 40.5 11.1846
      vertex 0.313654 55 11.1846
    endloop
  endfacet
  facet normal -0.146798 0 -0.989167
    outer loop
      vertex 0.313654 31 11.1846
      vertex 0.624289 34 11.1385
      vertex 0.624289 31 11.1385
    endloop
  endfacet
  facet normal -0.146798 0 -0.989167
    outer loop
      vertex 0.624289 34 11.1385
      vertex 0.313654 31 11.1846
      vertex 0.313654 34 11.1846
    endloop
  endfacet
  facet normal -0.94154 0 0.336901
    outer loop
      vertex 2.95641 30 6.77541
      vertex 3.06221 34 7.07109
      vertex 2.95641 34 6.77541
    endloop
  endfacet
  facet normal -0.94154 0 0.336901
    outer loop
      vertex 3.06221 34 7.07109
      vertex 2.95641 30 6.77541
      vertex 3.06221 30 7.07109
    endloop
  endfacet
  facet normal -0.94154 0 0.336901
    outer loop
      vertex 2.95641 40.5 6.77541
      vertex 3.06221 55 7.07109
      vertex 2.95641 55 6.77541
    endloop
  endfacet
  facet normal -0.94154 0 0.336901
    outer loop
      vertex 3.06221 55 7.07109
      vertex 2.95641 40.5 6.77541
      vertex 3.06221 40.5 7.07109
    endloop
  endfacet
  facet normal -0.803259 0 -0.59563
    outer loop
      vertex 2.6607 40.5 9.77782
      vertex 2.47363 55 10.0301
      vertex 2.6607 55 9.77782
    endloop
  endfacet
  facet normal -0.803259 -0 -0.59563
    outer loop
      vertex 2.47363 55 10.0301
      vertex 2.6607 40.5 9.77782
      vertex 2.47363 40.5 10.0301
    endloop
  endfacet
  facet normal -0.803259 0 -0.59563
    outer loop
      vertex 2.6607 31 9.77782
      vertex 2.47363 34 10.0301
      vertex 2.6607 34 9.77782
    endloop
  endfacet
  facet normal -0.803259 -0 -0.59563
    outer loop
      vertex 2.47363 34 10.0301
      vertex 2.6607 31 9.77782
      vertex 2.47363 31 10.0301
    endloop
  endfacet
  facet normal -0.857718 0 -0.514121
    outer loop
      vertex 2.82215 40.5 9.50847
      vertex 2.6607 55 9.77782
      vertex 2.82215 55 9.50847
    endloop
  endfacet
  facet normal -0.857718 -0 -0.514121
    outer loop
      vertex 2.6607 55 9.77782
      vertex 2.82215 40.5 9.50847
      vertex 2.6607 40.5 9.77782
    endloop
  endfacet
  facet normal -0.857718 0 -0.514121
    outer loop
      vertex 2.82215 31 9.50847
      vertex 2.6607 34 9.77782
      vertex 2.82215 34 9.50847
    endloop
  endfacet
  facet normal -0.857718 -0 -0.514121
    outer loop
      vertex 2.6607 34 9.77782
      vertex 2.82215 31 9.50847
      vertex 2.6607 31 9.77782
    endloop
  endfacet
  facet normal -0.94154 0 -0.336901
    outer loop
      vertex 3.06221 40.5 8.92891
      vertex 2.95641 55 9.22459
      vertex 3.06221 55 8.92891
    endloop
  endfacet
  facet normal -0.94154 -0 -0.336901
    outer loop
      vertex 2.95641 55 9.22459
      vertex 3.06221 40.5 8.92891
      vertex 2.95641 40.5 9.22459
    endloop
  endfacet
  facet normal -0.94154 0 -0.336901
    outer loop
      vertex 3.06221 31 8.92891
      vertex 2.95641 34 9.22459
      vertex 3.06221 34 8.92891
    endloop
  endfacet
  facet normal -0.94154 -0 -0.336901
    outer loop
      vertex 2.95641 34 9.22459
      vertex 3.06221 31 8.92891
      vertex 2.95641 31 9.22459
    endloop
  endfacet
  facet normal -0.595753 0 -0.803168
    outer loop
      vertex 1.77782 40.5 10.6607
      vertex 2.03006 55 10.4736
      vertex 2.03006 40.5 10.4736
    endloop
  endfacet
  facet normal -0.595753 0 -0.803168
    outer loop
      vertex 2.03006 55 10.4736
      vertex 1.77782 40.5 10.6607
      vertex 1.77782 55 10.6607
    endloop
  endfacet
  facet normal -0.595753 0 -0.803168
    outer loop
      vertex 1.77782 31 10.6607
      vertex 2.03006 34 10.4736
      vertex 2.03006 31 10.4736
    endloop
  endfacet
  facet normal -0.595753 0 -0.803168
    outer loop
      vertex 2.03006 34 10.4736
      vertex 1.77782 31 10.6607
      vertex 1.77782 34 10.6607
    endloop
  endfacet
  facet normal -0.803202 0 0.595706
    outer loop
      vertex 2.47363 30 5.96994
      vertex 2.6607 34 6.22217
      vertex 2.47363 34 5.96994
    endloop
  endfacet
  facet normal -0.803202 0 0.595706
    outer loop
      vertex 2.6607 34 6.22217
      vertex 2.47363 30 5.96994
      vertex 2.6607 30 6.22217
    endloop
  endfacet
  facet normal -0.803202 0 0.595706
    outer loop
      vertex 2.47363 40.5 5.96994
      vertex 2.6607 55 6.22217
      vertex 2.47363 55 5.96994
    endloop
  endfacet
  facet normal -0.803202 0 0.595706
    outer loop
      vertex 2.6607 55 6.22217
      vertex 2.47363 40.5 5.96994
      vertex 2.6607 40.5 6.22217
    endloop
  endfacet
  facet normal -0.0490714 0 0.998795
    outer loop
      vertex 0 34 4.8
      vertex 0.313654 30 4.81541
      vertex 0.313654 34 4.81541
    endloop
  endfacet
  facet normal -0.0490714 0 0.998795
    outer loop
      vertex 0.313654 30 4.81541
      vertex 0 34 4.8
      vertex 0 30 4.8
    endloop
  endfacet
  facet normal -0.0490714 0 0.998795
    outer loop
      vertex 0 55 4.8
      vertex 0.313654 40.5 4.81541
      vertex 0.313654 55 4.81541
    endloop
  endfacet
  facet normal -0.0490714 0 0.998795
    outer loop
      vertex 0.313654 40.5 4.81541
      vertex 0 55 4.8
      vertex 0 40.5 4.8
    endloop
  endfacet
  facet normal 0.595691 0 0.803214
    outer loop
      vertex -2.03006 34 5.52637
      vertex -1.77782 30 5.3393
      vertex -1.77782 34 5.3393
    endloop
  endfacet
  facet normal 0.595691 0 0.803214
    outer loop
      vertex -1.77782 30 5.3393
      vertex -2.03006 34 5.52637
      vertex -2.03006 30 5.52637
    endloop
  endfacet
  facet normal 0.595691 0 0.803214
    outer loop
      vertex -2.03006 55 5.52637
      vertex -1.77782 40.5 5.3393
      vertex -1.77782 55 5.3393
    endloop
  endfacet
  facet normal 0.595691 0 0.803214
    outer loop
      vertex -1.77782 40.5 5.3393
      vertex -2.03006 55 5.52637
      vertex -2.03006 40.5 5.52637
    endloop
  endfacet
  facet normal 0.427646 0 -0.903947
    outer loop
      vertex -1.50847 40.5 10.8221
      vertex -1.22459 55 10.9564
      vertex -1.22459 40.5 10.9564
    endloop
  endfacet
  facet normal 0.427646 0 -0.903947
    outer loop
      vertex -1.22459 55 10.9564
      vertex -1.50847 40.5 10.8221
      vertex -1.50847 55 10.8221
    endloop
  endfacet
  facet normal 0.427646 0 -0.903947
    outer loop
      vertex -1.50847 31 10.8221
      vertex -1.22459 34 10.9564
      vertex -1.22459 31 10.9564
    endloop
  endfacet
  facet normal 0.427646 0 -0.903947
    outer loop
      vertex -1.22459 34 10.9564
      vertex -1.50847 31 10.8221
      vertex -1.50847 34 10.8221
    endloop
  endfacet
  facet normal -0.242969 0 -0.970034
    outer loop
      vertex 0.624289 40.5 11.1385
      vertex 0.92891 55 11.0622
      vertex 0.92891 40.5 11.0622
    endloop
  endfacet
  facet normal -0.242969 0 -0.970034
    outer loop
      vertex 0.92891 55 11.0622
      vertex 0.624289 40.5 11.1385
      vertex 0.624289 55 11.1385
    endloop
  endfacet
  facet normal -0.242969 0 -0.970034
    outer loop
      vertex 0.624289 31 11.1385
      vertex 0.92891 34 11.0622
      vertex 0.92891 31 11.0622
    endloop
  endfacet
  facet normal -0.242969 0 -0.970034
    outer loop
      vertex 0.92891 34 11.0622
      vertex 0.624289 31 11.1385
      vertex 0.624289 34 11.1385
    endloop
  endfacet
  facet normal -0.970034 0 0.24297
    outer loop
      vertex 3.06221 30 7.07109
      vertex 3.13851 34 7.37571
      vertex 3.06221 34 7.07109
    endloop
  endfacet
  facet normal -0.970034 0 0.24297
    outer loop
      vertex 3.13851 34 7.37571
      vertex 3.06221 30 7.07109
      vertex 3.13851 30 7.37571
    endloop
  endfacet
  facet normal -0.970034 0 0.24297
    outer loop
      vertex 3.06221 40.5 7.07109
      vertex 3.13851 55 7.37571
      vertex 3.06221 55 7.07109
    endloop
  endfacet
  facet normal -0.970034 0 0.24297
    outer loop
      vertex 3.13851 55 7.37571
      vertex 3.06221 40.5 7.07109
      vertex 3.13851 40.5 7.37571
    endloop
  endfacet
  facet normal 0.857718 0 -0.514121
    outer loop
      vertex -2.6607 40.5 9.77782
      vertex -2.82215 55 9.50847
      vertex -2.6607 55 9.77782
    endloop
  endfacet
  facet normal 0.857718 0 -0.514121
    outer loop
      vertex -2.82215 55 9.50847
      vertex -2.6607 40.5 9.77782
      vertex -2.82215 40.5 9.50847
    endloop
  endfacet
  facet normal 0.857718 0 -0.514121
    outer loop
      vertex -2.6607 31 9.77782
      vertex -2.82215 34 9.50847
      vertex -2.6607 34 9.77782
    endloop
  endfacet
  facet normal 0.857718 0 -0.514121
    outer loop
      vertex -2.82215 34 9.50847
      vertex -2.6607 31 9.77782
      vertex -2.82215 31 9.50847
    endloop
  endfacet
  facet normal 0.857726 -0 0.514107
    outer loop
      vertex -2.82215 30 6.49153
      vertex -2.6607 34 6.22217
      vertex -2.82215 34 6.49153
    endloop
  endfacet
  facet normal 0.857726 0 0.514107
    outer loop
      vertex -2.6607 34 6.22217
      vertex -2.82215 30 6.49153
      vertex -2.6607 30 6.22217
    endloop
  endfacet
  facet normal 0.857726 -0 0.514107
    outer loop
      vertex -2.82215 40.5 6.49153
      vertex -2.6607 55 6.22217
      vertex -2.82215 55 6.49153
    endloop
  endfacet
  facet normal 0.857726 0 0.514107
    outer loop
      vertex -2.6607 55 6.22217
      vertex -2.82215 40.5 6.49153
      vertex -2.6607 40.5 6.22217
    endloop
  endfacet
  facet normal 0.336901 0 -0.94154
    outer loop
      vertex -1.22459 40.5 10.9564
      vertex -0.92891 55 11.0622
      vertex -0.92891 40.5 11.0622
    endloop
  endfacet
  facet normal 0.336901 0 -0.94154
    outer loop
      vertex -0.92891 55 11.0622
      vertex -1.22459 40.5 10.9564
      vertex -1.22459 55 10.9564
    endloop
  endfacet
  facet normal 0.336901 0 -0.94154
    outer loop
      vertex -1.22459 31 10.9564
      vertex -0.92891 34 11.0622
      vertex -0.92891 31 11.0622
    endloop
  endfacet
  facet normal 0.336901 0 -0.94154
    outer loop
      vertex -0.92891 34 11.0622
      vertex -1.22459 31 10.9564
      vertex -1.22459 34 10.9564
    endloop
  endfacet
  facet normal 0.740834 0 -0.671688
    outer loop
      vertex -2.26274 40.5 10.2627
      vertex -2.47363 55 10.0301
      vertex -2.26274 55 10.2627
    endloop
  endfacet
  facet normal 0.740834 0 -0.671688
    outer loop
      vertex -2.47363 55 10.0301
      vertex -2.26274 40.5 10.2627
      vertex -2.47363 40.5 10.0301
    endloop
  endfacet
  facet normal 0.740834 0 -0.671688
    outer loop
      vertex -2.26274 31 10.2627
      vertex -2.47363 34 10.0301
      vertex -2.26274 34 10.2627
    endloop
  endfacet
  facet normal 0.740834 0 -0.671688
    outer loop
      vertex -2.47363 34 10.0301
      vertex -2.26274 31 10.2627
      vertex -2.47363 31 10.0301
    endloop
  endfacet
  facet normal 0.336873 0 0.94155
    outer loop
      vertex -1.22459 34 5.04358
      vertex -0.92891 30 4.93779
      vertex -0.92891 34 4.93779
    endloop
  endfacet
  facet normal 0.336873 0 0.94155
    outer loop
      vertex -0.92891 30 4.93779
      vertex -1.22459 34 5.04358
      vertex -1.22459 30 5.04358
    endloop
  endfacet
  facet normal 0.336873 0 0.94155
    outer loop
      vertex -1.22459 55 5.04358
      vertex -0.92891 40.5 4.93779
      vertex -0.92891 55 4.93779
    endloop
  endfacet
  facet normal 0.336873 0 0.94155
    outer loop
      vertex -0.92891 40.5 4.93779
      vertex -1.22459 55 5.04358
      vertex -1.22459 40.5 5.04358
    endloop
  endfacet
  facet normal 0.0490714 0 0.998795
    outer loop
      vertex -0.313654 34 4.81541
      vertex 0 30 4.8
      vertex 0 34 4.8
    endloop
  endfacet
  facet normal 0.0490714 0 0.998795
    outer loop
      vertex 0 30 4.8
      vertex -0.313654 34 4.81541
      vertex -0.313654 30 4.81541
    endloop
  endfacet
  facet normal 0.0490714 0 0.998795
    outer loop
      vertex -0.313654 55 4.81541
      vertex 0 40.5 4.8
      vertex 0 55 4.8
    endloop
  endfacet
  facet normal 0.0490714 0 0.998795
    outer loop
      vertex 0 40.5 4.8
      vertex -0.313654 55 4.81541
      vertex -0.313654 40.5 4.81541
    endloop
  endfacet
  facet normal 0.970034 -0 0.24297
    outer loop
      vertex -3.13851 30 7.37571
      vertex -3.06221 34 7.07109
      vertex -3.13851 34 7.37571
    endloop
  endfacet
  facet normal 0.970034 0 0.24297
    outer loop
      vertex -3.06221 34 7.07109
      vertex -3.13851 30 7.37571
      vertex -3.06221 30 7.07109
    endloop
  endfacet
  facet normal 0.970034 -0 0.24297
    outer loop
      vertex -3.13851 40.5 7.37571
      vertex -3.06221 55 7.07109
      vertex -3.13851 55 7.37571
    endloop
  endfacet
  facet normal 0.970034 0 0.24297
    outer loop
      vertex -3.06221 55 7.07109
      vertex -3.13851 40.5 7.37571
      vertex -3.06221 40.5 7.07109
    endloop
  endfacet
  facet normal 0.94154 -0 0.336901
    outer loop
      vertex -3.06221 30 7.07109
      vertex -2.95641 34 6.77541
      vertex -3.06221 34 7.07109
    endloop
  endfacet
  facet normal 0.94154 0 0.336901
    outer loop
      vertex -2.95641 34 6.77541
      vertex -3.06221 30 7.07109
      vertex -2.95641 30 6.77541
    endloop
  endfacet
  facet normal 0.94154 -0 0.336901
    outer loop
      vertex -3.06221 40.5 7.07109
      vertex -2.95641 55 6.77541
      vertex -3.06221 55 7.07109
    endloop
  endfacet
  facet normal 0.94154 0 0.336901
    outer loop
      vertex -2.95641 55 6.77541
      vertex -3.06221 40.5 7.07109
      vertex -2.95641 40.5 6.77541
    endloop
  endfacet
  facet normal 0.740949 -0 0.671561
    outer loop
      vertex -2.47363 30 5.96994
      vertex -2.26274 34 5.73726
      vertex -2.47363 34 5.96994
    endloop
  endfacet
  facet normal 0.740949 0 0.671561
    outer loop
      vertex -2.26274 34 5.73726
      vertex -2.47363 30 5.96994
      vertex -2.26274 30 5.73726
    endloop
  endfacet
  facet normal 0.740949 -0 0.671561
    outer loop
      vertex -2.47363 40.5 5.96994
      vertex -2.26274 55 5.73726
      vertex -2.47363 55 5.96994
    endloop
  endfacet
  facet normal 0.740949 0 0.671561
    outer loop
      vertex -2.26274 55 5.73726
      vertex -2.47363 40.5 5.96994
      vertex -2.26274 40.5 5.73726
    endloop
  endfacet
  facet normal 0.803259 0 -0.59563
    outer loop
      vertex -2.47363 40.5 10.0301
      vertex -2.6607 55 9.77782
      vertex -2.47363 55 10.0301
    endloop
  endfacet
  facet normal 0.803259 0 -0.59563
    outer loop
      vertex -2.6607 55 9.77782
      vertex -2.47363 40.5 10.0301
      vertex -2.6607 40.5 9.77782
    endloop
  endfacet
  facet normal 0.803259 0 -0.59563
    outer loop
      vertex -2.47363 31 10.0301
      vertex -2.6607 34 9.77782
      vertex -2.47363 34 10.0301
    endloop
  endfacet
  facet normal 0.803259 0 -0.59563
    outer loop
      vertex -2.6607 34 9.77782
      vertex -2.47363 31 10.0301
      vertex -2.6607 31 9.77782
    endloop
  endfacet
  facet normal 0.989176 0 -0.146733
    outer loop
      vertex -3.13851 40.5 8.62429
      vertex -3.18459 55 8.31365
      vertex -3.13851 55 8.62429
    endloop
  endfacet
  facet normal 0.989176 0 -0.146733
    outer loop
      vertex -3.18459 55 8.31365
      vertex -3.13851 40.5 8.62429
      vertex -3.18459 40.5 8.31365
    endloop
  endfacet
  facet normal 0.989176 0 -0.146733
    outer loop
      vertex -3.13851 31 8.62429
      vertex -3.18459 34 8.31365
      vertex -3.13851 34 8.62429
    endloop
  endfacet
  facet normal 0.989176 0 -0.146733
    outer loop
      vertex -3.18459 34 8.31365
      vertex -3.13851 31 8.62429
      vertex -3.18459 31 8.31365
    endloop
  endfacet
  facet normal -0.242969 0 0.970034
    outer loop
      vertex 0.624289 34 4.86149
      vertex 0.92891 30 4.93779
      vertex 0.92891 34 4.93779
    endloop
  endfacet
  facet normal -0.242969 0 0.970034
    outer loop
      vertex 0.92891 30 4.93779
      vertex 0.624289 34 4.86149
      vertex 0.624289 30 4.86149
    endloop
  endfacet
  facet normal -0.242969 0 0.970034
    outer loop
      vertex 0.624289 55 4.86149
      vertex 0.92891 40.5 4.93779
      vertex 0.92891 55 4.93779
    endloop
  endfacet
  facet normal -0.242969 0 0.970034
    outer loop
      vertex 0.92891 40.5 4.93779
      vertex 0.624289 55 4.86149
      vertex 0.624289 40.5 4.86149
    endloop
  endfacet
  facet normal -0.514004 0 -0.857788
    outer loop
      vertex 1.50847 40.5 10.8221
      vertex 1.77782 55 10.6607
      vertex 1.77782 40.5 10.6607
    endloop
  endfacet
  facet normal -0.514004 0 -0.857788
    outer loop
      vertex 1.77782 55 10.6607
      vertex 1.50847 40.5 10.8221
      vertex 1.50847 55 10.8221
    endloop
  endfacet
  facet normal -0.514004 0 -0.857788
    outer loop
      vertex 1.50847 31 10.8221
      vertex 1.77782 34 10.6607
      vertex 1.77782 31 10.6607
    endloop
  endfacet
  facet normal -0.514004 0 -0.857788
    outer loop
      vertex 1.77782 34 10.6607
      vertex 1.50847 31 10.8221
      vertex 1.50847 34 10.8221
    endloop
  endfacet
  facet normal 0.671578 0 -0.740933
    outer loop
      vertex -2.26274 40.5 10.2627
      vertex -2.03006 55 10.4736
      vertex -2.03006 40.5 10.4736
    endloop
  endfacet
  facet normal 0.671578 0 -0.740933
    outer loop
      vertex -2.03006 55 10.4736
      vertex -2.26274 40.5 10.2627
      vertex -2.26274 55 10.2627
    endloop
  endfacet
  facet normal 0.671578 0 -0.740933
    outer loop
      vertex -2.26274 31 10.2627
      vertex -2.03006 34 10.4736
      vertex -2.03006 31 10.4736
    endloop
  endfacet
  facet normal 0.671578 0 -0.740933
    outer loop
      vertex -2.03006 34 10.4736
      vertex -2.26274 31 10.2627
      vertex -2.26274 34 10.2627
    endloop
  endfacet
  facet normal -0.671578 0 -0.740933
    outer loop
      vertex 2.03006 40.5 10.4736
      vertex 2.26274 55 10.2627
      vertex 2.26274 40.5 10.2627
    endloop
  endfacet
  facet normal -0.671578 0 -0.740933
    outer loop
      vertex 2.26274 55 10.2627
      vertex 2.03006 40.5 10.4736
      vertex 2.03006 55 10.4736
    endloop
  endfacet
  facet normal -0.671578 0 -0.740933
    outer loop
      vertex 2.03006 31 10.4736
      vertex 2.26274 34 10.2627
      vertex 2.26274 31 10.2627
    endloop
  endfacet
  facet normal -0.671578 0 -0.740933
    outer loop
      vertex 2.26274 34 10.2627
      vertex 2.03006 31 10.4736
      vertex 2.03006 34 10.4736
    endloop
  endfacet
  facet normal 0.0490396 0 -0.998797
    outer loop
      vertex -0.313654 40.5 11.1846
      vertex 0 55 11.2
      vertex 0 40.5 11.2
    endloop
  endfacet
  facet normal 0.0490396 0 -0.998797
    outer loop
      vertex 0 55 11.2
      vertex -0.313654 40.5 11.1846
      vertex -0.313654 55 11.1846
    endloop
  endfacet
  facet normal 0.0490396 0 -0.998797
    outer loop
      vertex -0.313654 31 11.1846
      vertex 0 34 11.2
      vertex 0 31 11.2
    endloop
  endfacet
  facet normal 0.0490396 0 -0.998797
    outer loop
      vertex 0 34 11.2
      vertex -0.313654 31 11.1846
      vertex -0.313654 34 11.1846
    endloop
  endfacet
  facet normal 0.146798 0 -0.989167
    outer loop
      vertex -0.624289 40.5 11.1385
      vertex -0.313654 55 11.1846
      vertex -0.313654 40.5 11.1846
    endloop
  endfacet
  facet normal 0.146798 0 -0.989167
    outer loop
      vertex -0.313654 55 11.1846
      vertex -0.624289 40.5 11.1385
      vertex -0.624289 55 11.1385
    endloop
  endfacet
  facet normal 0.146798 0 -0.989167
    outer loop
      vertex -0.624289 31 11.1385
      vertex -0.313654 34 11.1846
      vertex -0.313654 31 11.1846
    endloop
  endfacet
  facet normal 0.146798 0 -0.989167
    outer loop
      vertex -0.313654 34 11.1846
      vertex -0.624289 31 11.1385
      vertex -0.624289 34 11.1385
    endloop
  endfacet
  facet normal 0.903996 0 -0.427541
    outer loop
      vertex -2.82215 40.5 9.50847
      vertex -2.95641 55 9.22459
      vertex -2.82215 55 9.50847
    endloop
  endfacet
  facet normal 0.903996 0 -0.427541
    outer loop
      vertex -2.95641 55 9.22459
      vertex -2.82215 40.5 9.50847
      vertex -2.95641 40.5 9.22459
    endloop
  endfacet
  facet normal 0.903996 0 -0.427541
    outer loop
      vertex -2.82215 31 9.50847
      vertex -2.95641 34 9.22459
      vertex -2.82215 34 9.50847
    endloop
  endfacet
  facet normal 0.903996 0 -0.427541
    outer loop
      vertex -2.95641 34 9.22459
      vertex -2.82215 31 9.50847
      vertex -2.95641 31 9.22459
    endloop
  endfacet
  facet normal 0.989176 -0 0.146733
    outer loop
      vertex -3.18459 30 7.68635
      vertex -3.13851 34 7.37571
      vertex -3.18459 34 7.68635
    endloop
  endfacet
  facet normal 0.989176 0 0.146733
    outer loop
      vertex -3.13851 34 7.37571
      vertex -3.18459 30 7.68635
      vertex -3.13851 30 7.37571
    endloop
  endfacet
  facet normal 0.989176 -0 0.146733
    outer loop
      vertex -3.18459 40.5 7.68635
      vertex -3.13851 55 7.37571
      vertex -3.18459 55 7.68635
    endloop
  endfacet
  facet normal 0.989176 0 0.146733
    outer loop
      vertex -3.13851 55 7.37571
      vertex -3.18459 40.5 7.68635
      vertex -3.13851 40.5 7.37571
    endloop
  endfacet
  facet normal 0.998795 -0 0.049072
    outer loop
      vertex -3.2 31 8
      vertex -3.18459 34 7.68635
      vertex -3.2 34 8
    endloop
  endfacet
  facet normal 0.998795 0 0.049072
    outer loop
      vertex -3.18459 30 7.68635
      vertex -3.2 31 8
      vertex -3.2 30 8
    endloop
  endfacet
  facet normal 0.998795 0 0.049072
    outer loop
      vertex -3.2 31 8
      vertex -3.18459 30 7.68635
      vertex -3.18459 34 7.68635
    endloop
  endfacet
  facet normal 0.998795 -0 0.049072
    outer loop
      vertex -3.2 40.5 8
      vertex -3.18459 55 7.68635
      vertex -3.2 55 8
    endloop
  endfacet
  facet normal 0.998795 0 0.049072
    outer loop
      vertex -3.18459 55 7.68635
      vertex -3.2 40.5 8
      vertex -3.18459 40.5 7.68635
    endloop
  endfacet
  facet normal 0.903996 -0 0.427541
    outer loop
      vertex -2.95641 30 6.77541
      vertex -2.82215 34 6.49153
      vertex -2.95641 34 6.77541
    endloop
  endfacet
  facet normal 0.903996 0 0.427541
    outer loop
      vertex -2.82215 34 6.49153
      vertex -2.95641 30 6.77541
      vertex -2.82215 30 6.49153
    endloop
  endfacet
  facet normal 0.903996 -0 0.427541
    outer loop
      vertex -2.95641 40.5 6.77541
      vertex -2.82215 55 6.49153
      vertex -2.95641 55 6.77541
    endloop
  endfacet
  facet normal 0.903996 0 0.427541
    outer loop
      vertex -2.82215 55 6.49153
      vertex -2.95641 40.5 6.77541
      vertex -2.82215 40.5 6.49153
    endloop
  endfacet
  facet normal -0.740834 0 -0.671688
    outer loop
      vertex 2.47363 40.5 10.0301
      vertex 2.26274 55 10.2627
      vertex 2.47363 55 10.0301
    endloop
  endfacet
  facet normal -0.740834 -0 -0.671688
    outer loop
      vertex 2.26274 55 10.2627
      vertex 2.47363 40.5 10.0301
      vertex 2.26274 40.5 10.2627
    endloop
  endfacet
  facet normal -0.740834 0 -0.671688
    outer loop
      vertex 2.47363 31 10.0301
      vertex 2.26274 34 10.2627
      vertex 2.47363 34 10.0301
    endloop
  endfacet
  facet normal -0.740834 -0 -0.671688
    outer loop
      vertex 2.26274 34 10.2627
      vertex 2.47363 31 10.0301
      vertex 2.26274 31 10.2627
    endloop
  endfacet
  facet normal 0 1 -0
    outer loop
      vertex 3.18459 30 7.68635
      vertex -3.2 30 8
      vertex 3.2 30 8
    endloop
  endfacet
  facet normal 0 1 0
    outer loop
      vertex 3.18459 30 7.68635
      vertex -3.18459 30 7.68635
      vertex -3.2 30 8
    endloop
  endfacet
  facet normal 0 1 -0
    outer loop
      vertex 3.13851 30 7.37571
      vertex -3.18459 30 7.68635
      vertex 3.18459 30 7.68635
    endloop
  endfacet
  facet normal 0 1 0
    outer loop
      vertex 3.13851 30 7.37571
      vertex -3.13851 30 7.37571
      vertex -3.18459 30 7.68635
    endloop
  endfacet
  facet normal 0 1 -0
    outer loop
      vertex 3.06221 30 7.07109
      vertex -3.13851 30 7.37571
      vertex 3.13851 30 7.37571
    endloop
  endfacet
  facet normal 0 1 0
    outer loop
      vertex 3.06221 30 7.07109
      vertex -3.06221 30 7.07109
      vertex -3.13851 30 7.37571
    endloop
  endfacet
  facet normal 0 1 -0
    outer loop
      vertex 2.95641 30 6.77541
      vertex -3.06221 30 7.07109
      vertex 3.06221 30 7.07109
    endloop
  endfacet
  facet normal 0 1 0
    outer loop
      vertex 2.95641 30 6.77541
      vertex -2.95641 30 6.77541
      vertex -3.06221 30 7.07109
    endloop
  endfacet
  facet normal 0 1 -0
    outer loop
      vertex 2.82215 30 6.49153
      vertex -2.95641 30 6.77541
      vertex 2.95641 30 6.77541
    endloop
  endfacet
  facet normal 0 1 0
    outer loop
      vertex 2.82215 30 6.49153
      vertex -2.82215 30 6.49153
      vertex -2.95641 30 6.77541
    endloop
  endfacet
  facet normal 0 1 -0
    outer loop
      vertex 2.6607 30 6.22217
      vertex -2.82215 30 6.49153
      vertex 2.82215 30 6.49153
    endloop
  endfacet
  facet normal 0 1 0
    outer loop
      vertex 2.6607 30 6.22217
      vertex -2.6607 30 6.22217
      vertex -2.82215 30 6.49153
    endloop
  endfacet
  facet normal 0 1 -0
    outer loop
      vertex 2.47363 30 5.96994
      vertex -2.6607 30 6.22217
      vertex 2.6607 30 6.22217
    endloop
  endfacet
  facet normal 0 1 0
    outer loop
      vertex 2.47363 30 5.96994
      vertex -2.47363 30 5.96994
      vertex -2.6607 30 6.22217
    endloop
  endfacet
  facet normal 0 1 -0
    outer loop
      vertex 2.26274 30 5.73726
      vertex -2.47363 30 5.96994
      vertex 2.47363 30 5.96994
    endloop
  endfacet
  facet normal 0 1 0
    outer loop
      vertex 2.26274 30 5.73726
      vertex -2.26274 30 5.73726
      vertex -2.47363 30 5.96994
    endloop
  endfacet
  facet normal 0 1 -0
    outer loop
      vertex 2.03006 30 5.52637
      vertex -2.26274 30 5.73726
      vertex 2.26274 30 5.73726
    endloop
  endfacet
  facet normal 0 1 0
    outer loop
      vertex 2.03006 30 5.52637
      vertex -2.03006 30 5.52637
      vertex -2.26274 30 5.73726
    endloop
  endfacet
  facet normal 0 1 -0
    outer loop
      vertex 1.77782 30 5.3393
      vertex -2.03006 30 5.52637
      vertex 2.03006 30 5.52637
    endloop
  endfacet
  facet normal 0 1 0
    outer loop
      vertex 1.77782 30 5.3393
      vertex -1.77782 30 5.3393
      vertex -2.03006 30 5.52637
    endloop
  endfacet
  facet normal 0 1 -0
    outer loop
      vertex 1.50847 30 5.17785
      vertex -1.77782 30 5.3393
      vertex 1.77782 30 5.3393
    endloop
  endfacet
  facet normal 0 1 0
    outer loop
      vertex 1.50847 30 5.17785
      vertex -1.50847 30 5.17785
      vertex -1.77782 30 5.3393
    endloop
  endfacet
  facet normal 0 1 -0
    outer loop
      vertex 1.22459 30 5.04358
      vertex -1.50847 30 5.17785
      vertex 1.50847 30 5.17785
    endloop
  endfacet
  facet normal 0 1 0
    outer loop
      vertex 1.22459 30 5.04358
      vertex -1.22459 30 5.04358
      vertex -1.50847 30 5.17785
    endloop
  endfacet
  facet normal 0 1 -0
    outer loop
      vertex 0.92891 30 4.93779
      vertex -1.22459 30 5.04358
      vertex 1.22459 30 5.04358
    endloop
  endfacet
  facet normal 0 1 0
    outer loop
      vertex 0.92891 30 4.93779
      vertex -0.92891 30 4.93779
      vertex -1.22459 30 5.04358
    endloop
  endfacet
  facet normal 0 1 -0
    outer loop
      vertex 0.624289 30 4.86149
      vertex -0.92891 30 4.93779
      vertex 0.92891 30 4.93779
    endloop
  endfacet
  facet normal 0 1 0
    outer loop
      vertex 0.624289 30 4.86149
      vertex -0.624289 30 4.86149
      vertex -0.92891 30 4.93779
    endloop
  endfacet
  facet normal 0 1 -0
    outer loop
      vertex 0.313654 30 4.81541
      vertex -0.624289 30 4.86149
      vertex 0.624289 30 4.86149
    endloop
  endfacet
  facet normal 0 1 0
    outer loop
      vertex 0.313654 30 4.81541
      vertex -0.313654 30 4.81541
      vertex -0.624289 30 4.86149
    endloop
  endfacet
  facet normal -0 1 0
    outer loop
      vertex -0.313654 30 4.81541
      vertex 0.313654 30 4.81541
      vertex 0 30 4.8
    endloop
  endfacet
  facet normal -1 0 0
    outer loop
      vertex 5.21651 40.5 4.98825
      vertex 5.21651 40 8
      vertex 5.21651 40.5 16
    endloop
  endfacet
  facet normal -1 0 0
    outer loop
      vertex 5.21651 40.5 4.98825
      vertex 5.21651 34.5 8
      vertex 5.21651 40 8
    endloop
  endfacet
  facet normal -1 0 0
    outer loop
      vertex 5.21651 34 4.98825
      vertex 5.21651 34.5 8
      vertex 5.21651 40.5 4.98825
    endloop
  endfacet
  facet normal -1 0 0
    outer loop
      vertex 5.21651 34 16
      vertex 5.21651 34.5 8
      vertex 5.21651 34 4.98825
    endloop
  endfacet
  facet normal -1 0 0
    outer loop
      vertex 5.21651 34.5 8
      vertex 5.21651 34 16
      vertex 5.21651 34.5 16
    endloop
  endfacet
  facet normal -1 -0 0
    outer loop
      vertex 5.21651 40.5 16
      vertex 5.21651 40 8
      vertex 5.21651 40 16
    endloop
  endfacet
  facet normal -0.5 0 0.866026
    outer loop
      vertex 0 40.5 1.9765
      vertex 5.21651 34 4.98825
      vertex 5.21651 40.5 4.98825
    endloop
  endfacet
  facet normal -0.5 0 0.866026
    outer loop
      vertex 5.21651 34 4.98825
      vertex 0 40.5 1.9765
      vertex 0 34 1.9765
    endloop
  endfacet
  facet normal 1 -0 0
    outer loop
      vertex -5.21651 34 16
      vertex -5.21651 40.5 4.98825
      vertex -5.21651 40.5 16
    endloop
  endfacet
  facet normal 1 0 0
    outer loop
      vertex -5.21651 40.5 4.98825
      vertex -5.21651 34 16
      vertex -5.21651 34 4.98825
    endloop
  endfacet
  facet normal 0.5 0 0.866026
    outer loop
      vertex -5.21651 40.5 4.98825
      vertex 0 34 1.9765
      vertex 0 40.5 1.9765
    endloop
  endfacet
  facet normal 0.5 0 0.866026
    outer loop
      vertex 0 34 1.9765
      vertex -5.21651 40.5 4.98825
      vertex -5.21651 34 4.98825
    endloop
  endfacet
  facet normal 0 -1 0
    outer loop
      vertex -5.21651 40.5 16
      vertex 0 40.5 11.2
      vertex 5.21651 40.5 16
    endloop
  endfacet
  facet normal 0 -1 0
    outer loop
      vertex -5.21651 40.5 16
      vertex -0.313654 40.5 11.1846
      vertex 0 40.5 11.2
    endloop
  endfacet
  facet normal 0 -1 0
    outer loop
      vertex -5.21651 40.5 16
      vertex -0.624289 40.5 11.1385
      vertex -0.313654 40.5 11.1846
    endloop
  endfacet
  facet normal 0 -1 0
    outer loop
      vertex -5.21651 40.5 16
      vertex -0.92891 40.5 11.0622
      vertex -0.624289 40.5 11.1385
    endloop
  endfacet
  facet normal 0 -1 0
    outer loop
      vertex -5.21651 40.5 16
      vertex -1.22459 40.5 10.9564
      vertex -0.92891 40.5 11.0622
    endloop
  endfacet
  facet normal 0 -1 0
    outer loop
      vertex -5.21651 40.5 16
      vertex -1.50847 40.5 10.8221
      vertex -1.22459 40.5 10.9564
    endloop
  endfacet
  facet normal 0 -1 0
    outer loop
      vertex -5.21651 40.5 16
      vertex -1.77782 40.5 10.6607
      vertex -1.50847 40.5 10.8221
    endloop
  endfacet
  facet normal 0 -1 0
    outer loop
      vertex -5.21651 40.5 16
      vertex -2.03006 40.5 10.4736
      vertex -1.77782 40.5 10.6607
    endloop
  endfacet
  facet normal 0 -1 0
    outer loop
      vertex -5.21651 40.5 16
      vertex -2.26274 40.5 10.2627
      vertex -2.03006 40.5 10.4736
    endloop
  endfacet
  facet normal 0 -1 0
    outer loop
      vertex -5.21651 40.5 16
      vertex -2.47363 40.5 10.0301
      vertex -2.26274 40.5 10.2627
    endloop
  endfacet
  facet normal 0 -1 0
    outer loop
      vertex -5.21651 40.5 16
      vertex -2.6607 40.5 9.77782
      vertex -2.47363 40.5 10.0301
    endloop
  endfacet
  facet normal 0 -1 0
    outer loop
      vertex -5.21651 40.5 16
      vertex -2.82215 40.5 9.50847
      vertex -2.6607 40.5 9.77782
    endloop
  endfacet
  facet normal 0 -1 0
    outer loop
      vertex -5.21651 40.5 16
      vertex -2.95641 40.5 9.22459
      vertex -2.82215 40.5 9.50847
    endloop
  endfacet
  facet normal 0 -1 0
    outer loop
      vertex -5.21651 40.5 16
      vertex -3.06221 40.5 8.92891
      vertex -2.95641 40.5 9.22459
    endloop
  endfacet
  facet normal 0 -1 0
    outer loop
      vertex -5.21651 40.5 16
      vertex -3.13851 40.5 8.62429
      vertex -3.06221 40.5 8.92891
    endloop
  endfacet
  facet normal 0 -1 0
    outer loop
      vertex -5.21651 40.5 4.98825
      vertex -3.13851 40.5 8.62429
      vertex -5.21651 40.5 16
    endloop
  endfacet
  facet normal 0 -1 0
    outer loop
      vertex -3.13851 40.5 8.62429
      vertex -5.21651 40.5 4.98825
      vertex -3.18459 40.5 8.31365
    endloop
  endfacet
  facet normal 0 -1 0
    outer loop
      vertex -3.18459 40.5 8.31365
      vertex -5.21651 40.5 4.98825
      vertex -3.2 40.5 8
    endloop
  endfacet
  facet normal 0 -1 -0
    outer loop
      vertex -3.2 40.5 8
      vertex -5.21651 40.5 4.98825
      vertex -3.18459 40.5 7.68635
    endloop
  endfacet
  facet normal 0 -1 -0
    outer loop
      vertex -3.18459 40.5 7.68635
      vertex -5.21651 40.5 4.98825
      vertex -3.13851 40.5 7.37571
    endloop
  endfacet
  facet normal 0 -1 0
    outer loop
      vertex -5.21651 40.5 4.98825
      vertex -3.06221 40.5 7.07109
      vertex -3.13851 40.5 7.37571
    endloop
  endfacet
  facet normal 0 -1 0
    outer loop
      vertex -5.21651 40.5 4.98825
      vertex -2.95641 40.5 6.77541
      vertex -3.06221 40.5 7.07109
    endloop
  endfacet
  facet normal 0 -1 0
    outer loop
      vertex -5.21651 40.5 4.98825
      vertex -2.82215 40.5 6.49153
      vertex -2.95641 40.5 6.77541
    endloop
  endfacet
  facet normal 0 -1 0
    outer loop
      vertex -5.21651 40.5 4.98825
      vertex -2.6607 40.5 6.22217
      vertex -2.82215 40.5 6.49153
    endloop
  endfacet
  facet normal 0 -1 0
    outer loop
      vertex -5.21651 40.5 4.98825
      vertex -2.47363 40.5 5.96994
      vertex -2.6607 40.5 6.22217
    endloop
  endfacet
  facet normal 0 -1 0
    outer loop
      vertex -5.21651 40.5 4.98825
      vertex -2.26274 40.5 5.73726
      vertex -2.47363 40.5 5.96994
    endloop
  endfacet
  facet normal 0 -1 0
    outer loop
      vertex -5.21651 40.5 4.98825
      vertex -2.03006 40.5 5.52637
      vertex -2.26274 40.5 5.73726
    endloop
  endfacet
  facet normal 0 -1 0
    outer loop
      vertex -5.21651 40.5 4.98825
      vertex -1.77782 40.5 5.3393
      vertex -2.03006 40.5 5.52637
    endloop
  endfacet
  facet normal 0 -1 0
    outer loop
      vertex -5.21651 40.5 4.98825
      vertex -1.50847 40.5 5.17785
      vertex -1.77782 40.5 5.3393
    endloop
  endfacet
  facet normal 0 -1 0
    outer loop
      vertex 0 40.5 1.9765
      vertex -1.50847 40.5 5.17785
      vertex -5.21651 40.5 4.98825
    endloop
  endfacet
  facet normal 0 -1 0
    outer loop
      vertex -1.50847 40.5 5.17785
      vertex 0 40.5 1.9765
      vertex -1.22459 40.5 5.04358
    endloop
  endfacet
  facet normal 0 -1 0
    outer loop
      vertex -1.22459 40.5 5.04358
      vertex 0 40.5 1.9765
      vertex -0.92891 40.5 4.93779
    endloop
  endfacet
  facet normal 0 -1 0
    outer loop
      vertex -0.92891 40.5 4.93779
      vertex 0 40.5 1.9765
      vertex -0.624289 40.5 4.86149
    endloop
  endfacet
  facet normal 0 -1 0
    outer loop
      vertex -0.624289 40.5 4.86149
      vertex 0 40.5 1.9765
      vertex -0.313654 40.5 4.81541
    endloop
  endfacet
  facet normal 0 -1 0
    outer loop
      vertex -0.313654 40.5 4.81541
      vertex 0 40.5 1.9765
      vertex 0 40.5 4.8
    endloop
  endfacet
  facet normal 0 -1 0
    outer loop
      vertex 0.313654 40.5 11.1846
      vertex 5.21651 40.5 16
      vertex 0 40.5 11.2
    endloop
  endfacet
  facet normal 0 -1 0
    outer loop
      vertex 0.624289 40.5 11.1385
      vertex 5.21651 40.5 16
      vertex 0.313654 40.5 11.1846
    endloop
  endfacet
  facet normal 0 -1 0
    outer loop
      vertex 0.92891 40.5 11.0622
      vertex 5.21651 40.5 16
      vertex 0.624289 40.5 11.1385
    endloop
  endfacet
  facet normal 0 -1 0
    outer loop
      vertex 1.22459 40.5 10.9564
      vertex 5.21651 40.5 16
      vertex 0.92891 40.5 11.0622
    endloop
  endfacet
  facet normal 0 -1 0
    outer loop
      vertex 1.50847 40.5 10.8221
      vertex 5.21651 40.5 16
      vertex 1.22459 40.5 10.9564
    endloop
  endfacet
  facet normal 0 -1 0
    outer loop
      vertex 1.77782 40.5 10.6607
      vertex 5.21651 40.5 16
      vertex 1.50847 40.5 10.8221
    endloop
  endfacet
  facet normal 0 -1 0
    outer loop
      vertex 2.03006 40.5 10.4736
      vertex 5.21651 40.5 16
      vertex 1.77782 40.5 10.6607
    endloop
  endfacet
  facet normal 0 -1 0
    outer loop
      vertex 2.26274 40.5 10.2627
      vertex 5.21651 40.5 16
      vertex 2.03006 40.5 10.4736
    endloop
  endfacet
  facet normal 0 -1 0
    outer loop
      vertex 2.47363 40.5 10.0301
      vertex 5.21651 40.5 16
      vertex 2.26274 40.5 10.2627
    endloop
  endfacet
  facet normal 0 -1 0
    outer loop
      vertex 2.6607 40.5 9.77782
      vertex 5.21651 40.5 16
      vertex 2.47363 40.5 10.0301
    endloop
  endfacet
  facet normal 0 -1 0
    outer loop
      vertex 2.82215 40.5 9.50847
      vertex 5.21651 40.5 16
      vertex 2.6607 40.5 9.77782
    endloop
  endfacet
  facet normal 0 -1 0
    outer loop
      vertex 2.95641 40.5 9.22459
      vertex 5.21651 40.5 16
      vertex 2.82215 40.5 9.50847
    endloop
  endfacet
  facet normal 0 -1 0
    outer loop
      vertex 3.06221 40.5 8.92891
      vertex 5.21651 40.5 16
      vertex 2.95641 40.5 9.22459
    endloop
  endfacet
  facet normal 0 -1 0
    outer loop
      vertex 3.13851 40.5 8.62429
      vertex 5.21651 40.5 16
      vertex 3.06221 40.5 8.92891
    endloop
  endfacet
  facet normal 0 -1 0
    outer loop
      vertex 5.21651 40.5 4.98825
      vertex 3.13851 40.5 8.62429
      vertex 3.18459 40.5 8.31365
    endloop
  endfacet
  facet normal 0 -1 0
    outer loop
      vertex 5.21651 40.5 4.98825
      vertex 3.18459 40.5 8.31365
      vertex 3.2 40.5 8
    endloop
  endfacet
  facet normal 0 -1 0
    outer loop
      vertex 5.21651 40.5 4.98825
      vertex 3.2 40.5 8
      vertex 3.18459 40.5 7.68635
    endloop
  endfacet
  facet normal 0 -1 0
    outer loop
      vertex 5.21651 40.5 4.98825
      vertex 3.18459 40.5 7.68635
      vertex 3.13851 40.5 7.37571
    endloop
  endfacet
  facet normal 0 -1 0
    outer loop
      vertex 3.13851 40.5 8.62429
      vertex 5.21651 40.5 4.98825
      vertex 5.21651 40.5 16
    endloop
  endfacet
  facet normal 0 -1 0
    outer loop
      vertex 3.06221 40.5 7.07109
      vertex 5.21651 40.5 4.98825
      vertex 3.13851 40.5 7.37571
    endloop
  endfacet
  facet normal 0 -1 0
    outer loop
      vertex 2.95641 40.5 6.77541
      vertex 5.21651 40.5 4.98825
      vertex 3.06221 40.5 7.07109
    endloop
  endfacet
  facet normal 0 -1 0
    outer loop
      vertex 2.82215 40.5 6.49153
      vertex 5.21651 40.5 4.98825
      vertex 2.95641 40.5 6.77541
    endloop
  endfacet
  facet normal 0 -1 0
    outer loop
      vertex 2.6607 40.5 6.22217
      vertex 5.21651 40.5 4.98825
      vertex 2.82215 40.5 6.49153
    endloop
  endfacet
  facet normal 0 -1 0
    outer loop
      vertex 2.47363 40.5 5.96994
      vertex 5.21651 40.5 4.98825
      vertex 2.6607 40.5 6.22217
    endloop
  endfacet
  facet normal 0 -1 0
    outer loop
      vertex 2.26274 40.5 5.73726
      vertex 5.21651 40.5 4.98825
      vertex 2.47363 40.5 5.96994
    endloop
  endfacet
  facet normal 0 -1 0
    outer loop
      vertex 2.03006 40.5 5.52637
      vertex 5.21651 40.5 4.98825
      vertex 2.26274 40.5 5.73726
    endloop
  endfacet
  facet normal 0 -1 0
    outer loop
      vertex 1.77782 40.5 5.3393
      vertex 5.21651 40.5 4.98825
      vertex 2.03006 40.5 5.52637
    endloop
  endfacet
  facet normal 0 -1 0
    outer loop
      vertex 1.50847 40.5 5.17785
      vertex 5.21651 40.5 4.98825
      vertex 1.77782 40.5 5.3393
    endloop
  endfacet
  facet normal 0 -1 0
    outer loop
      vertex 0 40.5 1.9765
      vertex 1.50847 40.5 5.17785
      vertex 1.22459 40.5 5.04358
    endloop
  endfacet
  facet normal 0 -1 0
    outer loop
      vertex 0 40.5 1.9765
      vertex 1.22459 40.5 5.04358
      vertex 0.92891 40.5 4.93779
    endloop
  endfacet
  facet normal 0 -1 0
    outer loop
      vertex 0 40.5 1.9765
      vertex 0.92891 40.5 4.93779
      vertex 0.624289 40.5 4.86149
    endloop
  endfacet
  facet normal 0 -1 0
    outer loop
      vertex 0 40.5 1.9765
      vertex 0.624289 40.5 4.86149
      vertex 0.313654 40.5 4.81541
    endloop
  endfacet
  facet normal 0 -1 0
    outer loop
      vertex 0 40.5 1.9765
      vertex 0.313654 40.5 4.81541
      vertex 0 40.5 4.8
    endloop
  endfacet
  facet normal 0 -1 -0
    outer loop
      vertex 1.50847 40.5 5.17785
      vertex 0 40.5 1.9765
      vertex 5.21651 40.5 4.98825
    endloop
  endfacet
  facet normal 0 1 0
    outer loop
      vertex 5.21651 34 16
      vertex 0 34 11.2
      vertex -5.21651 34 16
    endloop
  endfacet
  facet normal 0 1 0
    outer loop
      vertex 5.21651 34 16
      vertex 0.313654 34 11.1846
      vertex 0 34 11.2
    endloop
  endfacet
  facet normal 0 1 0
    outer loop
      vertex 5.21651 34 16
      vertex 0.624289 34 11.1385
      vertex 0.313654 34 11.1846
    endloop
  endfacet
  facet normal 0 1 0
    outer loop
      vertex 5.21651 34 16
      vertex 0.92891 34 11.0622
      vertex 0.624289 34 11.1385
    endloop
  endfacet
  facet normal 0 1 0
    outer loop
      vertex 5.21651 34 16
      vertex 1.22459 34 10.9564
      vertex 0.92891 34 11.0622
    endloop
  endfacet
  facet normal 0 1 0
    outer loop
      vertex 5.21651 34 16
      vertex 1.50847 34 10.8221
      vertex 1.22459 34 10.9564
    endloop
  endfacet
  facet normal 0 1 0
    outer loop
      vertex 5.21651 34 16
      vertex 1.77782 34 10.6607
      vertex 1.50847 34 10.8221
    endloop
  endfacet
  facet normal 0 1 0
    outer loop
      vertex 5.21651 34 16
      vertex 2.03006 34 10.4736
      vertex 1.77782 34 10.6607
    endloop
  endfacet
  facet normal 0 1 0
    outer loop
      vertex 5.21651 34 16
      vertex 2.26274 34 10.2627
      vertex 2.03006 34 10.4736
    endloop
  endfacet
  facet normal 0 1 0
    outer loop
      vertex 5.21651 34 16
      vertex 2.47363 34 10.0301
      vertex 2.26274 34 10.2627
    endloop
  endfacet
  facet normal 0 1 0
    outer loop
      vertex 5.21651 34 16
      vertex 2.6607 34 9.77782
      vertex 2.47363 34 10.0301
    endloop
  endfacet
  facet normal 0 1 0
    outer loop
      vertex 5.21651 34 16
      vertex 2.82215 34 9.50847
      vertex 2.6607 34 9.77782
    endloop
  endfacet
  facet normal 0 1 0
    outer loop
      vertex 5.21651 34 16
      vertex 2.95641 34 9.22459
      vertex 2.82215 34 9.50847
    endloop
  endfacet
  facet normal 0 1 0
    outer loop
      vertex 5.21651 34 16
      vertex 3.06221 34 8.92891
      vertex 2.95641 34 9.22459
    endloop
  endfacet
  facet normal 0 1 0
    outer loop
      vertex 5.21651 34 16
      vertex 3.13851 34 8.62429
      vertex 3.06221 34 8.92891
    endloop
  endfacet
  facet normal 0 1 -0
    outer loop
      vertex 5.21651 34 4.98825
      vertex 3.13851 34 8.62429
      vertex 5.21651 34 16
    endloop
  endfacet
  facet normal 0 1 0
    outer loop
      vertex 3.13851 34 8.62429
      vertex 5.21651 34 4.98825
      vertex 3.18459 34 8.31365
    endloop
  endfacet
  facet normal 0 1 0
    outer loop
      vertex 3.18459 34 8.31365
      vertex 5.21651 34 4.98825
      vertex 3.2 34 8
    endloop
  endfacet
  facet normal 0 1 0
    outer loop
      vertex 3.2 34 8
      vertex 5.21651 34 4.98825
      vertex 3.18459 34 7.68635
    endloop
  endfacet
  facet normal 0 1 0
    outer loop
      vertex 3.18459 34 7.68635
      vertex 5.21651 34 4.98825
      vertex 3.13851 34 7.37571
    endloop
  endfacet
  facet normal 0 1 0
    outer loop
      vertex 5.21651 34 4.98825
      vertex 3.06221 34 7.07109
      vertex 3.13851 34 7.37571
    endloop
  endfacet
  facet normal 0 1 0
    outer loop
      vertex 5.21651 34 4.98825
      vertex 2.95641 34 6.77541
      vertex 3.06221 34 7.07109
    endloop
  endfacet
  facet normal 0 1 0
    outer loop
      vertex 5.21651 34 4.98825
      vertex 2.82215 34 6.49153
      vertex 2.95641 34 6.77541
    endloop
  endfacet
  facet normal 0 1 0
    outer loop
      vertex 5.21651 34 4.98825
      vertex 2.6607 34 6.22217
      vertex 2.82215 34 6.49153
    endloop
  endfacet
  facet normal 0 1 0
    outer loop
      vertex 5.21651 34 4.98825
      vertex 2.47363 34 5.96994
      vertex 2.6607 34 6.22217
    endloop
  endfacet
  facet normal 0 1 0
    outer loop
      vertex 5.21651 34 4.98825
      vertex 2.26274 34 5.73726
      vertex 2.47363 34 5.96994
    endloop
  endfacet
  facet normal 0 1 0
    outer loop
      vertex 5.21651 34 4.98825
      vertex 2.03006 34 5.52637
      vertex 2.26274 34 5.73726
    endloop
  endfacet
  facet normal 0 1 0
    outer loop
      vertex 5.21651 34 4.98825
      vertex 1.77782 34 5.3393
      vertex 2.03006 34 5.52637
    endloop
  endfacet
  facet normal 0 1 0
    outer loop
      vertex 5.21651 34 4.98825
      vertex 1.50847 34 5.17785
      vertex 1.77782 34 5.3393
    endloop
  endfacet
  facet normal 0 1 0
    outer loop
      vertex 0 34 1.9765
      vertex 1.50847 34 5.17785
      vertex 5.21651 34 4.98825
    endloop
  endfacet
  facet normal 0 1 0
    outer loop
      vertex 1.50847 34 5.17785
      vertex 0 34 1.9765
      vertex 1.22459 34 5.04358
    endloop
  endfacet
  facet normal 0 1 0
    outer loop
      vertex 1.22459 34 5.04358
      vertex 0 34 1.9765
      vertex 0.92891 34 4.93779
    endloop
  endfacet
  facet normal 0 1 0
    outer loop
      vertex 0.92891 34 4.93779
      vertex 0 34 1.9765
      vertex 0.624289 34 4.86149
    endloop
  endfacet
  facet normal 0 1 0
    outer loop
      vertex 0.624289 34 4.86149
      vertex 0 34 1.9765
      vertex 0.313654 34 4.81541
    endloop
  endfacet
  facet normal 0 1 0
    outer loop
      vertex 0.313654 34 4.81541
      vertex 0 34 1.9765
      vertex 0 34 4.8
    endloop
  endfacet
  facet normal 0 1 -0
    outer loop
      vertex -0.313654 34 11.1846
      vertex -5.21651 34 16
      vertex 0 34 11.2
    endloop
  endfacet
  facet normal 0 1 -0
    outer loop
      vertex -0.624289 34 11.1385
      vertex -5.21651 34 16
      vertex -0.313654 34 11.1846
    endloop
  endfacet
  facet normal 0 1 -0
    outer loop
      vertex -0.92891 34 11.0622
      vertex -5.21651 34 16
      vertex -0.624289 34 11.1385
    endloop
  endfacet
  facet normal 0 1 -0
    outer loop
      vertex -1.22459 34 10.9564
      vertex -5.21651 34 16
      vertex -0.92891 34 11.0622
    endloop
  endfacet
  facet normal 0 1 -0
    outer loop
      vertex -1.50847 34 10.8221
      vertex -5.21651 34 16
      vertex -1.22459 34 10.9564
    endloop
  endfacet
  facet normal 0 1 -0
    outer loop
      vertex -1.77782 34 10.6607
      vertex -5.21651 34 16
      vertex -1.50847 34 10.8221
    endloop
  endfacet
  facet normal 0 1 -0
    outer loop
      vertex -2.03006 34 10.4736
      vertex -5.21651 34 16
      vertex -1.77782 34 10.6607
    endloop
  endfacet
  facet normal 0 1 -0
    outer loop
      vertex -2.26274 34 10.2627
      vertex -5.21651 34 16
      vertex -2.03006 34 10.4736
    endloop
  endfacet
  facet normal 0 1 -0
    outer loop
      vertex -2.47363 34 10.0301
      vertex -5.21651 34 16
      vertex -2.26274 34 10.2627
    endloop
  endfacet
  facet normal 0 1 -0
    outer loop
      vertex -2.6607 34 9.77782
      vertex -5.21651 34 16
      vertex -2.47363 34 10.0301
    endloop
  endfacet
  facet normal 0 1 -0
    outer loop
      vertex -2.82215 34 9.50847
      vertex -5.21651 34 16
      vertex -2.6607 34 9.77782
    endloop
  endfacet
  facet normal 0 1 -0
    outer loop
      vertex -2.95641 34 9.22459
      vertex -5.21651 34 16
      vertex -2.82215 34 9.50847
    endloop
  endfacet
  facet normal 0 1 -0
    outer loop
      vertex -3.06221 34 8.92891
      vertex -5.21651 34 16
      vertex -2.95641 34 9.22459
    endloop
  endfacet
  facet normal 0 1 -0
    outer loop
      vertex -3.13851 34 8.62429
      vertex -5.21651 34 16
      vertex -3.06221 34 8.92891
    endloop
  endfacet
  facet normal 0 1 0
    outer loop
      vertex -5.21651 34 4.98825
      vertex -3.13851 34 8.62429
      vertex -3.18459 34 8.31365
    endloop
  endfacet
  facet normal 0 1 0
    outer loop
      vertex -5.21651 34 4.98825
      vertex -3.18459 34 8.31365
      vertex -3.2 34 8
    endloop
  endfacet
  facet normal 0 1 0
    outer loop
      vertex -5.21651 34 4.98825
      vertex -3.2 34 8
      vertex -3.18459 34 7.68635
    endloop
  endfacet
  facet normal 0 1 0
    outer loop
      vertex -5.21651 34 4.98825
      vertex -3.18459 34 7.68635
      vertex -3.13851 34 7.37571
    endloop
  endfacet
  facet normal 0 1 0
    outer loop
      vertex -3.13851 34 8.62429
      vertex -5.21651 34 4.98825
      vertex -5.21651 34 16
    endloop
  endfacet
  facet normal 0 1 0
    outer loop
      vertex -3.06221 34 7.07109
      vertex -5.21651 34 4.98825
      vertex -3.13851 34 7.37571
    endloop
  endfacet
  facet normal 0 1 0
    outer loop
      vertex -2.95641 34 6.77541
      vertex -5.21651 34 4.98825
      vertex -3.06221 34 7.07109
    endloop
  endfacet
  facet normal 0 1 0
    outer loop
      vertex -2.82215 34 6.49153
      vertex -5.21651 34 4.98825
      vertex -2.95641 34 6.77541
    endloop
  endfacet
  facet normal 0 1 0
    outer loop
      vertex -2.6607 34 6.22217
      vertex -5.21651 34 4.98825
      vertex -2.82215 34 6.49153
    endloop
  endfacet
  facet normal 0 1 0
    outer loop
      vertex -2.47363 34 5.96994
      vertex -5.21651 34 4.98825
      vertex -2.6607 34 6.22217
    endloop
  endfacet
  facet normal 0 1 0
    outer loop
      vertex -2.26274 34 5.73726
      vertex -5.21651 34 4.98825
      vertex -2.47363 34 5.96994
    endloop
  endfacet
  facet normal 0 1 0
    outer loop
      vertex -2.03006 34 5.52637
      vertex -5.21651 34 4.98825
      vertex -2.26274 34 5.73726
    endloop
  endfacet
  facet normal 0 1 0
    outer loop
      vertex -1.77782 34 5.3393
      vertex -5.21651 34 4.98825
      vertex -2.03006 34 5.52637
    endloop
  endfacet
  facet normal 0 1 0
    outer loop
      vertex -1.50847 34 5.17785
      vertex -5.21651 34 4.98825
      vertex -1.77782 34 5.3393
    endloop
  endfacet
  facet normal 0 1 0
    outer loop
      vertex 0 34 1.9765
      vertex -1.50847 34 5.17785
      vertex -1.22459 34 5.04358
    endloop
  endfacet
  facet normal 0 1 0
    outer loop
      vertex 0 34 1.9765
      vertex -1.22459 34 5.04358
      vertex -0.92891 34 4.93779
    endloop
  endfacet
  facet normal 0 1 0
    outer loop
      vertex 0 34 1.9765
      vertex -0.92891 34 4.93779
      vertex -0.624289 34 4.86149
    endloop
  endfacet
  facet normal 0 1 0
    outer loop
      vertex 0 34 1.9765
      vertex -0.624289 34 4.86149
      vertex -0.313654 34 4.81541
    endloop
  endfacet
  facet normal 0 1 -0
    outer loop
      vertex 0 34 1.9765
      vertex -0.313654 34 4.81541
      vertex 0 34 4.8
    endloop
  endfacet
  facet normal 0 1 0
    outer loop
      vertex -1.50847 34 5.17785
      vertex 0 34 1.9765
      vertex -5.21651 34 4.98825
    endloop
  endfacet
  facet normal -0 0 1
    outer loop
      vertex 5.21651 40 8
      vertex 11 34.5 8
      vertex 11 40 8
    endloop
  endfacet
  facet normal 0 0 1
    outer loop
      vertex 11 34.5 8
      vertex 5.21651 40 8
      vertex 5.21651 34.5 8
    endloop
  endfacet
  facet normal 0 -1 0
    outer loop
      vertex 5.21651 40 8
      vertex 11 40 16
      vertex 5.21651 40 16
    endloop
  endfacet
  facet normal 0 -1 -0
    outer loop
      vertex 11 40 16
      vertex 5.21651 40 8
      vertex 11 40 8
    endloop
  endfacet
  facet normal 0 1 -0
    outer loop
      vertex 11 34.5 8
      vertex 5.21651 34.5 16
      vertex 11 34.5 16
    endloop
  endfacet
  facet normal 0 1 0
    outer loop
      vertex 5.21651 34.5 16
      vertex 11 34.5 8
      vertex 5.21651 34.5 8
    endloop
  endfacet
endsolid OpenSCAD_Model
